[2026-09-08 22:01:00] local.ERROR: View path not found. {"exception":"[object] (RuntimeException(code: 0): View path not found. at C:/xampp5/htdocs/Project_SIMRS/mediscare/vendor/laravel/framework/src/Illuminate/Foundation/Console/ViewClearCommand.php:59)
[stacktrace]
#0 C:/xampp5/htdocs/Project_SIMRS/mediscare/vendor/laravel/framework/src/Illuminate/Container/BoundMethod.php(36): Illuminate/Foundation/Console/ViewClearCommand->handle()
#1 C:/xampp5/htdocs/Project_SIMRS/mediscare/vendor/laravel/framework/src/Illuminate/Container/Util.php(43): Illuminate/Container/BoundMethod::{closure:Illuminate/Container/BoundMethod::call():35}()
#2 C:/xampp5/htdocs/Project_SIMRS/mediscare/vendor/laravel/framework/src/Illuminate/Container/BoundMethod.php(95): Illuminate/Container/Util::unwrapIfClosure()
#3 C:/xampp5/htdocs/Project_SIMRS/mediscare/vendor/laravel/framework/src/Illuminate/Container/BoundMethod.php(35): Illuminate/Container/BoundMethod::callBoundMethod()
#4 C:/xampp5/htdocs/Project_SIMRS/mediscare/vendor/laravel/framework/src/Illuminate/Container/Container.php(696): Illuminate/Container/BoundMethod::call()
#5 C:/xampp5/htdocs/Project_SIMRS/mediscare/vendor/laravel/framework/src/Illuminate/Console/Command.php(213): Illuminate/Container/Container->call()
#6 C:/xampp5/htdocs/Project_SIMRS/mediscare/vendor/symfony/console/Command/Command.php(341): Illuminate/Console/Command->execute()
#7 C:/xampp5/htdocs/Project_SIMRS/mediscare/vendor/laravel/framework/src/Illuminate/Console/Command.php(182): Symfony/Component/Console/Command/Command->run()
#8 C:/xampp5/htdocs/Project_SIMRS/mediscare/vendor/symfony/console/Application.php(1117): Illuminate/Console/Command->run()
#9 C:/xampp5/htdocs/Project_SIMRS/mediscare/vendor/symfony/console/Application.php(356): Symfony/Component/Console/Application->doRunCommand()
#10 C:/xampp5/htdocs/Project_SIMRS/mediscare/vendor/symfony/console/Application.php(195): Symfony/Component/Console/Application->doRun()
#11 C:/xampp5/htdocs/Project_SIMRS/mediscare/vendor/laravel/framework/src/Illuminate/Foundation/Console/Kernel.php(198): Symfony/Component/Console/Application->run()
#12 C:/xampp5/htdocs/Project_SIMRS/mediscare/vendor/laravel/framework/src/Illuminate/Foundation/Application.php(1235): Illuminate/Foundation/Console/Kernel->handle()
#13 C:/xampp5/htdocs/Project_SIMRS/mediscare/artisan(13): Illuminate/Foundation/Application->handleCommand()
#14 {main}
"} 
[2026-09-08 22:11:44] local.ERROR: Class "App\Http\Controllers\Controller" not found {"exception":"[object] (Error(code: 0): Class \"App\\Http\\Controllers\\Controller\" not found at C:/xampp5/htdocs/Project_SIMRS/mediscare/app/Http/Controllers/Web/Auth/LoginController.php:13)
[stacktrace]
#0 C:/xampp5/htdocs/Project_SIMRS/mediscare/vendor/composer/ClassLoader.php(576): include()
#1 C:/xampp5/htdocs/Project_SIMRS/mediscare/vendor/composer/ClassLoader.php(427): {closure:Composer/Autoload/ClassLoader::initializeIncludeClosure():575}()
#2 [internal function]: Composer/Autoload/ClassLoader->loadClass()
#3 C:/xampp5/htdocs/Project_SIMRS/mediscare/vendor/laravel/framework/src/Illuminate/Routing/Route.php(1117): is_a()
#4 C:/xampp5/htdocs/Project_SIMRS/mediscare/vendor/laravel/framework/src/Illuminate/Routing/Route.php(1054): Illuminate/Routing/Route->controllerMiddleware()
#5 C:/xampp5/htdocs/Project_SIMRS/mediscare/vendor/laravel/framework/src/Illuminate/Routing/Router.php(820): Illuminate/Routing/Route->gatherMiddleware()
#6 C:/xampp5/htdocs/Project_SIMRS/mediscare/vendor/laravel/framework/src/Illuminate/Routing/Router.php(802): Illuminate/Routing/Router->gatherRouteMiddleware()
#7 C:/xampp5/htdocs/Project_SIMRS/mediscare/vendor/laravel/framework/src/Illuminate/Routing/Router.php(786): Illuminate/Routing/Router->runRouteWithinStack()
#8 C:/xampp5/htdocs/Project_SIMRS/mediscare/vendor/laravel/framework/src/Illuminate/Routing/Router.php(750): Illuminate/Routing/Router->runRoute()
#9 C:/xampp5/htdocs/Project_SIMRS/mediscare/vendor/laravel/framework/src/Illuminate/Routing/Router.php(739): Illuminate/Routing/Router->dispatchToRoute()
#10 C:/xampp5/htdocs/Project_SIMRS/mediscare/vendor/laravel/framework/src/Illuminate/Foundation/Http/Kernel.php(201): Illuminate/Routing/Router->dispatch()
#11 C:/xampp5/htdocs/Project_SIMRS/mediscare/vendor/laravel/framework/src/Illuminate/Pipeline/Pipeline.php(170): Illuminate/Foundation/Http/Kernel->{closure:Illuminate/Foundation/Http/Kernel::dispatchToRouter():198}()
#12 C:/xampp5/htdocs/Project_SIMRS/mediscare/vendor/laravel/framework/src/Illuminate/Foundation/Http/Middleware/TransformsRequest.php(21): Illuminate/Pipeline/Pipeline->{closure:Illuminate/Pipeline/Pipeline::prepareDestination():168}()
#13 C:/xampp5/htdocs/Project_SIMRS/mediscare/vendor/laravel/framework/src/Illuminate/Foundation/Http/Middleware/ConvertEmptyStringsToNull.php(31): Illuminate/Foundation/Http/Middleware/TransformsRequest->handle()
#14 C:/xampp5/htdocs/Project_SIMRS/mediscare/vendor/laravel/framework/src/Illuminate/Pipeline/Pipeline.php(209): Illuminate/Foundation/Http/Middleware/ConvertEmptyStringsToNull->handle()
#15 C:/xampp5/htdocs/Project_SIMRS/mediscare/vendor/laravel/framework/src/Illuminate/Foundation/Http/Middleware/TransformsRequest.php(21): Illuminate/Pipeline/Pipeline->{closure:{closure:Illuminate/Pipeline/Pipeline::carry():184}:185}()
#16 C:/xampp5/htdocs/Project_SIMRS/mediscare/vendor/laravel/framework/src/Illuminate/Foundation/Http/Middleware/TrimStrings.php(51): Illuminate/Foundation/Http/Middleware/TransformsRequest->handle()
#17 C:/xampp5/htdocs/Project_SIMRS/mediscare/vendor/laravel/framework/src/Illuminate/Pipeline/Pipeline.php(209): Illuminate/Foundation/Http/Middleware/TrimStrings->handle()
#18 C:/xampp5/htdocs/Project_SIMRS/mediscare/vendor/laravel/framework/src/Illuminate/Http/Middleware/ValidatePostSize.php(27): Illuminate/Pipeline/Pipeline->{closure:{closure:Illuminate/Pipeline/Pipeline::carry():184}:185}()
#19 C:/xampp5/htdocs/Project_SIMRS/mediscare/vendor/laravel/framework/src/Illuminate/Pipeline/Pipeline.php(209): Illuminate/Http/Middleware/ValidatePostSize->handle()
#20 C:/xampp5/htdocs/Project_SIMRS/mediscare/vendor/laravel/framework/src/Illuminate/Foundation/Http/Middleware/PreventRequestsDuringMaintenance.php(110): Illuminate/Pipeline/Pipeline->{closure:{closure:Illuminate/Pipeline/Pipeline::carry():184}:185}()
#21 C:/xampp5/htdocs/Project_SIMRS/mediscare/vendor/laravel/framework/src/Illuminate/Pipeline/Pipeline.php(209): Illuminate/Foundation/Http/Middleware/PreventRequestsDuringMaintenance->handle()
#22 C:/xampp5/htdocs/Project_SIMRS/mediscare/vendor/laravel/framework/src/Illuminate/Http/Middleware/HandleCors.php(49): Illuminate/Pipeline/Pipeline->{closure:{closure:Illuminate/Pipeline/Pipeline::carry():184}:185}()
#23 C:/xampp5/htdocs/Project_SIMRS/mediscare/vendor/laravel/framework/src/Illuminate/Pipeline/Pipeline.php(209): Illuminate/Http/Middleware/HandleCors->handle()
#24 C:/xampp5/htdocs/Project_SIMRS/mediscare/vendor/laravel/framework/src/Illuminate/Http/Middleware/TrustProxies.php(58): Illuminate/Pipeline/Pipeline->{closure:{closure:Illuminate/Pipeline/Pipeline::carry():184}:185}()
#25 C:/xampp5/htdocs/Project_SIMRS/mediscare/vendor/laravel/framework/src/Illuminate/Pipeline/Pipeline.php(209): Illuminate/Http/Middleware/TrustProxies->handle()
#26 C:/xampp5/htdocs/Project_SIMRS/mediscare/vendor/laravel/framework/src/Illuminate/Foundation/Http/Middleware/InvokeDeferredCallbacks.php(22): Illuminate/Pipeline/Pipeline->{closure:{closure:Illuminate/Pipeline/Pipeline::carry():184}:185}()
#27 C:/xampp5/htdocs/Project_SIMRS/mediscare/vendor/laravel/framework/src/Illuminate/Pipeline/Pipeline.php(209): Illuminate/Foundation/Http/Middleware/InvokeDeferredCallbacks->handle()
#28 C:/xampp5/htdocs/Project_SIMRS/mediscare/vendor/laravel/framework/src/Illuminate/Pipeline/Pipeline.php(127): Illuminate/Pipeline/Pipeline->{closure:{closure:Illuminate/Pipeline/Pipeline::carry():184}:185}()
#29 C:/xampp5/htdocs/Project_SIMRS/mediscare/vendor/laravel/framework/src/Illuminate/Foundation/Http/Kernel.php(176): Illuminate/Pipeline/Pipeline->then()
#30 C:/xampp5/htdocs/Project_SIMRS/mediscare/vendor/laravel/framework/src/Illuminate/Foundation/Http/Kernel.php(145): Illuminate/Foundation/Http/Kernel->sendRequestThroughRouter()
#31 C:/xampp5/htdocs/Project_SIMRS/mediscare/vendor/laravel/framework/src/Illuminate/Foundation/Application.php(1220): Illuminate/Foundation/Http/Kernel->handle()
#32 C:/xampp5/htdocs/Project_SIMRS/mediscare/public/index.php(17): Illuminate/Foundation/Application->handleRequest()
#33 C:/xampp5/htdocs/Project_SIMRS/mediscare/vendor/laravel/framework/src/Illuminate/Foundation/resources/server.php(23): require_once('...')
#34 {main}
"} 
[2026-09-08 22:35:46] local.ERROR: Call to undefined method App\Http\Controllers\Web\InvoiceController::authorize() {"userId":1,"exception":"[object] (Error(code: 0): Call to undefined method App\\Http\\Controllers\\Web\\InvoiceController::authorize() at C:/xampp5/htdocs/Project_SIMRS/mediscare/app/Http/Controllers/Web/InvoiceController.php:22)
[stacktrace]
#0 C:/xampp5/htdocs/Project_SIMRS/mediscare/vendor/laravel/framework/src/Illuminate/Routing/ControllerDispatcher.php(47): App/Http/Controllers/Web/InvoiceController->index()
#1 C:/xampp5/htdocs/Project_SIMRS/mediscare/vendor/laravel/framework/src/Illuminate/Routing/Route.php(266): Illuminate/Routing/ControllerDispatcher->dispatch()
#2 C:/xampp5/htdocs/Project_SIMRS/mediscare/vendor/laravel/framework/src/Illuminate/Routing/Route.php(212): Illuminate/Routing/Route->runController()
#3 C:/xampp5/htdocs/Project_SIMRS/mediscare/vendor/laravel/framework/src/Illuminate/Routing/Router.php(808): Illuminate/Routing/Route->run()
#4 C:/xampp5/htdocs/Project_SIMRS/mediscare/vendor/laravel/framework/src/Illuminate/Pipeline/Pipeline.php(170): Illuminate/Routing/Router->{closure:Illuminate/Routing/Router::runRouteWithinStack():807}()
#5 C:/xampp5/htdocs/Project_SIMRS/mediscare/app/Http/Middleware/CheckPermission.php(21): Illuminate/Pipeline/Pipeline->{closure:Illuminate/Pipeline/Pipeline::prepareDestination():168}()
#6 C:/xampp5/htdocs/Project_SIMRS/mediscare/vendor/laravel/framework/src/Illuminate/Pipeline/Pipeline.php(209): App/Http/Middleware/CheckPermission->handle()
#7 C:/xampp5/htdocs/Project_SIMRS/mediscare/app/Http/Middleware/EnsureSessionIsFresh.php(31): Illuminate/Pipeline/Pipeline->{closure:{closure:Illuminate/Pipeline/Pipeline::carry():184}:185}()
#8 C:/xampp5/htdocs/Project_SIMRS/mediscare/vendor/laravel/framework/src/Illuminate/Pipeline/Pipeline.php(209): App/Http/Middleware/EnsureSessionIsFresh->handle()
#9 C:/xampp5/htdocs/Project_SIMRS/mediscare/vendor/laravel/framework/src/Illuminate/Routing/Middleware/SubstituteBindings.php(51): Illuminate/Pipeline/Pipeline->{closure:{closure:Illuminate/Pipeline/Pipeline::carry():184}:185}()
#10 C:/xampp5/htdocs/Project_SIMRS/mediscare/vendor/laravel/framework/src/Illuminate/Pipeline/Pipeline.php(209): Illuminate/Routing/Middleware/SubstituteBindings->handle()
#11 C:/xampp5/htdocs/Project_SIMRS/mediscare/vendor/laravel/framework/src/Illuminate/Auth/Middleware/Authenticate.php(64): Illuminate/Pipeline/Pipeline->{closure:{closure:Illuminate/Pipeline/Pipeline::carry():184}:185}()
#12 C:/xampp5/htdocs/Project_SIMRS/mediscare/vendor/laravel/framework/src/Illuminate/Pipeline/Pipeline.php(209): Illuminate/Auth/Middleware/Authenticate->handle()
#13 C:/xampp5/htdocs/Project_SIMRS/mediscare/vendor/laravel/framework/src/Illuminate/Foundation/Http/Middleware/VerifyCsrfToken.php(88): Illuminate/Pipeline/Pipeline->{closure:{closure:Illuminate/Pipeline/Pipeline::carry():184}:185}()
#14 C:/xampp5/htdocs/Project_SIMRS/mediscare/vendor/laravel/framework/src/Illuminate/Pipeline/Pipeline.php(209): Illuminate/Foundation/Http/Middleware/VerifyCsrfToken->handle()
#15 C:/xampp5/htdocs/Project_SIMRS/mediscare/vendor/laravel/framework/src/Illuminate/View/Middleware/ShareErrorsFromSession.php(49): Illuminate/Pipeline/Pipeline->{closure:{closure:Illuminate/Pipeline/Pipeline::carry():184}:185}()
#16 C:/xampp5/htdocs/Project_SIMRS/mediscare/vendor/laravel/framework/src/Illuminate/Pipeline/Pipeline.php(209): Illuminate/View/Middleware/ShareErrorsFromSession->handle()
#17 C:/xampp5/htdocs/Project_SIMRS/mediscare/vendor/laravel/framework/src/Illuminate/Session/Middleware/StartSession.php(121): Illuminate/Pipeline/Pipeline->{closure:{closure:Illuminate/Pipeline/Pipeline::carry():184}:185}()
#18 C:/xampp5/htdocs/Project_SIMRS/mediscare/vendor/laravel/framework/src/Illuminate/Session/Middleware/StartSession.php(64): Illuminate/Session/Middleware/StartSession->handleStatefulRequest()
#19 C:/xampp5/htdocs/Project_SIMRS/mediscare/vendor/laravel/framework/src/Illuminate/Pipeline/Pipeline.php(209): Illuminate/Session/Middleware/StartSession->handle()
#20 C:/xampp5/htdocs/Project_SIMRS/mediscare/vendor/laravel/framework/src/Illuminate/Cookie/Middleware/AddQueuedCookiesToResponse.php(37): Illuminate/Pipeline/Pipeline->{closure:{closure:Illuminate/Pipeline/Pipeline::carry():184}:185}()
#21 C:/xampp5/htdocs/Project_SIMRS/mediscare/vendor/laravel/framework/src/Illuminate/Pipeline/Pipeline.php(209): Illuminate/Cookie/Middleware/AddQueuedCookiesToResponse->handle()
#22 C:/xampp5/htdocs/Project_SIMRS/mediscare/vendor/laravel/framework/src/Illuminate/Cookie/Middleware/EncryptCookies.php(75): Illuminate/Pipeline/Pipeline->{closure:{closure:Illuminate/Pipeline/Pipeline::carry():184}:185}()
#23 C:/xampp5/htdocs/Project_SIMRS/mediscare/vendor/laravel/framework/src/Illuminate/Pipeline/Pipeline.php(209): Illuminate/Cookie/Middleware/EncryptCookies->handle()
#24 C:/xampp5/htdocs/Project_SIMRS/mediscare/vendor/laravel/framework/src/Illuminate/Pipeline/Pipeline.php(127): Illuminate/Pipeline/Pipeline->{closure:{closure:Illuminate/Pipeline/Pipeline::carry():184}:185}()
#25 C:/xampp5/htdocs/Project_SIMRS/mediscare/vendor/laravel/framework/src/Illuminate/Routing/Router.php(807): Illuminate/Pipeline/Pipeline->then()
#26 C:/xampp5/htdocs/Project_SIMRS/mediscare/vendor/laravel/framework/src/Illuminate/Routing/Router.php(786): Illuminate/Routing/Router->runRouteWithinStack()
#27 C:/xampp5/htdocs/Project_SIMRS/mediscare/vendor/laravel/framework/src/Illuminate/Routing/Router.php(750): Illuminate/Routing/Router->runRoute()
#28 C:/xampp5/htdocs/Project_SIMRS/mediscare/vendor/laravel/framework/src/Illuminate/Routing/Router.php(739): Illuminate/Routing/Router->dispatchToRoute()
#29 C:/xampp5/htdocs/Project_SIMRS/mediscare/vendor/laravel/framework/src/Illuminate/Foundation/Http/Kernel.php(201): Illuminate/Routing/Router->dispatch()
#30 C:/xampp5/htdocs/Project_SIMRS/mediscare/vendor/laravel/framework/src/Illuminate/Pipeline/Pipeline.php(170): Illuminate/Foundation/Http/Kernel->{closure:Illuminate/Foundation/Http/Kernel::dispatchToRouter():198}()
#31 C:/xampp5/htdocs/Project_SIMRS/mediscare/vendor/laravel/framework/src/Illuminate/Foundation/Http/Middleware/TransformsRequest.php(21): Illuminate/Pipeline/Pipeline->{closure:Illuminate/Pipeline/Pipeline::prepareDestination():168}()
#32 C:/xampp5/htdocs/Project_SIMRS/mediscare/vendor/laravel/framework/src/Illuminate/Foundation/Http/Middleware/ConvertEmptyStringsToNull.php(31): Illuminate/Foundation/Http/Middleware/TransformsRequest->handle()
#33 C:/xampp5/htdocs/Project_SIMRS/mediscare/vendor/laravel/framework/src/Illuminate/Pipeline/Pipeline.php(209): Illuminate/Foundation/Http/Middleware/ConvertEmptyStringsToNull->handle()
#34 C:/xampp5/htdocs/Project_SIMRS/mediscare/vendor/laravel/framework/src/Illuminate/Foundation/Http/Middleware/TransformsRequest.php(21): Illuminate/Pipeline/Pipeline->{closure:{closure:Illuminate/Pipeline/Pipeline::carry():184}:185}()
#35 C:/xampp5/htdocs/Project_SIMRS/mediscare/vendor/laravel/framework/src/Illuminate/Foundation/Http/Middleware/TrimStrings.php(51): Illuminate/Foundation/Http/Middleware/TransformsRequest->handle()
#36 C:/xampp5/htdocs/Project_SIMRS/mediscare/vendor/laravel/framework/src/Illuminate/Pipeline/Pipeline.php(209): Illuminate/Foundation/Http/Middleware/TrimStrings->handle()
#37 C:/xampp5/htdocs/Project_SIMRS/mediscare/vendor/laravel/framework/src/Illuminate/Http/Middleware/ValidatePostSize.php(27): Illuminate/Pipeline/Pipeline->{closure:{closure:Illuminate/Pipeline/Pipeline::carry():184}:185}()
#38 C:/xampp5/htdocs/Project_SIMRS/mediscare/vendor/laravel/framework/src/Illuminate/Pipeline/Pipeline.php(209): Illuminate/Http/Middleware/ValidatePostSize->handle()
#39 C:/xampp5/htdocs/Project_SIMRS/mediscare/vendor/laravel/framework/src/Illuminate/Foundation/Http/Middleware/PreventRequestsDuringMaintenance.php(110): Illuminate/Pipeline/Pipeline->{closure:{closure:Illuminate/Pipeline/Pipeline::carry():184}:185}()
#40 C:/xampp5/htdocs/Project_SIMRS/mediscare/vendor/laravel/framework/src/Illuminate/Pipeline/Pipeline.php(209): Illuminate/Foundation/Http/Middleware/PreventRequestsDuringMaintenance->handle()
#41 C:/xampp5/htdocs/Project_SIMRS/mediscare/vendor/laravel/framework/src/Illuminate/Http/Middleware/HandleCors.php(49): Illuminate/Pipeline/Pipeline->{closure:{closure:Illuminate/Pipeline/Pipeline::carry():184}:185}()
#42 C:/xampp5/htdocs/Project_SIMRS/mediscare/vendor/laravel/framework/src/Illuminate/Pipeline/Pipeline.php(209): Illuminate/Http/Middleware/HandleCors->handle()
#43 C:/xampp5/htdocs/Project_SIMRS/mediscare/vendor/laravel/framework/src/Illuminate/Http/Middleware/TrustProxies.php(58): Illuminate/Pipeline/Pipeline->{closure:{closure:Illuminate/Pipeline/Pipeline::carry():184}:185}()
#44 C:/xampp5/htdocs/Project_SIMRS/mediscare/vendor/laravel/framework/src/Illuminate/Pipeline/Pipeline.php(209): Illuminate/Http/Middleware/TrustProxies->handle()
#45 C:/xampp5/htdocs/Project_SIMRS/mediscare/vendor/laravel/framework/src/Illuminate/Foundation/Http/Middleware/InvokeDeferredCallbacks.php(22): Illuminate/Pipeline/Pipeline->{closure:{closure:Illuminate/Pipeline/Pipeline::carry():184}:185}()
#46 C:/xampp5/htdocs/Project_SIMRS/mediscare/vendor/laravel/framework/src/Illuminate/Pipeline/Pipeline.php(209): Illuminate/Foundation/Http/Middleware/InvokeDeferredCallbacks->handle()
#47 C:/xampp5/htdocs/Project_SIMRS/mediscare/vendor/laravel/framework/src/Illuminate/Pipeline/Pipeline.php(127): Illuminate/Pipeline/Pipeline->{closure:{closure:Illuminate/Pipeline/Pipeline::carry():184}:185}()
#48 C:/xampp5/htdocs/Project_SIMRS/mediscare/vendor/laravel/framework/src/Illuminate/Foundation/Http/Kernel.php(176): Illuminate/Pipeline/Pipeline->then()
#49 C:/xampp5/htdocs/Project_SIMRS/mediscare/vendor/laravel/framework/src/Illuminate/Foundation/Http/Kernel.php(145): Illuminate/Foundation/Http/Kernel->sendRequestThroughRouter()
#50 C:/xampp5/htdocs/Project_SIMRS/mediscare/vendor/laravel/framework/src/Illuminate/Foundation/Application.php(1220): Illuminate/Foundation/Http/Kernel->handle()
#51 C:/xampp5/htdocs/Project_SIMRS/mediscare/public/index.php(17): Illuminate/Foundation/Application->handleRequest()
#52 C:/xampp5/htdocs/Project_SIMRS/mediscare/vendor/laravel/framework/src/Illuminate/Foundation/resources/server.php(23): require_once('...')
#53 {main}
"} 
[2026-09-08 22:38:30] local.ERROR: Call to undefined method App\Http\Controllers\Web\InvoiceController::authorize() {"userId":1,"exception":"[object] (Error(code: 0): Call to undefined method App\\Http\\Controllers\\Web\\InvoiceController::authorize() at C:/xampp5/htdocs/Project_SIMRS/mediscare/app/Http/Controllers/Web/InvoiceController.php:22)
[stacktrace]
#0 C:/xampp5/htdocs/Project_SIMRS/mediscare/vendor/laravel/framework/src/Illuminate/Routing/ControllerDispatcher.php(47): App/Http/Controllers/Web/InvoiceController->index()
#1 C:/xampp5/htdocs/Project_SIMRS/mediscare/vendor/laravel/framework/src/Illuminate/Routing/Route.php(266): Illuminate/Routing/ControllerDispatcher->dispatch()
#2 C:/xampp5/htdocs/Project_SIMRS/mediscare/vendor/laravel/framework/src/Illuminate/Routing/Route.php(212): Illuminate/Routing/Route->runController()
#3 C:/xampp5/htdocs/Project_SIMRS/mediscare/vendor/laravel/framework/src/Illuminate/Routing/Router.php(808): Illuminate/Routing/Route->run()
#4 C:/xampp5/htdocs/Project_SIMRS/mediscare/vendor/laravel/framework/src/Illuminate/Pipeline/Pipeline.php(170): Illuminate/Routing/Router->{closure:Illuminate/Routing/Router::runRouteWithinStack():807}()
#5 C:/xampp5/htdocs/Project_SIMRS/mediscare/app/Http/Middleware/CheckPermission.php(21): Illuminate/Pipeline/Pipeline->{closure:Illuminate/Pipeline/Pipeline::prepareDestination():168}()
#6 C:/xampp5/htdocs/Project_SIMRS/mediscare/vendor/laravel/framework/src/Illuminate/Pipeline/Pipeline.php(209): App/Http/Middleware/CheckPermission->handle()
#7 C:/xampp5/htdocs/Project_SIMRS/mediscare/app/Http/Middleware/EnsureSessionIsFresh.php(31): Illuminate/Pipeline/Pipeline->{closure:{closure:Illuminate/Pipeline/Pipeline::carry():184}:185}()
#8 C:/xampp5/htdocs/Project_SIMRS/mediscare/vendor/laravel/framework/src/Illuminate/Pipeline/Pipeline.php(209): App/Http/Middleware/EnsureSessionIsFresh->handle()
#9 C:/xampp5/htdocs/Project_SIMRS/mediscare/vendor/laravel/framework/src/Illuminate/Routing/Middleware/SubstituteBindings.php(51): Illuminate/Pipeline/Pipeline->{closure:{closure:Illuminate/Pipeline/Pipeline::carry():184}:185}()
#10 C:/xampp5/htdocs/Project_SIMRS/mediscare/vendor/laravel/framework/src/Illuminate/Pipeline/Pipeline.php(209): Illuminate/Routing/Middleware/SubstituteBindings->handle()
#11 C:/xampp5/htdocs/Project_SIMRS/mediscare/vendor/laravel/framework/src/Illuminate/Auth/Middleware/Authenticate.php(64): Illuminate/Pipeline/Pipeline->{closure:{closure:Illuminate/Pipeline/Pipeline::carry():184}:185}()
#12 C:/xampp5/htdocs/Project_SIMRS/mediscare/vendor/laravel/framework/src/Illuminate/Pipeline/Pipeline.php(209): Illuminate/Auth/Middleware/Authenticate->handle()
#13 C:/xampp5/htdocs/Project_SIMRS/mediscare/vendor/laravel/framework/src/Illuminate/Foundation/Http/Middleware/VerifyCsrfToken.php(88): Illuminate/Pipeline/Pipeline->{closure:{closure:Illuminate/Pipeline/Pipeline::carry():184}:185}()
#14 C:/xampp5/htdocs/Project_SIMRS/mediscare/vendor/laravel/framework/src/Illuminate/Pipeline/Pipeline.php(209): Illuminate/Foundation/Http/Middleware/VerifyCsrfToken->handle()
#15 C:/xampp5/htdocs/Project_SIMRS/mediscare/vendor/laravel/framework/src/Illuminate/View/Middleware/ShareErrorsFromSession.php(49): Illuminate/Pipeline/Pipeline->{closure:{closure:Illuminate/Pipeline/Pipeline::carry():184}:185}()
#16 C:/xampp5/htdocs/Project_SIMRS/mediscare/vendor/laravel/framework/src/Illuminate/Pipeline/Pipeline.php(209): Illuminate/View/Middleware/ShareErrorsFromSession->handle()
#17 C:/xampp5/htdocs/Project_SIMRS/mediscare/vendor/laravel/framework/src/Illuminate/Session/Middleware/StartSession.php(121): Illuminate/Pipeline/Pipeline->{closure:{closure:Illuminate/Pipeline/Pipeline::carry():184}:185}()
#18 C:/xampp5/htdocs/Project_SIMRS/mediscare/vendor/laravel/framework/src/Illuminate/Session/Middleware/StartSession.php(64): Illuminate/Session/Middleware/StartSession->handleStatefulRequest()
#19 C:/xampp5/htdocs/Project_SIMRS/mediscare/vendor/laravel/framework/src/Illuminate/Pipeline/Pipeline.php(209): Illuminate/Session/Middleware/StartSession->handle()
#20 C:/xampp5/htdocs/Project_SIMRS/mediscare/vendor/laravel/framework/src/Illuminate/Cookie/Middleware/AddQueuedCookiesToResponse.php(37): Illuminate/Pipeline/Pipeline->{closure:{closure:Illuminate/Pipeline/Pipeline::carry():184}:185}()
#21 C:/xampp5/htdocs/Project_SIMRS/mediscare/vendor/laravel/framework/src/Illuminate/Pipeline/Pipeline.php(209): Illuminate/Cookie/Middleware/AddQueuedCookiesToResponse->handle()
#22 C:/xampp5/htdocs/Project_SIMRS/mediscare/vendor/laravel/framework/src/Illuminate/Cookie/Middleware/EncryptCookies.php(75): Illuminate/Pipeline/Pipeline->{closure:{closure:Illuminate/Pipeline/Pipeline::carry():184}:185}()
#23 C:/xampp5/htdocs/Project_SIMRS/mediscare/vendor/laravel/framework/src/Illuminate/Pipeline/Pipeline.php(209): Illuminate/Cookie/Middleware/EncryptCookies->handle()
#24 C:/xampp5/htdocs/Project_SIMRS/mediscare/vendor/laravel/framework/src/Illuminate/Pipeline/Pipeline.php(127): Illuminate/Pipeline/Pipeline->{closure:{closure:Illuminate/Pipeline/Pipeline::carry():184}:185}()
#25 C:/xampp5/htdocs/Project_SIMRS/mediscare/vendor/laravel/framework/src/Illuminate/Routing/Router.php(807): Illuminate/Pipeline/Pipeline->then()
#26 C:/xampp5/htdocs/Project_SIMRS/mediscare/vendor/laravel/framework/src/Illuminate/Routing/Router.php(786): Illuminate/Routing/Router->runRouteWithinStack()
#27 C:/xampp5/htdocs/Project_SIMRS/mediscare/vendor/laravel/framework/src/Illuminate/Routing/Router.php(750): Illuminate/Routing/Router->runRoute()
#28 C:/xampp5/htdocs/Project_SIMRS/mediscare/vendor/laravel/framework/src/Illuminate/Routing/Router.php(739): Illuminate/Routing/Router->dispatchToRoute()
#29 C:/xampp5/htdocs/Project_SIMRS/mediscare/vendor/laravel/framework/src/Illuminate/Foundation/Http/Kernel.php(201): Illuminate/Routing/Router->dispatch()
#30 C:/xampp5/htdocs/Project_SIMRS/mediscare/vendor/laravel/framework/src/Illuminate/Pipeline/Pipeline.php(170): Illuminate/Foundation/Http/Kernel->{closure:Illuminate/Foundation/Http/Kernel::dispatchToRouter():198}()
#31 C:/xampp5/htdocs/Project_SIMRS/mediscare/vendor/laravel/framework/src/Illuminate/Foundation/Http/Middleware/TransformsRequest.php(21): Illuminate/Pipeline/Pipeline->{closure:Illuminate/Pipeline/Pipeline::prepareDestination():168}()
#32 C:/xampp5/htdocs/Project_SIMRS/mediscare/vendor/laravel/framework/src/Illuminate/Foundation/Http/Middleware/ConvertEmptyStringsToNull.php(31): Illuminate/Foundation/Http/Middleware/TransformsRequest->handle()
#33 C:/xampp5/htdocs/Project_SIMRS/mediscare/vendor/laravel/framework/src/Illuminate/Pipeline/Pipeline.php(209): Illuminate/Foundation/Http/Middleware/ConvertEmptyStringsToNull->handle()
#34 C:/xampp5/htdocs/Project_SIMRS/mediscare/vendor/laravel/framework/src/Illuminate/Foundation/Http/Middleware/TransformsRequest.php(21): Illuminate/Pipeline/Pipeline->{closure:{closure:Illuminate/Pipeline/Pipeline::carry():184}:185}()
#35 C:/xampp5/htdocs/Project_SIMRS/mediscare/vendor/laravel/framework/src/Illuminate/Foundation/Http/Middleware/TrimStrings.php(51): Illuminate/Foundation/Http/Middleware/TransformsRequest->handle()
#36 C:/xampp5/htdocs/Project_SIMRS/mediscare/vendor/laravel/framework/src/Illuminate/Pipeline/Pipeline.php(209): Illuminate/Foundation/Http/Middleware/TrimStrings->handle()
#37 C:/xampp5/htdocs/Project_SIMRS/mediscare/vendor/laravel/framework/src/Illuminate/Http/Middleware/ValidatePostSize.php(27): Illuminate/Pipeline/Pipeline->{closure:{closure:Illuminate/Pipeline/Pipeline::carry():184}:185}()
#38 C:/xampp5/htdocs/Project_SIMRS/mediscare/vendor/laravel/framework/src/Illuminate/Pipeline/Pipeline.php(209): Illuminate/Http/Middleware/ValidatePostSize->handle()
#39 C:/xampp5/htdocs/Project_SIMRS/mediscare/vendor/laravel/framework/src/Illuminate/Foundation/Http/Middleware/PreventRequestsDuringMaintenance.php(110): Illuminate/Pipeline/Pipeline->{closure:{closure:Illuminate/Pipeline/Pipeline::carry():184}:185}()
#40 C:/xampp5/htdocs/Project_SIMRS/mediscare/vendor/laravel/framework/src/Illuminate/Pipeline/Pipeline.php(209): Illuminate/Foundation/Http/Middleware/PreventRequestsDuringMaintenance->handle()
#41 C:/xampp5/htdocs/Project_SIMRS/mediscare/vendor/laravel/framework/src/Illuminate/Http/Middleware/HandleCors.php(49): Illuminate/Pipeline/Pipeline->{closure:{closure:Illuminate/Pipeline/Pipeline::carry():184}:185}()
#42 C:/xampp5/htdocs/Project_SIMRS/mediscare/vendor/laravel/framework/src/Illuminate/Pipeline/Pipeline.php(209): Illuminate/Http/Middleware/HandleCors->handle()
#43 C:/xampp5/htdocs/Project_SIMRS/mediscare/vendor/laravel/framework/src/Illuminate/Http/Middleware/TrustProxies.php(58): Illuminate/Pipeline/Pipeline->{closure:{closure:Illuminate/Pipeline/Pipeline::carry():184}:185}()
#44 C:/xampp5/htdocs/Project_SIMRS/mediscare/vendor/laravel/framework/src/Illuminate/Pipeline/Pipeline.php(209): Illuminate/Http/Middleware/TrustProxies->handle()
#45 C:/xampp5/htdocs/Project_SIMRS/mediscare/vendor/laravel/framework/src/Illuminate/Foundation/Http/Middleware/InvokeDeferredCallbacks.php(22): Illuminate/Pipeline/Pipeline->{closure:{closure:Illuminate/Pipeline/Pipeline::carry():184}:185}()
#46 C:/xampp5/htdocs/Project_SIMRS/mediscare/vendor/laravel/framework/src/Illuminate/Pipeline/Pipeline.php(209): Illuminate/Foundation/Http/Middleware/InvokeDeferredCallbacks->handle()
#47 C:/xampp5/htdocs/Project_SIMRS/mediscare/vendor/laravel/framework/src/Illuminate/Pipeline/Pipeline.php(127): Illuminate/Pipeline/Pipeline->{closure:{closure:Illuminate/Pipeline/Pipeline::carry():184}:185}()
#48 C:/xampp5/htdocs/Project_SIMRS/mediscare/vendor/laravel/framework/src/Illuminate/Foundation/Http/Kernel.php(176): Illuminate/Pipeline/Pipeline->then()
#49 C:/xampp5/htdocs/Project_SIMRS/mediscare/vendor/laravel/framework/src/Illuminate/Foundation/Http/Kernel.php(145): Illuminate/Foundation/Http/Kernel->sendRequestThroughRouter()
#50 C:/xampp5/htdocs/Project_SIMRS/mediscare/vendor/laravel/framework/src/Illuminate/Foundation/Application.php(1220): Illuminate/Foundation/Http/Kernel->handle()
#51 C:/xampp5/htdocs/Project_SIMRS/mediscare/public/index.php(17): Illuminate/Foundation/Application->handleRequest()
#52 C:/xampp5/htdocs/Project_SIMRS/mediscare/vendor/laravel/framework/src/Illuminate/Foundation/resources/server.php(23): require_once('...')
#53 {main}
"} 
[2026-09-08 23:26:11] local.ERROR: PHP Parse error: Syntax error, unexpected T_NS_SEPARATOR on line 1 {"exception":"[object] (Psy\\Exception\\ParseErrorException(code: 0): PHP Parse error: Syntax error, unexpected T_NS_SEPARATOR on line 1 at C:/xampp5/htdocs/Project_SIMRS/mediscare/vendor/psy/psysh/src/Exception/ParseErrorException.php:44)
[stacktrace]
#0 C:/xampp5/htdocs/Project_SIMRS/mediscare/vendor/psy/psysh/src/CodeCleaner.php(657): Psy/Exception/ParseErrorException::fromParseError()
#1 C:/xampp5/htdocs/Project_SIMRS/mediscare/vendor/psy/psysh/src/CodeCleaner.php(273): Psy/CodeCleaner->parse()
#2 C:/xampp5/htdocs/Project_SIMRS/mediscare/vendor/psy/psysh/src/Shell.php(1399): Psy/CodeCleaner->clean()
#3 C:/xampp5/htdocs/Project_SIMRS/mediscare/vendor/psy/psysh/src/Shell.php(1506): Psy/Shell->appendCode()
#4 C:/xampp5/htdocs/Project_SIMRS/mediscare/vendor/psy/psysh/src/Shell.php(2215): Psy/Shell->setCode()
#5 C:/xampp5/htdocs/Project_SIMRS/mediscare/vendor/laravel/tinker/src/Console/TinkerCommand.php(77): Psy/Shell->execute()
#6 C:/xampp5/htdocs/Project_SIMRS/mediscare/vendor/laravel/framework/src/Illuminate/Container/BoundMethod.php(36): Laravel/Tinker/Console/TinkerCommand->handle()
#7 C:/xampp5/htdocs/Project_SIMRS/mediscare/vendor/laravel/framework/src/Illuminate/Container/Util.php(43): Illuminate/Container/BoundMethod::{closure:Illuminate/Container/BoundMethod::call():35}()
#8 C:/xampp5/htdocs/Project_SIMRS/mediscare/vendor/laravel/framework/src/Illuminate/Container/BoundMethod.php(95): Illuminate/Container/Util::unwrapIfClosure()
#9 C:/xampp5/htdocs/Project_SIMRS/mediscare/vendor/laravel/framework/src/Illuminate/Container/BoundMethod.php(35): Illuminate/Container/BoundMethod::callBoundMethod()
#10 C:/xampp5/htdocs/Project_SIMRS/mediscare/vendor/laravel/framework/src/Illuminate/Container/Container.php(696): Illuminate/Container/BoundMethod::call()
#11 C:/xampp5/htdocs/Project_SIMRS/mediscare/vendor/laravel/framework/src/Illuminate/Console/Command.php(213): Illuminate/Container/Container->call()
#12 C:/xampp5/htdocs/Project_SIMRS/mediscare/vendor/symfony/console/Command/Command.php(341): Illuminate/Console/Command->execute()
#13 C:/xampp5/htdocs/Project_SIMRS/mediscare/vendor/laravel/framework/src/Illuminate/Console/Command.php(182): Symfony/Component/Console/Command/Command->run()
#14 C:/xampp5/htdocs/Project_SIMRS/mediscare/vendor/symfony/console/Application.php(1117): Illuminate/Console/Command->run()
#15 C:/xampp5/htdocs/Project_SIMRS/mediscare/vendor/symfony/console/Application.php(356): Symfony/Component/Console/Application->doRunCommand()
#16 C:/xampp5/htdocs/Project_SIMRS/mediscare/vendor/symfony/console/Application.php(195): Symfony/Component/Console/Application->doRun()
#17 C:/xampp5/htdocs/Project_SIMRS/mediscare/vendor/laravel/framework/src/Illuminate/Foundation/Console/Kernel.php(198): Symfony/Component/Console/Application->run()
#18 C:/xampp5/htdocs/Project_SIMRS/mediscare/vendor/laravel/framework/src/Illuminate/Foundation/Application.php(1235): Illuminate/Foundation/Console/Kernel->handle()
#19 C:/xampp5/htdocs/Project_SIMRS/mediscare/artisan(13): Illuminate/Foundation/Application->handleCommand()
#20 {main}
"} 
[2026-09-08 23:28:34] testing.ERROR: SQLSTATE[HY000]: General error: 1 no such column: YEAR (Connection: sqlite, SQL: select 
                CASE
                    WHEN TIMESTAMPDIFF(YEAR, birth_date, CURDATE()) < 12 THEN 'Anak (0-11)'
                    WHEN TIMESTAMPDIFF(YEAR, birth_date, CURDATE()) < 18 THEN 'Remaja (12-17)'
                    WHEN TIMESTAMPDIFF(YEAR, birth_date, CURDATE()) < 60 THEN 'Dewasa (18-59)'
                    ELSE 'Lansia (60+)'
                END as age_group,
                count(*) as total
             from "patients" where "patients"."deleted_at" is null group by "age_group") {"userId":1,"exception":"[object] (Illuminate\\Database\\QueryException(code: HY000): SQLSTATE[HY000]: General error: 1 no such column: YEAR (Connection: sqlite, SQL: select 
                CASE
                    WHEN TIMESTAMPDIFF(YEAR, birth_date, CURDATE()) < 12 THEN 'Anak (0-11)'
                    WHEN TIMESTAMPDIFF(YEAR, birth_date, CURDATE()) < 18 THEN 'Remaja (12-17)'
                    WHEN TIMESTAMPDIFF(YEAR, birth_date, CURDATE()) < 60 THEN 'Dewasa (18-59)'
                    ELSE 'Lansia (60+)'
                END as age_group,
                count(*) as total
             from \"patients\" where \"patients\".\"deleted_at\" is null group by \"age_group\") at C:/xampp5/htdocs/Project_SIMRS/mediscare/vendor/laravel/framework/src/Illuminate/Database/Connection.php:825)
[stacktrace]
#0 C:/xampp5/htdocs/Project_SIMRS/mediscare/vendor/laravel/framework/src/Illuminate/Database/Connection.php(779): Illuminate/Database/Connection->runQueryCallback()
#1 C:/xampp5/htdocs/Project_SIMRS/mediscare/vendor/laravel/framework/src/Illuminate/Database/Connection.php(398): Illuminate/Database/Connection->run()
#2 C:/xampp5/htdocs/Project_SIMRS/mediscare/vendor/laravel/framework/src/Illuminate/Database/Query/Builder.php(3106): Illuminate/Database/Connection->select()
#3 C:/xampp5/htdocs/Project_SIMRS/mediscare/vendor/laravel/framework/src/Illuminate/Database/Query/Builder.php(3362): Illuminate/Database/Query/Builder->runSelect()
#4 C:/xampp5/htdocs/Project_SIMRS/mediscare/vendor/laravel/framework/src/Illuminate/Database/Query/Builder.php(3676): Illuminate/Database/Query/Builder->{closure:Illuminate/Database/Query/Builder::pluck():3360}()
#5 C:/xampp5/htdocs/Project_SIMRS/mediscare/vendor/laravel/framework/src/Illuminate/Database/Query/Builder.php(3358): Illuminate/Database/Query/Builder->onceWithColumns()
#6 C:/xampp5/htdocs/Project_SIMRS/mediscare/vendor/laravel/framework/src/Illuminate/Database/Eloquent/Builder.php(991): Illuminate/Database/Query/Builder->pluck()
#7 C:/xampp5/htdocs/Project_SIMRS/mediscare/app/Http/Controllers/Web/DashboardController.php(92): Illuminate/Database/Eloquent/Builder->pluck()
#8 C:/xampp5/htdocs/Project_SIMRS/mediscare/app/Http/Controllers/Web/DashboardController.php(57): App/Http/Controllers/Web/DashboardController->chartData()
#9 C:/xampp5/htdocs/Project_SIMRS/mediscare/app/Http/Controllers/Web/DashboardController.php(36): App/Http/Controllers/Web/DashboardController->fullStats()
#10 C:/xampp5/htdocs/Project_SIMRS/mediscare/vendor/laravel/framework/src/Illuminate/Routing/ControllerDispatcher.php(47): App/Http/Controllers/Web/DashboardController->index()
#11 C:/xampp5/htdocs/Project_SIMRS/mediscare/vendor/laravel/framework/src/Illuminate/Routing/Route.php(266): Illuminate/Routing/ControllerDispatcher->dispatch()
#12 C:/xampp5/htdocs/Project_SIMRS/mediscare/vendor/laravel/framework/src/Illuminate/Routing/Route.php(212): Illuminate/Routing/Route->runController()
#13 C:/xampp5/htdocs/Project_SIMRS/mediscare/vendor/laravel/framework/src/Illuminate/Routing/Router.php(808): Illuminate/Routing/Route->run()
#14 C:/xampp5/htdocs/Project_SIMRS/mediscare/vendor/laravel/framework/src/Illuminate/Pipeline/Pipeline.php(170): Illuminate/Routing/Router->{closure:Illuminate/Routing/Router::runRouteWithinStack():807}()
#15 C:/xampp5/htdocs/Project_SIMRS/mediscare/app/Http/Middleware/EnsureSessionIsFresh.php(31): Illuminate/Pipeline/Pipeline->{closure:Illuminate/Pipeline/Pipeline::prepareDestination():168}()
#16 C:/xampp5/htdocs/Project_SIMRS/mediscare/vendor/laravel/framework/src/Illuminate/Pipeline/Pipeline.php(209): App/Http/Middleware/EnsureSessionIsFresh->handle()
#17 C:/xampp5/htdocs/Project_SIMRS/mediscare/vendor/laravel/framework/src/Illuminate/Routing/Middleware/SubstituteBindings.php(51): Illuminate/Pipeline/Pipeline->{closure:{closure:Illuminate/Pipeline/Pipeline::carry():184}:185}()
#18 C:/xampp5/htdocs/Project_SIMRS/mediscare/vendor/laravel/framework/src/Illuminate/Pipeline/Pipeline.php(209): Illuminate/Routing/Middleware/SubstituteBindings->handle()
#19 C:/xampp5/htdocs/Project_SIMRS/mediscare/vendor/laravel/framework/src/Illuminate/Auth/Middleware/Authenticate.php(64): Illuminate/Pipeline/Pipeline->{closure:{closure:Illuminate/Pipeline/Pipeline::carry():184}:185}()
#20 C:/xampp5/htdocs/Project_SIMRS/mediscare/vendor/laravel/framework/src/Illuminate/Pipeline/Pipeline.php(209): Illuminate/Auth/Middleware/Authenticate->handle()
#21 C:/xampp5/htdocs/Project_SIMRS/mediscare/vendor/laravel/framework/src/Illuminate/Foundation/Http/Middleware/VerifyCsrfToken.php(88): Illuminate/Pipeline/Pipeline->{closure:{closure:Illuminate/Pipeline/Pipeline::carry():184}:185}()
#22 C:/xampp5/htdocs/Project_SIMRS/mediscare/vendor/laravel/framework/src/Illuminate/Pipeline/Pipeline.php(209): Illuminate/Foundation/Http/Middleware/VerifyCsrfToken->handle()
#23 C:/xampp5/htdocs/Project_SIMRS/mediscare/vendor/laravel/framework/src/Illuminate/View/Middleware/ShareErrorsFromSession.php(49): Illuminate/Pipeline/Pipeline->{closure:{closure:Illuminate/Pipeline/Pipeline::carry():184}:185}()
#24 C:/xampp5/htdocs/Project_SIMRS/mediscare/vendor/laravel/framework/src/Illuminate/Pipeline/Pipeline.php(209): Illuminate/View/Middleware/ShareErrorsFromSession->handle()
#25 C:/xampp5/htdocs/Project_SIMRS/mediscare/vendor/laravel/framework/src/Illuminate/Session/Middleware/StartSession.php(121): Illuminate/Pipeline/Pipeline->{closure:{closure:Illuminate/Pipeline/Pipeline::carry():184}:185}()
#26 C:/xampp5/htdocs/Project_SIMRS/mediscare/vendor/laravel/framework/src/Illuminate/Session/Middleware/StartSession.php(64): Illuminate/Session/Middleware/StartSession->handleStatefulRequest()
#27 C:/xampp5/htdocs/Project_SIMRS/mediscare/vendor/laravel/framework/src/Illuminate/Pipeline/Pipeline.php(209): Illuminate/Session/Middleware/StartSession->handle()
#28 C:/xampp5/htdocs/Project_SIMRS/mediscare/vendor/laravel/framework/src/Illuminate/Cookie/Middleware/AddQueuedCookiesToResponse.php(37): Illuminate/Pipeline/Pipeline->{closure:{closure:Illuminate/Pipeline/Pipeline::carry():184}:185}()
#29 C:/xampp5/htdocs/Project_SIMRS/mediscare/vendor/laravel/framework/src/Illuminate/Pipeline/Pipeline.php(209): Illuminate/Cookie/Middleware/AddQueuedCookiesToResponse->handle()
#30 C:/xampp5/htdocs/Project_SIMRS/mediscare/vendor/laravel/framework/src/Illuminate/Cookie/Middleware/EncryptCookies.php(75): Illuminate/Pipeline/Pipeline->{closure:{closure:Illuminate/Pipeline/Pipeline::carry():184}:185}()
#31 C:/xampp5/htdocs/Project_SIMRS/mediscare/vendor/laravel/framework/src/Illuminate/Pipeline/Pipeline.php(209): Illuminate/Cookie/Middleware/EncryptCookies->handle()
#32 C:/xampp5/htdocs/Project_SIMRS/mediscare/vendor/laravel/framework/src/Illuminate/Pipeline/Pipeline.php(127): Illuminate/Pipeline/Pipeline->{closure:{closure:Illuminate/Pipeline/Pipeline::carry():184}:185}()
#33 C:/xampp5/htdocs/Project_SIMRS/mediscare/vendor/laravel/framework/src/Illuminate/Routing/Router.php(807): Illuminate/Pipeline/Pipeline->then()
#34 C:/xampp5/htdocs/Project_SIMRS/mediscare/vendor/laravel/framework/src/Illuminate/Routing/Router.php(786): Illuminate/Routing/Router->runRouteWithinStack()
#35 C:/xampp5/htdocs/Project_SIMRS/mediscare/vendor/laravel/framework/src/Illuminate/Routing/Router.php(750): Illuminate/Routing/Router->runRoute()
#36 C:/xampp5/htdocs/Project_SIMRS/mediscare/vendor/laravel/framework/src/Illuminate/Routing/Router.php(739): Illuminate/Routing/Router->dispatchToRoute()
#37 C:/xampp5/htdocs/Project_SIMRS/mediscare/vendor/laravel/framework/src/Illuminate/Foundation/Http/Kernel.php(201): Illuminate/Routing/Router->dispatch()
#38 C:/xampp5/htdocs/Project_SIMRS/mediscare/vendor/laravel/framework/src/Illuminate/Pipeline/Pipeline.php(170): Illuminate/Foundation/Http/Kernel->{closure:Illuminate/Foundation/Http/Kernel::dispatchToRouter():198}()
#39 C:/xampp5/htdocs/Project_SIMRS/mediscare/vendor/laravel/framework/src/Illuminate/Foundation/Http/Middleware/TransformsRequest.php(21): Illuminate/Pipeline/Pipeline->{closure:Illuminate/Pipeline/Pipeline::prepareDestination():168}()
#40 C:/xampp5/htdocs/Project_SIMRS/mediscare/vendor/laravel/framework/src/Illuminate/Foundation/Http/Middleware/ConvertEmptyStringsToNull.php(31): Illuminate/Foundation/Http/Middleware/TransformsRequest->handle()
#41 C:/xampp5/htdocs/Project_SIMRS/mediscare/vendor/laravel/framework/src/Illuminate/Pipeline/Pipeline.php(209): Illuminate/Foundation/Http/Middleware/ConvertEmptyStringsToNull->handle()
#42 C:/xampp5/htdocs/Project_SIMRS/mediscare/vendor/laravel/framework/src/Illuminate/Foundation/Http/Middleware/TransformsRequest.php(21): Illuminate/Pipeline/Pipeline->{closure:{closure:Illuminate/Pipeline/Pipeline::carry():184}:185}()
#43 C:/xampp5/htdocs/Project_SIMRS/mediscare/vendor/laravel/framework/src/Illuminate/Foundation/Http/Middleware/TrimStrings.php(51): Illuminate/Foundation/Http/Middleware/TransformsRequest->handle()
#44 C:/xampp5/htdocs/Project_SIMRS/mediscare/vendor/laravel/framework/src/Illuminate/Pipeline/Pipeline.php(209): Illuminate/Foundation/Http/Middleware/TrimStrings->handle()
#45 C:/xampp5/htdocs/Project_SIMRS/mediscare/vendor/laravel/framework/src/Illuminate/Http/Middleware/ValidatePostSize.php(27): Illuminate/Pipeline/Pipeline->{closure:{closure:Illuminate/Pipeline/Pipeline::carry():184}:185}()
#46 C:/xampp5/htdocs/Project_SIMRS/mediscare/vendor/laravel/framework/src/Illuminate/Pipeline/Pipeline.php(209): Illuminate/Http/Middleware/ValidatePostSize->handle()
#47 C:/xampp5/htdocs/Project_SIMRS/mediscare/vendor/laravel/framework/src/Illuminate/Foundation/Http/Middleware/PreventRequestsDuringMaintenance.php(110): Illuminate/Pipeline/Pipeline->{closure:{closure:Illuminate/Pipeline/Pipeline::carry():184}:185}()
#48 C:/xampp5/htdocs/Project_SIMRS/mediscare/vendor/laravel/framework/src/Illuminate/Pipeline/Pipeline.php(209): Illuminate/Foundation/Http/Middleware/PreventRequestsDuringMaintenance->handle()
#49 C:/xampp5/htdocs/Project_SIMRS/mediscare/vendor/laravel/framework/src/Illuminate/Http/Middleware/HandleCors.php(49): Illuminate/Pipeline/Pipeline->{closure:{closure:Illuminate/Pipeline/Pipeline::carry():184}:185}()
#50 C:/xampp5/htdocs/Project_SIMRS/mediscare/vendor/laravel/framework/src/Illuminate/Pipeline/Pipeline.php(209): Illuminate/Http/Middleware/HandleCors->handle()
#51 C:/xampp5/htdocs/Project_SIMRS/mediscare/vendor/laravel/framework/src/Illuminate/Http/Middleware/TrustProxies.php(58): Illuminate/Pipeline/Pipeline->{closure:{closure:Illuminate/Pipeline/Pipeline::carry():184}:185}()
#52 C:/xampp5/htdocs/Project_SIMRS/mediscare/vendor/laravel/framework/src/Illuminate/Pipeline/Pipeline.php(209): Illuminate/Http/Middleware/TrustProxies->handle()
#53 C:/xampp5/htdocs/Project_SIMRS/mediscare/vendor/laravel/framework/src/Illuminate/Foundation/Http/Middleware/InvokeDeferredCallbacks.php(22): Illuminate/Pipeline/Pipeline->{closure:{closure:Illuminate/Pipeline/Pipeline::carry():184}:185}()
#54 C:/xampp5/htdocs/Project_SIMRS/mediscare/vendor/laravel/framework/src/Illuminate/Pipeline/Pipeline.php(209): Illuminate/Foundation/Http/Middleware/InvokeDeferredCallbacks->handle()
#55 C:/xampp5/htdocs/Project_SIMRS/mediscare/vendor/laravel/framework/src/Illuminate/Pipeline/Pipeline.php(127): Illuminate/Pipeline/Pipeline->{closure:{closure:Illuminate/Pipeline/Pipeline::carry():184}:185}()
#56 C:/xampp5/htdocs/Project_SIMRS/mediscare/vendor/laravel/framework/src/Illuminate/Foundation/Http/Kernel.php(176): Illuminate/Pipeline/Pipeline->then()
#57 C:/xampp5/htdocs/Project_SIMRS/mediscare/vendor/laravel/framework/src/Illuminate/Foundation/Http/Kernel.php(145): Illuminate/Foundation/Http/Kernel->sendRequestThroughRouter()
#58 C:/xampp5/htdocs/Project_SIMRS/mediscare/vendor/laravel/framework/src/Illuminate/Foundation/Testing/Concerns/MakesHttpRequests.php(607): Illuminate/Foundation/Http/Kernel->handle()
#59 C:/xampp5/htdocs/Project_SIMRS/mediscare/vendor/laravel/framework/src/Illuminate/Foundation/Testing/Concerns/MakesHttpRequests.php(368): Illuminate/Foundation/Testing/TestCase->call()
#60 C:/xampp5/htdocs/Project_SIMRS/mediscare/tests/Feature/DashboardReportsNotificationsTest.php(45): Illuminate/Foundation/Testing/TestCase->get()
#61 C:/xampp5/htdocs/Project_SIMRS/mediscare/vendor/phpunit/phpunit/src/Framework/TestCase.php(1667): Tests/Feature/DashboardReportsNotificationsTest->test_admin_dashboard_loads_with_real_statistics()
#62 C:/xampp5/htdocs/Project_SIMRS/mediscare/vendor/phpunit/phpunit/src/Framework/TestCase.php(519): PHPUnit/Framework/TestCase->runTest()
#63 C:/xampp5/htdocs/Project_SIMRS/mediscare/vendor/phpunit/phpunit/src/Framework/TestRunner/TestRunner.php(87): PHPUnit/Framework/TestCase->runBare()
#64 C:/xampp5/htdocs/Project_SIMRS/mediscare/vendor/phpunit/phpunit/src/Framework/TestCase.php(365): PHPUnit/Framework/TestRunner->run()
#65 C:/xampp5/htdocs/Project_SIMRS/mediscare/vendor/phpunit/phpunit/src/Framework/TestSuite.php(369): PHPUnit/Framework/TestCase->run()
#66 C:/xampp5/htdocs/Project_SIMRS/mediscare/vendor/phpunit/phpunit/src/Framework/TestSuite.php(369): PHPUnit/Framework/TestSuite->run()
#67 C:/xampp5/htdocs/Project_SIMRS/mediscare/vendor/phpunit/phpunit/src/Framework/TestSuite.php(369): PHPUnit/Framework/TestSuite->run()
#68 C:/xampp5/htdocs/Project_SIMRS/mediscare/vendor/phpunit/phpunit/src/TextUI/TestRunner.php(64): PHPUnit/Framework/TestSuite->run()
#69 C:/xampp5/htdocs/Project_SIMRS/mediscare/vendor/phpunit/phpunit/src/TextUI/Application.php(211): PHPUnit/TextUI/TestRunner->run()
#70 C:/xampp5/htdocs/Project_SIMRS/mediscare/vendor/phpunit/phpunit/phpunit(104): PHPUnit/TextUI/Application->run()
#71 {main}

[previous exception] [object] (PDOException(code: HY000): SQLSTATE[HY000]: General error: 1 no such column: YEAR at C:/xampp5/htdocs/Project_SIMRS/mediscare/vendor/laravel/framework/src/Illuminate/Database/Connection.php:407)
[stacktrace]
#0 C:/xampp5/htdocs/Project_SIMRS/mediscare/vendor/laravel/framework/src/Illuminate/Database/Connection.php(407): PDO->prepare()
#1 C:/xampp5/htdocs/Project_SIMRS/mediscare/vendor/laravel/framework/src/Illuminate/Database/Connection.php(812): Illuminate/Database/Connection->{closure:Illuminate/Database/Connection::select():398}()
#2 C:/xampp5/htdocs/Project_SIMRS/mediscare/vendor/laravel/framework/src/Illuminate/Database/Connection.php(779): Illuminate/Database/Connection->runQueryCallback()
#3 C:/xampp5/htdocs/Project_SIMRS/mediscare/vendor/laravel/framework/src/Illuminate/Database/Connection.php(398): Illuminate/Database/Connection->run()
#4 C:/xampp5/htdocs/Project_SIMRS/mediscare/vendor/laravel/framework/src/Illuminate/Database/Query/Builder.php(3106): Illuminate/Database/Connection->select()
#5 C:/xampp5/htdocs/Project_SIMRS/mediscare/vendor/laravel/framework/src/Illuminate/Database/Query/Builder.php(3362): Illuminate/Database/Query/Builder->runSelect()
#6 C:/xampp5/htdocs/Project_SIMRS/mediscare/vendor/laravel/framework/src/Illuminate/Database/Query/Builder.php(3676): Illuminate/Database/Query/Builder->{closure:Illuminate/Database/Query/Builder::pluck():3360}()
#7 C:/xampp5/htdocs/Project_SIMRS/mediscare/vendor/laravel/framework/src/Illuminate/Database/Query/Builder.php(3358): Illuminate/Database/Query/Builder->onceWithColumns()
#8 C:/xampp5/htdocs/Project_SIMRS/mediscare/vendor/laravel/framework/src/Illuminate/Database/Eloquent/Builder.php(991): Illuminate/Database/Query/Builder->pluck()
#9 C:/xampp5/htdocs/Project_SIMRS/mediscare/app/Http/Controllers/Web/DashboardController.php(92): Illuminate/Database/Eloquent/Builder->pluck()
#10 C:/xampp5/htdocs/Project_SIMRS/mediscare/app/Http/Controllers/Web/DashboardController.php(57): App/Http/Controllers/Web/DashboardController->chartData()
#11 C:/xampp5/htdocs/Project_SIMRS/mediscare/app/Http/Controllers/Web/DashboardController.php(36): App/Http/Controllers/Web/DashboardController->fullStats()
#12 C:/xampp5/htdocs/Project_SIMRS/mediscare/vendor/laravel/framework/src/Illuminate/Routing/ControllerDispatcher.php(47): App/Http/Controllers/Web/DashboardController->index()
#13 C:/xampp5/htdocs/Project_SIMRS/mediscare/vendor/laravel/framework/src/Illuminate/Routing/Route.php(266): Illuminate/Routing/ControllerDispatcher->dispatch()
#14 C:/xampp5/htdocs/Project_SIMRS/mediscare/vendor/laravel/framework/src/Illuminate/Routing/Route.php(212): Illuminate/Routing/Route->runController()
#15 C:/xampp5/htdocs/Project_SIMRS/mediscare/vendor/laravel/framework/src/Illuminate/Routing/Router.php(808): Illuminate/Routing/Route->run()
#16 C:/xampp5/htdocs/Project_SIMRS/mediscare/vendor/laravel/framework/src/Illuminate/Pipeline/Pipeline.php(170): Illuminate/Routing/Router->{closure:Illuminate/Routing/Router::runRouteWithinStack():807}()
#17 C:/xampp5/htdocs/Project_SIMRS/mediscare/app/Http/Middleware/EnsureSessionIsFresh.php(31): Illuminate/Pipeline/Pipeline->{closure:Illuminate/Pipeline/Pipeline::prepareDestination():168}()
#18 C:/xampp5/htdocs/Project_SIMRS/mediscare/vendor/laravel/framework/src/Illuminate/Pipeline/Pipeline.php(209): App/Http/Middleware/EnsureSessionIsFresh->handle()
#19 C:/xampp5/htdocs/Project_SIMRS/mediscare/vendor/laravel/framework/src/Illuminate/Routing/Middleware/SubstituteBindings.php(51): Illuminate/Pipeline/Pipeline->{closure:{closure:Illuminate/Pipeline/Pipeline::carry():184}:185}()
#20 C:/xampp5/htdocs/Project_SIMRS/mediscare/vendor/laravel/framework/src/Illuminate/Pipeline/Pipeline.php(209): Illuminate/Routing/Middleware/SubstituteBindings->handle()
#21 C:/xampp5/htdocs/Project_SIMRS/mediscare/vendor/laravel/framework/src/Illuminate/Auth/Middleware/Authenticate.php(64): Illuminate/Pipeline/Pipeline->{closure:{closure:Illuminate/Pipeline/Pipeline::carry():184}:185}()
#22 C:/xampp5/htdocs/Project_SIMRS/mediscare/vendor/laravel/framework/src/Illuminate/Pipeline/Pipeline.php(209): Illuminate/Auth/Middleware/Authenticate->handle()
#23 C:/xampp5/htdocs/Project_SIMRS/mediscare/vendor/laravel/framework/src/Illuminate/Foundation/Http/Middleware/VerifyCsrfToken.php(88): Illuminate/Pipeline/Pipeline->{closure:{closure:Illuminate/Pipeline/Pipeline::carry():184}:185}()
#24 C:/xampp5/htdocs/Project_SIMRS/mediscare/vendor/laravel/framework/src/Illuminate/Pipeline/Pipeline.php(209): Illuminate/Foundation/Http/Middleware/VerifyCsrfToken->handle()
#25 C:/xampp5/htdocs/Project_SIMRS/mediscare/vendor/laravel/framework/src/Illuminate/View/Middleware/ShareErrorsFromSession.php(49): Illuminate/Pipeline/Pipeline->{closure:{closure:Illuminate/Pipeline/Pipeline::carry():184}:185}()
#26 C:/xampp5/htdocs/Project_SIMRS/mediscare/vendor/laravel/framework/src/Illuminate/Pipeline/Pipeline.php(209): Illuminate/View/Middleware/ShareErrorsFromSession->handle()
#27 C:/xampp5/htdocs/Project_SIMRS/mediscare/vendor/laravel/framework/src/Illuminate/Session/Middleware/StartSession.php(121): Illuminate/Pipeline/Pipeline->{closure:{closure:Illuminate/Pipeline/Pipeline::carry():184}:185}()
#28 C:/xampp5/htdocs/Project_SIMRS/mediscare/vendor/laravel/framework/src/Illuminate/Session/Middleware/StartSession.php(64): Illuminate/Session/Middleware/StartSession->handleStatefulRequest()
#29 C:/xampp5/htdocs/Project_SIMRS/mediscare/vendor/laravel/framework/src/Illuminate/Pipeline/Pipeline.php(209): Illuminate/Session/Middleware/StartSession->handle()
#30 C:/xampp5/htdocs/Project_SIMRS/mediscare/vendor/laravel/framework/src/Illuminate/Cookie/Middleware/AddQueuedCookiesToResponse.php(37): Illuminate/Pipeline/Pipeline->{closure:{closure:Illuminate/Pipeline/Pipeline::carry():184}:185}()
#31 C:/xampp5/htdocs/Project_SIMRS/mediscare/vendor/laravel/framework/src/Illuminate/Pipeline/Pipeline.php(209): Illuminate/Cookie/Middleware/AddQueuedCookiesToResponse->handle()
#32 C:/xampp5/htdocs/Project_SIMRS/mediscare/vendor/laravel/framework/src/Illuminate/Cookie/Middleware/EncryptCookies.php(75): Illuminate/Pipeline/Pipeline->{closure:{closure:Illuminate/Pipeline/Pipeline::carry():184}:185}()
#33 C:/xampp5/htdocs/Project_SIMRS/mediscare/vendor/laravel/framework/src/Illuminate/Pipeline/Pipeline.php(209): Illuminate/Cookie/Middleware/EncryptCookies->handle()
#34 C:/xampp5/htdocs/Project_SIMRS/mediscare/vendor/laravel/framework/src/Illuminate/Pipeline/Pipeline.php(127): Illuminate/Pipeline/Pipeline->{closure:{closure:Illuminate/Pipeline/Pipeline::carry():184}:185}()
#35 C:/xampp5/htdocs/Project_SIMRS/mediscare/vendor/laravel/framework/src/Illuminate/Routing/Router.php(807): Illuminate/Pipeline/Pipeline->then()
#36 C:/xampp5/htdocs/Project_SIMRS/mediscare/vendor/laravel/framework/src/Illuminate/Routing/Router.php(786): Illuminate/Routing/Router->runRouteWithinStack()
#37 C:/xampp5/htdocs/Project_SIMRS/mediscare/vendor/laravel/framework/src/Illuminate/Routing/Router.php(750): Illuminate/Routing/Router->runRoute()
#38 C:/xampp5/htdocs/Project_SIMRS/mediscare/vendor/laravel/framework/src/Illuminate/Routing/Router.php(739): Illuminate/Routing/Router->dispatchToRoute()
#39 C:/xampp5/htdocs/Project_SIMRS/mediscare/vendor/laravel/framework/src/Illuminate/Foundation/Http/Kernel.php(201): Illuminate/Routing/Router->dispatch()
#40 C:/xampp5/htdocs/Project_SIMRS/mediscare/vendor/laravel/framework/src/Illuminate/Pipeline/Pipeline.php(170): Illuminate/Foundation/Http/Kernel->{closure:Illuminate/Foundation/Http/Kernel::dispatchToRouter():198}()
#41 C:/xampp5/htdocs/Project_SIMRS/mediscare/vendor/laravel/framework/src/Illuminate/Foundation/Http/Middleware/TransformsRequest.php(21): Illuminate/Pipeline/Pipeline->{closure:Illuminate/Pipeline/Pipeline::prepareDestination():168}()
#42 C:/xampp5/htdocs/Project_SIMRS/mediscare/vendor/laravel/framework/src/Illuminate/Foundation/Http/Middleware/ConvertEmptyStringsToNull.php(31): Illuminate/Foundation/Http/Middleware/TransformsRequest->handle()
#43 C:/xampp5/htdocs/Project_SIMRS/mediscare/vendor/laravel/framework/src/Illuminate/Pipeline/Pipeline.php(209): Illuminate/Foundation/Http/Middleware/ConvertEmptyStringsToNull->handle()
#44 C:/xampp5/htdocs/Project_SIMRS/mediscare/vendor/laravel/framework/src/Illuminate/Foundation/Http/Middleware/TransformsRequest.php(21): Illuminate/Pipeline/Pipeline->{closure:{closure:Illuminate/Pipeline/Pipeline::carry():184}:185}()
#45 C:/xampp5/htdocs/Project_SIMRS/mediscare/vendor/laravel/framework/src/Illuminate/Foundation/Http/Middleware/TrimStrings.php(51): Illuminate/Foundation/Http/Middleware/TransformsRequest->handle()
#46 C:/xampp5/htdocs/Project_SIMRS/mediscare/vendor/laravel/framework/src/Illuminate/Pipeline/Pipeline.php(209): Illuminate/Foundation/Http/Middleware/TrimStrings->handle()
#47 C:/xampp5/htdocs/Project_SIMRS/mediscare/vendor/laravel/framework/src/Illuminate/Http/Middleware/ValidatePostSize.php(27): Illuminate/Pipeline/Pipeline->{closure:{closure:Illuminate/Pipeline/Pipeline::carry():184}:185}()
#48 C:/xampp5/htdocs/Project_SIMRS/mediscare/vendor/laravel/framework/src/Illuminate/Pipeline/Pipeline.php(209): Illuminate/Http/Middleware/ValidatePostSize->handle()
#49 C:/xampp5/htdocs/Project_SIMRS/mediscare/vendor/laravel/framework/src/Illuminate/Foundation/Http/Middleware/PreventRequestsDuringMaintenance.php(110): Illuminate/Pipeline/Pipeline->{closure:{closure:Illuminate/Pipeline/Pipeline::carry():184}:185}()
#50 C:/xampp5/htdocs/Project_SIMRS/mediscare/vendor/laravel/framework/src/Illuminate/Pipeline/Pipeline.php(209): Illuminate/Foundation/Http/Middleware/PreventRequestsDuringMaintenance->handle()
#51 C:/xampp5/htdocs/Project_SIMRS/mediscare/vendor/laravel/framework/src/Illuminate/Http/Middleware/HandleCors.php(49): Illuminate/Pipeline/Pipeline->{closure:{closure:Illuminate/Pipeline/Pipeline::carry():184}:185}()
#52 C:/xampp5/htdocs/Project_SIMRS/mediscare/vendor/laravel/framework/src/Illuminate/Pipeline/Pipeline.php(209): Illuminate/Http/Middleware/HandleCors->handle()
#53 C:/xampp5/htdocs/Project_SIMRS/mediscare/vendor/laravel/framework/src/Illuminate/Http/Middleware/TrustProxies.php(58): Illuminate/Pipeline/Pipeline->{closure:{closure:Illuminate/Pipeline/Pipeline::carry():184}:185}()
#54 C:/xampp5/htdocs/Project_SIMRS/mediscare/vendor/laravel/framework/src/Illuminate/Pipeline/Pipeline.php(209): Illuminate/Http/Middleware/TrustProxies->handle()
#55 C:/xampp5/htdocs/Project_SIMRS/mediscare/vendor/laravel/framework/src/Illuminate/Foundation/Http/Middleware/InvokeDeferredCallbacks.php(22): Illuminate/Pipeline/Pipeline->{closure:{closure:Illuminate/Pipeline/Pipeline::carry():184}:185}()
#56 C:/xampp5/htdocs/Project_SIMRS/mediscare/vendor/laravel/framework/src/Illuminate/Pipeline/Pipeline.php(209): Illuminate/Foundation/Http/Middleware/InvokeDeferredCallbacks->handle()
#57 C:/xampp5/htdocs/Project_SIMRS/mediscare/vendor/laravel/framework/src/Illuminate/Pipeline/Pipeline.php(127): Illuminate/Pipeline/Pipeline->{closure:{closure:Illuminate/Pipeline/Pipeline::carry():184}:185}()
#58 C:/xampp5/htdocs/Project_SIMRS/mediscare/vendor/laravel/framework/src/Illuminate/Foundation/Http/Kernel.php(176): Illuminate/Pipeline/Pipeline->then()
#59 C:/xampp5/htdocs/Project_SIMRS/mediscare/vendor/laravel/framework/src/Illuminate/Foundation/Http/Kernel.php(145): Illuminate/Foundation/Http/Kernel->sendRequestThroughRouter()
#60 C:/xampp5/htdocs/Project_SIMRS/mediscare/vendor/laravel/framework/src/Illuminate/Foundation/Testing/Concerns/MakesHttpRequests.php(607): Illuminate/Foundation/Http/Kernel->handle()
#61 C:/xampp5/htdocs/Project_SIMRS/mediscare/vendor/laravel/framework/src/Illuminate/Foundation/Testing/Concerns/MakesHttpRequests.php(368): Illuminate/Foundation/Testing/TestCase->call()
#62 C:/xampp5/htdocs/Project_SIMRS/mediscare/tests/Feature/DashboardReportsNotificationsTest.php(45): Illuminate/Foundation/Testing/TestCase->get()
#63 C:/xampp5/htdocs/Project_SIMRS/mediscare/vendor/phpunit/phpunit/src/Framework/TestCase.php(1667): Tests/Feature/DashboardReportsNotificationsTest->test_admin_dashboard_loads_with_real_statistics()
#64 C:/xampp5/htdocs/Project_SIMRS/mediscare/vendor/phpunit/phpunit/src/Framework/TestCase.php(519): PHPUnit/Framework/TestCase->runTest()
#65 C:/xampp5/htdocs/Project_SIMRS/mediscare/vendor/phpunit/phpunit/src/Framework/TestRunner/TestRunner.php(87): PHPUnit/Framework/TestCase->runBare()
#66 C:/xampp5/htdocs/Project_SIMRS/mediscare/vendor/phpunit/phpunit/src/Framework/TestCase.php(365): PHPUnit/Framework/TestRunner->run()
#67 C:/xampp5/htdocs/Project_SIMRS/mediscare/vendor/phpunit/phpunit/src/Framework/TestSuite.php(369): PHPUnit/Framework/TestCase->run()
#68 C:/xampp5/htdocs/Project_SIMRS/mediscare/vendor/phpunit/phpunit/src/Framework/TestSuite.php(369): PHPUnit/Framework/TestSuite->run()
#69 C:/xampp5/htdocs/Project_SIMRS/mediscare/vendor/phpunit/phpunit/src/Framework/TestSuite.php(369): PHPUnit/Framework/TestSuite->run()
#70 C:/xampp5/htdocs/Project_SIMRS/mediscare/vendor/phpunit/phpunit/src/TextUI/TestRunner.php(64): PHPUnit/Framework/TestSuite->run()
#71 C:/xampp5/htdocs/Project_SIMRS/mediscare/vendor/phpunit/phpunit/src/TextUI/Application.php(211): PHPUnit/TextUI/TestRunner->run()
#72 C:/xampp5/htdocs/Project_SIMRS/mediscare/vendor/phpunit/phpunit/phpunit(104): PHPUnit/TextUI/Application->run()
#73 {main}
"} 
[2026-09-08 23:29:56] local.ERROR: PHP Parse error: Syntax error, unexpected T_NS_SEPARATOR on line 1 {"exception":"[object] (Psy\\Exception\\ParseErrorException(code: 0): PHP Parse error: Syntax error, unexpected T_NS_SEPARATOR on line 1 at C:/xampp5/htdocs/Project_SIMRS/mediscare/vendor/psy/psysh/src/Exception/ParseErrorException.php:44)
[stacktrace]
#0 C:/xampp5/htdocs/Project_SIMRS/mediscare/vendor/psy/psysh/src/CodeCleaner.php(657): Psy/Exception/ParseErrorException::fromParseError()
#1 C:/xampp5/htdocs/Project_SIMRS/mediscare/vendor/psy/psysh/src/CodeCleaner.php(273): Psy/CodeCleaner->parse()
#2 C:/xampp5/htdocs/Project_SIMRS/mediscare/vendor/psy/psysh/src/Shell.php(1399): Psy/CodeCleaner->clean()
#3 C:/xampp5/htdocs/Project_SIMRS/mediscare/vendor/psy/psysh/src/Shell.php(1506): Psy/Shell->appendCode()
#4 C:/xampp5/htdocs/Project_SIMRS/mediscare/vendor/psy/psysh/src/Shell.php(2215): Psy/Shell->setCode()
#5 C:/xampp5/htdocs/Project_SIMRS/mediscare/vendor/laravel/tinker/src/Console/TinkerCommand.php(77): Psy/Shell->execute()
#6 C:/xampp5/htdocs/Project_SIMRS/mediscare/vendor/laravel/framework/src/Illuminate/Container/BoundMethod.php(36): Laravel/Tinker/Console/TinkerCommand->handle()
#7 C:/xampp5/htdocs/Project_SIMRS/mediscare/vendor/laravel/framework/src/Illuminate/Container/Util.php(43): Illuminate/Container/BoundMethod::{closure:Illuminate/Container/BoundMethod::call():35}()
#8 C:/xampp5/htdocs/Project_SIMRS/mediscare/vendor/laravel/framework/src/Illuminate/Container/BoundMethod.php(95): Illuminate/Container/Util::unwrapIfClosure()
#9 C:/xampp5/htdocs/Project_SIMRS/mediscare/vendor/laravel/framework/src/Illuminate/Container/BoundMethod.php(35): Illuminate/Container/BoundMethod::callBoundMethod()
#10 C:/xampp5/htdocs/Project_SIMRS/mediscare/vendor/laravel/framework/src/Illuminate/Container/Container.php(696): Illuminate/Container/BoundMethod::call()
#11 C:/xampp5/htdocs/Project_SIMRS/mediscare/vendor/laravel/framework/src/Illuminate/Console/Command.php(213): Illuminate/Container/Container->call()
#12 C:/xampp5/htdocs/Project_SIMRS/mediscare/vendor/symfony/console/Command/Command.php(341): Illuminate/Console/Command->execute()
#13 C:/xampp5/htdocs/Project_SIMRS/mediscare/vendor/laravel/framework/src/Illuminate/Console/Command.php(182): Symfony/Component/Console/Command/Command->run()
#14 C:/xampp5/htdocs/Project_SIMRS/mediscare/vendor/symfony/console/Application.php(1117): Illuminate/Console/Command->run()
#15 C:/xampp5/htdocs/Project_SIMRS/mediscare/vendor/symfony/console/Application.php(356): Symfony/Component/Console/Application->doRunCommand()
#16 C:/xampp5/htdocs/Project_SIMRS/mediscare/vendor/symfony/console/Application.php(195): Symfony/Component/Console/Application->doRun()
#17 C:/xampp5/htdocs/Project_SIMRS/mediscare/vendor/laravel/framework/src/Illuminate/Foundation/Console/Kernel.php(198): Symfony/Component/Console/Application->run()
#18 C:/xampp5/htdocs/Project_SIMRS/mediscare/vendor/laravel/framework/src/Illuminate/Foundation/Application.php(1235): Illuminate/Foundation/Console/Kernel->handle()
#19 C:/xampp5/htdocs/Project_SIMRS/mediscare/artisan(13): Illuminate/Foundation/Application->handleCommand()
#20 {main}
"} 
[2026-09-08 23:31:04] testing.ERROR: SQLSTATE[23000]: Integrity constraint violation: 19 UNIQUE constraint failed: queues.polyclinic_id, queues.queue_date, queues.queue_number (Connection: sqlite, SQL: insert into "queues" ("appointment_id", "polyclinic_id", "queue_number", "queue_date", "status", "updated_at", "created_at") values (2, 1, A-001, 2026-09-08 00:00:00, waiting, 2026-09-08 23:31:04, 2026-09-08 23:31:04)) {"userId":1,"exception":"[object] (Illuminate\\Database\\UniqueConstraintViolationException(code: 23000): SQLSTATE[23000]: Integrity constraint violation: 19 UNIQUE constraint failed: queues.polyclinic_id, queues.queue_date, queues.queue_number (Connection: sqlite, SQL: insert into \"queues\" (\"appointment_id\", \"polyclinic_id\", \"queue_number\", \"queue_date\", \"status\", \"updated_at\", \"created_at\") values (2, 1, A-001, 2026-09-08 00:00:00, waiting, 2026-09-08 23:31:04, 2026-09-08 23:31:04)) at C:/xampp5/htdocs/Project_SIMRS/mediscare/vendor/laravel/framework/src/Illuminate/Database/Connection.php:820)
[stacktrace]
#0 C:/xampp5/htdocs/Project_SIMRS/mediscare/vendor/laravel/framework/src/Illuminate/Database/Connection.php(779): Illuminate/Database/Connection->runQueryCallback()
#1 C:/xampp5/htdocs/Project_SIMRS/mediscare/vendor/laravel/framework/src/Illuminate/Database/Connection.php(560): Illuminate/Database/Connection->run()
#2 C:/xampp5/htdocs/Project_SIMRS/mediscare/vendor/laravel/framework/src/Illuminate/Database/Connection.php(524): Illuminate/Database/Connection->statement()
#3 C:/xampp5/htdocs/Project_SIMRS/mediscare/vendor/laravel/framework/src/Illuminate/Database/Query/Processors/Processor.php(32): Illuminate/Database/Connection->insert()
#4 C:/xampp5/htdocs/Project_SIMRS/mediscare/vendor/laravel/framework/src/Illuminate/Database/Query/Builder.php(3766): Illuminate/Database/Query/Processors/Processor->processInsertGetId()
#5 C:/xampp5/htdocs/Project_SIMRS/mediscare/vendor/laravel/framework/src/Illuminate/Database/Eloquent/Builder.php(2120): Illuminate/Database/Query/Builder->insertGetId()
#6 C:/xampp5/htdocs/Project_SIMRS/mediscare/vendor/laravel/framework/src/Illuminate/Database/Eloquent/Model.php(1359): Illuminate/Database/Eloquent/Builder->__call()
#7 C:/xampp5/htdocs/Project_SIMRS/mediscare/vendor/laravel/framework/src/Illuminate/Database/Eloquent/Model.php(1324): Illuminate/Database/Eloquent/Model->insertAndSetId()
#8 C:/xampp5/htdocs/Project_SIMRS/mediscare/vendor/laravel/framework/src/Illuminate/Database/Eloquent/Model.php(1163): Illuminate/Database/Eloquent/Model->performInsert()
#9 C:/xampp5/htdocs/Project_SIMRS/mediscare/vendor/laravel/framework/src/Illuminate/Database/Eloquent/Builder.php(1128): Illuminate/Database/Eloquent/Model->save()
#10 C:/xampp5/htdocs/Project_SIMRS/mediscare/vendor/laravel/framework/src/Illuminate/Support/helpers.php(399): Illuminate/Database/Eloquent/Builder->{closure:Illuminate/Database/Eloquent/Builder::create():1127}()
#11 C:/xampp5/htdocs/Project_SIMRS/mediscare/vendor/laravel/framework/src/Illuminate/Database/Eloquent/Builder.php(1127): tap()
#12 C:/xampp5/htdocs/Project_SIMRS/mediscare/vendor/laravel/framework/src/Illuminate/Support/Traits/ForwardsCalls.php(23): Illuminate/Database/Eloquent/Builder->create()
#13 C:/xampp5/htdocs/Project_SIMRS/mediscare/vendor/laravel/framework/src/Illuminate/Database/Eloquent/Model.php(2372): Illuminate/Database/Eloquent/Model->forwardCallTo()
#14 C:/xampp5/htdocs/Project_SIMRS/mediscare/vendor/laravel/framework/src/Illuminate/Database/Eloquent/Model.php(2384): Illuminate/Database/Eloquent/Model->__call()
#15 C:/xampp5/htdocs/Project_SIMRS/mediscare/app/Services/RegistrationService.php(50): Illuminate/Database/Eloquent/Model::__callStatic()
#16 C:/xampp5/htdocs/Project_SIMRS/mediscare/vendor/laravel/framework/src/Illuminate/Database/Concerns/ManagesTransactions.php(32): App/Services/RegistrationService->{closure:App/Services/RegistrationService::register():24}()
#17 C:/xampp5/htdocs/Project_SIMRS/mediscare/vendor/laravel/framework/src/Illuminate/Database/DatabaseManager.php(495): Illuminate/Database/Connection->transaction()
#18 C:/xampp5/htdocs/Project_SIMRS/mediscare/vendor/laravel/framework/src/Illuminate/Support/Facades/Facade.php(361): Illuminate/Database/DatabaseManager->__call()
#19 C:/xampp5/htdocs/Project_SIMRS/mediscare/app/Services/RegistrationService.php(24): Illuminate/Support/Facades/Facade::__callStatic()
#20 C:/xampp5/htdocs/Project_SIMRS/mediscare/app/Http/Controllers/Web/RegistrationController.php(55): App/Services/RegistrationService->register()
#21 C:/xampp5/htdocs/Project_SIMRS/mediscare/vendor/laravel/framework/src/Illuminate/Routing/ControllerDispatcher.php(47): App/Http/Controllers/Web/RegistrationController->store()
#22 C:/xampp5/htdocs/Project_SIMRS/mediscare/vendor/laravel/framework/src/Illuminate/Routing/Route.php(266): Illuminate/Routing/ControllerDispatcher->dispatch()
#23 C:/xampp5/htdocs/Project_SIMRS/mediscare/vendor/laravel/framework/src/Illuminate/Routing/Route.php(212): Illuminate/Routing/Route->runController()
#24 C:/xampp5/htdocs/Project_SIMRS/mediscare/vendor/laravel/framework/src/Illuminate/Routing/Router.php(808): Illuminate/Routing/Route->run()
#25 C:/xampp5/htdocs/Project_SIMRS/mediscare/vendor/laravel/framework/src/Illuminate/Pipeline/Pipeline.php(170): Illuminate/Routing/Router->{closure:Illuminate/Routing/Router::runRouteWithinStack():807}()
#26 C:/xampp5/htdocs/Project_SIMRS/mediscare/app/Http/Middleware/CheckPermission.php(28): Illuminate/Pipeline/Pipeline->{closure:Illuminate/Pipeline/Pipeline::prepareDestination():168}()
#27 C:/xampp5/htdocs/Project_SIMRS/mediscare/vendor/laravel/framework/src/Illuminate/Pipeline/Pipeline.php(209): App/Http/Middleware/CheckPermission->handle()
#28 C:/xampp5/htdocs/Project_SIMRS/mediscare/app/Http/Middleware/EnsureSessionIsFresh.php(31): Illuminate/Pipeline/Pipeline->{closure:{closure:Illuminate/Pipeline/Pipeline::carry():184}:185}()
#29 C:/xampp5/htdocs/Project_SIMRS/mediscare/vendor/laravel/framework/src/Illuminate/Pipeline/Pipeline.php(209): App/Http/Middleware/EnsureSessionIsFresh->handle()
#30 C:/xampp5/htdocs/Project_SIMRS/mediscare/vendor/laravel/framework/src/Illuminate/Routing/Middleware/SubstituteBindings.php(51): Illuminate/Pipeline/Pipeline->{closure:{closure:Illuminate/Pipeline/Pipeline::carry():184}:185}()
#31 C:/xampp5/htdocs/Project_SIMRS/mediscare/vendor/laravel/framework/src/Illuminate/Pipeline/Pipeline.php(209): Illuminate/Routing/Middleware/SubstituteBindings->handle()
#32 C:/xampp5/htdocs/Project_SIMRS/mediscare/vendor/laravel/framework/src/Illuminate/Auth/Middleware/Authenticate.php(64): Illuminate/Pipeline/Pipeline->{closure:{closure:Illuminate/Pipeline/Pipeline::carry():184}:185}()
#33 C:/xampp5/htdocs/Project_SIMRS/mediscare/vendor/laravel/framework/src/Illuminate/Pipeline/Pipeline.php(209): Illuminate/Auth/Middleware/Authenticate->handle()
#34 C:/xampp5/htdocs/Project_SIMRS/mediscare/vendor/laravel/framework/src/Illuminate/Foundation/Http/Middleware/VerifyCsrfToken.php(88): Illuminate/Pipeline/Pipeline->{closure:{closure:Illuminate/Pipeline/Pipeline::carry():184}:185}()
#35 C:/xampp5/htdocs/Project_SIMRS/mediscare/vendor/laravel/framework/src/Illuminate/Pipeline/Pipeline.php(209): Illuminate/Foundation/Http/Middleware/VerifyCsrfToken->handle()
#36 C:/xampp5/htdocs/Project_SIMRS/mediscare/vendor/laravel/framework/src/Illuminate/View/Middleware/ShareErrorsFromSession.php(49): Illuminate/Pipeline/Pipeline->{closure:{closure:Illuminate/Pipeline/Pipeline::carry():184}:185}()
#37 C:/xampp5/htdocs/Project_SIMRS/mediscare/vendor/laravel/framework/src/Illuminate/Pipeline/Pipeline.php(209): Illuminate/View/Middleware/ShareErrorsFromSession->handle()
#38 C:/xampp5/htdocs/Project_SIMRS/mediscare/vendor/laravel/framework/src/Illuminate/Session/Middleware/StartSession.php(121): Illuminate/Pipeline/Pipeline->{closure:{closure:Illuminate/Pipeline/Pipeline::carry():184}:185}()
#39 C:/xampp5/htdocs/Project_SIMRS/mediscare/vendor/laravel/framework/src/Illuminate/Session/Middleware/StartSession.php(64): Illuminate/Session/Middleware/StartSession->handleStatefulRequest()
#40 C:/xampp5/htdocs/Project_SIMRS/mediscare/vendor/laravel/framework/src/Illuminate/Pipeline/Pipeline.php(209): Illuminate/Session/Middleware/StartSession->handle()
#41 C:/xampp5/htdocs/Project_SIMRS/mediscare/vendor/laravel/framework/src/Illuminate/Cookie/Middleware/AddQueuedCookiesToResponse.php(37): Illuminate/Pipeline/Pipeline->{closure:{closure:Illuminate/Pipeline/Pipeline::carry():184}:185}()
#42 C:/xampp5/htdocs/Project_SIMRS/mediscare/vendor/laravel/framework/src/Illuminate/Pipeline/Pipeline.php(209): Illuminate/Cookie/Middleware/AddQueuedCookiesToResponse->handle()
#43 C:/xampp5/htdocs/Project_SIMRS/mediscare/vendor/laravel/framework/src/Illuminate/Cookie/Middleware/EncryptCookies.php(75): Illuminate/Pipeline/Pipeline->{closure:{closure:Illuminate/Pipeline/Pipeline::carry():184}:185}()
#44 C:/xampp5/htdocs/Project_SIMRS/mediscare/vendor/laravel/framework/src/Illuminate/Pipeline/Pipeline.php(209): Illuminate/Cookie/Middleware/EncryptCookies->handle()
#45 C:/xampp5/htdocs/Project_SIMRS/mediscare/vendor/laravel/framework/src/Illuminate/Pipeline/Pipeline.php(127): Illuminate/Pipeline/Pipeline->{closure:{closure:Illuminate/Pipeline/Pipeline::carry():184}:185}()
#46 C:/xampp5/htdocs/Project_SIMRS/mediscare/vendor/laravel/framework/src/Illuminate/Routing/Router.php(807): Illuminate/Pipeline/Pipeline->then()
#47 C:/xampp5/htdocs/Project_SIMRS/mediscare/vendor/laravel/framework/src/Illuminate/Routing/Router.php(786): Illuminate/Routing/Router->runRouteWithinStack()
#48 C:/xampp5/htdocs/Project_SIMRS/mediscare/vendor/laravel/framework/src/Illuminate/Routing/Router.php(750): Illuminate/Routing/Router->runRoute()
#49 C:/xampp5/htdocs/Project_SIMRS/mediscare/vendor/laravel/framework/src/Illuminate/Routing/Router.php(739): Illuminate/Routing/Router->dispatchToRoute()
#50 C:/xampp5/htdocs/Project_SIMRS/mediscare/vendor/laravel/framework/src/Illuminate/Foundation/Http/Kernel.php(201): Illuminate/Routing/Router->dispatch()
#51 C:/xampp5/htdocs/Project_SIMRS/mediscare/vendor/laravel/framework/src/Illuminate/Pipeline/Pipeline.php(170): Illuminate/Foundation/Http/Kernel->{closure:Illuminate/Foundation/Http/Kernel::dispatchToRouter():198}()
#52 C:/xampp5/htdocs/Project_SIMRS/mediscare/vendor/laravel/framework/src/Illuminate/Foundation/Http/Middleware/TransformsRequest.php(21): Illuminate/Pipeline/Pipeline->{closure:Illuminate/Pipeline/Pipeline::prepareDestination():168}()
#53 C:/xampp5/htdocs/Project_SIMRS/mediscare/vendor/laravel/framework/src/Illuminate/Foundation/Http/Middleware/ConvertEmptyStringsToNull.php(31): Illuminate/Foundation/Http/Middleware/TransformsRequest->handle()
#54 C:/xampp5/htdocs/Project_SIMRS/mediscare/vendor/laravel/framework/src/Illuminate/Pipeline/Pipeline.php(209): Illuminate/Foundation/Http/Middleware/ConvertEmptyStringsToNull->handle()
#55 C:/xampp5/htdocs/Project_SIMRS/mediscare/vendor/laravel/framework/src/Illuminate/Foundation/Http/Middleware/TransformsRequest.php(21): Illuminate/Pipeline/Pipeline->{closure:{closure:Illuminate/Pipeline/Pipeline::carry():184}:185}()
#56 C:/xampp5/htdocs/Project_SIMRS/mediscare/vendor/laravel/framework/src/Illuminate/Foundation/Http/Middleware/TrimStrings.php(51): Illuminate/Foundation/Http/Middleware/TransformsRequest->handle()
#57 C:/xampp5/htdocs/Project_SIMRS/mediscare/vendor/laravel/framework/src/Illuminate/Pipeline/Pipeline.php(209): Illuminate/Foundation/Http/Middleware/TrimStrings->handle()
#58 C:/xampp5/htdocs/Project_SIMRS/mediscare/vendor/laravel/framework/src/Illuminate/Http/Middleware/ValidatePostSize.php(27): Illuminate/Pipeline/Pipeline->{closure:{closure:Illuminate/Pipeline/Pipeline::carry():184}:185}()
#59 C:/xampp5/htdocs/Project_SIMRS/mediscare/vendor/laravel/framework/src/Illuminate/Pipeline/Pipeline.php(209): Illuminate/Http/Middleware/ValidatePostSize->handle()
#60 C:/xampp5/htdocs/Project_SIMRS/mediscare/vendor/laravel/framework/src/Illuminate/Foundation/Http/Middleware/PreventRequestsDuringMaintenance.php(110): Illuminate/Pipeline/Pipeline->{closure:{closure:Illuminate/Pipeline/Pipeline::carry():184}:185}()
#61 C:/xampp5/htdocs/Project_SIMRS/mediscare/vendor/laravel/framework/src/Illuminate/Pipeline/Pipeline.php(209): Illuminate/Foundation/Http/Middleware/PreventRequestsDuringMaintenance->handle()
#62 C:/xampp5/htdocs/Project_SIMRS/mediscare/vendor/laravel/framework/src/Illuminate/Http/Middleware/HandleCors.php(49): Illuminate/Pipeline/Pipeline->{closure:{closure:Illuminate/Pipeline/Pipeline::carry():184}:185}()
#63 C:/xampp5/htdocs/Project_SIMRS/mediscare/vendor/laravel/framework/src/Illuminate/Pipeline/Pipeline.php(209): Illuminate/Http/Middleware/HandleCors->handle()
#64 C:/xampp5/htdocs/Project_SIMRS/mediscare/vendor/laravel/framework/src/Illuminate/Http/Middleware/TrustProxies.php(58): Illuminate/Pipeline/Pipeline->{closure:{closure:Illuminate/Pipeline/Pipeline::carry():184}:185}()
#65 C:/xampp5/htdocs/Project_SIMRS/mediscare/vendor/laravel/framework/src/Illuminate/Pipeline/Pipeline.php(209): Illuminate/Http/Middleware/TrustProxies->handle()
#66 C:/xampp5/htdocs/Project_SIMRS/mediscare/vendor/laravel/framework/src/Illuminate/Foundation/Http/Middleware/InvokeDeferredCallbacks.php(22): Illuminate/Pipeline/Pipeline->{closure:{closure:Illuminate/Pipeline/Pipeline::carry():184}:185}()
#67 C:/xampp5/htdocs/Project_SIMRS/mediscare/vendor/laravel/framework/src/Illuminate/Pipeline/Pipeline.php(209): Illuminate/Foundation/Http/Middleware/InvokeDeferredCallbacks->handle()
#68 C:/xampp5/htdocs/Project_SIMRS/mediscare/vendor/laravel/framework/src/Illuminate/Pipeline/Pipeline.php(127): Illuminate/Pipeline/Pipeline->{closure:{closure:Illuminate/Pipeline/Pipeline::carry():184}:185}()
#69 C:/xampp5/htdocs/Project_SIMRS/mediscare/vendor/laravel/framework/src/Illuminate/Foundation/Http/Kernel.php(176): Illuminate/Pipeline/Pipeline->then()
#70 C:/xampp5/htdocs/Project_SIMRS/mediscare/vendor/laravel/framework/src/Illuminate/Foundation/Http/Kernel.php(145): Illuminate/Foundation/Http/Kernel->sendRequestThroughRouter()
#71 C:/xampp5/htdocs/Project_SIMRS/mediscare/vendor/laravel/framework/src/Illuminate/Foundation/Testing/Concerns/MakesHttpRequests.php(607): Illuminate/Foundation/Http/Kernel->handle()
#72 C:/xampp5/htdocs/Project_SIMRS/mediscare/vendor/laravel/framework/src/Illuminate/Foundation/Testing/Concerns/MakesHttpRequests.php(397): Illuminate/Foundation/Testing/TestCase->call()
#73 C:/xampp5/htdocs/Project_SIMRS/mediscare/tests/Feature/RegistrationAndQueueTest.php(42): Illuminate/Foundation/Testing/TestCase->post()
#74 C:/xampp5/htdocs/Project_SIMRS/mediscare/vendor/phpunit/phpunit/src/Framework/TestCase.php(1667): Tests/Feature/RegistrationAndQueueTest->test_registering_existing_patient_generates_sequential_queue_numbers()
#75 C:/xampp5/htdocs/Project_SIMRS/mediscare/vendor/phpunit/phpunit/src/Framework/TestCase.php(519): PHPUnit/Framework/TestCase->runTest()
#76 C:/xampp5/htdocs/Project_SIMRS/mediscare/vendor/phpunit/phpunit/src/Framework/TestRunner/TestRunner.php(87): PHPUnit/Framework/TestCase->runBare()
#77 C:/xampp5/htdocs/Project_SIMRS/mediscare/vendor/phpunit/phpunit/src/Framework/TestCase.php(365): PHPUnit/Framework/TestRunner->run()
#78 C:/xampp5/htdocs/Project_SIMRS/mediscare/vendor/phpunit/phpunit/src/Framework/TestSuite.php(369): PHPUnit/Framework/TestCase->run()
#79 C:/xampp5/htdocs/Project_SIMRS/mediscare/vendor/phpunit/phpunit/src/Framework/TestSuite.php(369): PHPUnit/Framework/TestSuite->run()
#80 C:/xampp5/htdocs/Project_SIMRS/mediscare/vendor/phpunit/phpunit/src/Framework/TestSuite.php(369): PHPUnit/Framework/TestSuite->run()
#81 C:/xampp5/htdocs/Project_SIMRS/mediscare/vendor/phpunit/phpunit/src/TextUI/TestRunner.php(64): PHPUnit/Framework/TestSuite->run()
#82 C:/xampp5/htdocs/Project_SIMRS/mediscare/vendor/phpunit/phpunit/src/TextUI/Application.php(211): PHPUnit/TextUI/TestRunner->run()
#83 C:/xampp5/htdocs/Project_SIMRS/mediscare/vendor/phpunit/phpunit/phpunit(104): PHPUnit/TextUI/Application->run()
#84 {main}

[previous exception] [object] (PDOException(code: 23000): SQLSTATE[23000]: Integrity constraint violation: 19 UNIQUE constraint failed: queues.polyclinic_id, queues.queue_date, queues.queue_number at C:/xampp5/htdocs/Project_SIMRS/mediscare/vendor/laravel/framework/src/Illuminate/Database/Connection.php:571)
[stacktrace]
#0 C:/xampp5/htdocs/Project_SIMRS/mediscare/vendor/laravel/framework/src/Illuminate/Database/Connection.php(571): PDOStatement->execute()
#1 C:/xampp5/htdocs/Project_SIMRS/mediscare/vendor/laravel/framework/src/Illuminate/Database/Connection.php(812): Illuminate/Database/Connection->{closure:Illuminate/Database/Connection::statement():560}()
#2 C:/xampp5/htdocs/Project_SIMRS/mediscare/vendor/laravel/framework/src/Illuminate/Database/Connection.php(779): Illuminate/Database/Connection->runQueryCallback()
#3 C:/xampp5/htdocs/Project_SIMRS/mediscare/vendor/laravel/framework/src/Illuminate/Database/Connection.php(560): Illuminate/Database/Connection->run()
#4 C:/xampp5/htdocs/Project_SIMRS/mediscare/vendor/laravel/framework/src/Illuminate/Database/Connection.php(524): Illuminate/Database/Connection->statement()
#5 C:/xampp5/htdocs/Project_SIMRS/mediscare/vendor/laravel/framework/src/Illuminate/Database/Query/Processors/Processor.php(32): Illuminate/Database/Connection->insert()
#6 C:/xampp5/htdocs/Project_SIMRS/mediscare/vendor/laravel/framework/src/Illuminate/Database/Query/Builder.php(3766): Illuminate/Database/Query/Processors/Processor->processInsertGetId()
#7 C:/xampp5/htdocs/Project_SIMRS/mediscare/vendor/laravel/framework/src/Illuminate/Database/Eloquent/Builder.php(2120): Illuminate/Database/Query/Builder->insertGetId()
#8 C:/xampp5/htdocs/Project_SIMRS/mediscare/vendor/laravel/framework/src/Illuminate/Database/Eloquent/Model.php(1359): Illuminate/Database/Eloquent/Builder->__call()
#9 C:/xampp5/htdocs/Project_SIMRS/mediscare/vendor/laravel/framework/src/Illuminate/Database/Eloquent/Model.php(1324): Illuminate/Database/Eloquent/Model->insertAndSetId()
#10 C:/xampp5/htdocs/Project_SIMRS/mediscare/vendor/laravel/framework/src/Illuminate/Database/Eloquent/Model.php(1163): Illuminate/Database/Eloquent/Model->performInsert()
#11 C:/xampp5/htdocs/Project_SIMRS/mediscare/vendor/laravel/framework/src/Illuminate/Database/Eloquent/Builder.php(1128): Illuminate/Database/Eloquent/Model->save()
#12 C:/xampp5/htdocs/Project_SIMRS/mediscare/vendor/laravel/framework/src/Illuminate/Support/helpers.php(399): Illuminate/Database/Eloquent/Builder->{closure:Illuminate/Database/Eloquent/Builder::create():1127}()
#13 C:/xampp5/htdocs/Project_SIMRS/mediscare/vendor/laravel/framework/src/Illuminate/Database/Eloquent/Builder.php(1127): tap()
#14 C:/xampp5/htdocs/Project_SIMRS/mediscare/vendor/laravel/framework/src/Illuminate/Support/Traits/ForwardsCalls.php(23): Illuminate/Database/Eloquent/Builder->create()
#15 C:/xampp5/htdocs/Project_SIMRS/mediscare/vendor/laravel/framework/src/Illuminate/Database/Eloquent/Model.php(2372): Illuminate/Database/Eloquent/Model->forwardCallTo()
#16 C:/xampp5/htdocs/Project_SIMRS/mediscare/vendor/laravel/framework/src/Illuminate/Database/Eloquent/Model.php(2384): Illuminate/Database/Eloquent/Model->__call()
#17 C:/xampp5/htdocs/Project_SIMRS/mediscare/app/Services/RegistrationService.php(50): Illuminate/Database/Eloquent/Model::__callStatic()
#18 C:/xampp5/htdocs/Project_SIMRS/mediscare/vendor/laravel/framework/src/Illuminate/Database/Concerns/ManagesTransactions.php(32): App/Services/RegistrationService->{closure:App/Services/RegistrationService::register():24}()
#19 C:/xampp5/htdocs/Project_SIMRS/mediscare/vendor/laravel/framework/src/Illuminate/Database/DatabaseManager.php(495): Illuminate/Database/Connection->transaction()
#20 C:/xampp5/htdocs/Project_SIMRS/mediscare/vendor/laravel/framework/src/Illuminate/Support/Facades/Facade.php(361): Illuminate/Database/DatabaseManager->__call()
#21 C:/xampp5/htdocs/Project_SIMRS/mediscare/app/Services/RegistrationService.php(24): Illuminate/Support/Facades/Facade::__callStatic()
#22 C:/xampp5/htdocs/Project_SIMRS/mediscare/app/Http/Controllers/Web/RegistrationController.php(55): App/Services/RegistrationService->register()
#23 C:/xampp5/htdocs/Project_SIMRS/mediscare/vendor/laravel/framework/src/Illuminate/Routing/ControllerDispatcher.php(47): App/Http/Controllers/Web/RegistrationController->store()
#24 C:/xampp5/htdocs/Project_SIMRS/mediscare/vendor/laravel/framework/src/Illuminate/Routing/Route.php(266): Illuminate/Routing/ControllerDispatcher->dispatch()
#25 C:/xampp5/htdocs/Project_SIMRS/mediscare/vendor/laravel/framework/src/Illuminate/Routing/Route.php(212): Illuminate/Routing/Route->runController()
#26 C:/xampp5/htdocs/Project_SIMRS/mediscare/vendor/laravel/framework/src/Illuminate/Routing/Router.php(808): Illuminate/Routing/Route->run()
#27 C:/xampp5/htdocs/Project_SIMRS/mediscare/vendor/laravel/framework/src/Illuminate/Pipeline/Pipeline.php(170): Illuminate/Routing/Router->{closure:Illuminate/Routing/Router::runRouteWithinStack():807}()
#28 C:/xampp5/htdocs/Project_SIMRS/mediscare/app/Http/Middleware/CheckPermission.php(28): Illuminate/Pipeline/Pipeline->{closure:Illuminate/Pipeline/Pipeline::prepareDestination():168}()
#29 C:/xampp5/htdocs/Project_SIMRS/mediscare/vendor/laravel/framework/src/Illuminate/Pipeline/Pipeline.php(209): App/Http/Middleware/CheckPermission->handle()
#30 C:/xampp5/htdocs/Project_SIMRS/mediscare/app/Http/Middleware/EnsureSessionIsFresh.php(31): Illuminate/Pipeline/Pipeline->{closure:{closure:Illuminate/Pipeline/Pipeline::carry():184}:185}()
#31 C:/xampp5/htdocs/Project_SIMRS/mediscare/vendor/laravel/framework/src/Illuminate/Pipeline/Pipeline.php(209): App/Http/Middleware/EnsureSessionIsFresh->handle()
#32 C:/xampp5/htdocs/Project_SIMRS/mediscare/vendor/laravel/framework/src/Illuminate/Routing/Middleware/SubstituteBindings.php(51): Illuminate/Pipeline/Pipeline->{closure:{closure:Illuminate/Pipeline/Pipeline::carry():184}:185}()
#33 C:/xampp5/htdocs/Project_SIMRS/mediscare/vendor/laravel/framework/src/Illuminate/Pipeline/Pipeline.php(209): Illuminate/Routing/Middleware/SubstituteBindings->handle()
#34 C:/xampp5/htdocs/Project_SIMRS/mediscare/vendor/laravel/framework/src/Illuminate/Auth/Middleware/Authenticate.php(64): Illuminate/Pipeline/Pipeline->{closure:{closure:Illuminate/Pipeline/Pipeline::carry():184}:185}()
#35 C:/xampp5/htdocs/Project_SIMRS/mediscare/vendor/laravel/framework/src/Illuminate/Pipeline/Pipeline.php(209): Illuminate/Auth/Middleware/Authenticate->handle()
#36 C:/xampp5/htdocs/Project_SIMRS/mediscare/vendor/laravel/framework/src/Illuminate/Foundation/Http/Middleware/VerifyCsrfToken.php(88): Illuminate/Pipeline/Pipeline->{closure:{closure:Illuminate/Pipeline/Pipeline::carry():184}:185}()
#37 C:/xampp5/htdocs/Project_SIMRS/mediscare/vendor/laravel/framework/src/Illuminate/Pipeline/Pipeline.php(209): Illuminate/Foundation/Http/Middleware/VerifyCsrfToken->handle()
#38 C:/xampp5/htdocs/Project_SIMRS/mediscare/vendor/laravel/framework/src/Illuminate/View/Middleware/ShareErrorsFromSession.php(49): Illuminate/Pipeline/Pipeline->{closure:{closure:Illuminate/Pipeline/Pipeline::carry():184}:185}()
#39 C:/xampp5/htdocs/Project_SIMRS/mediscare/vendor/laravel/framework/src/Illuminate/Pipeline/Pipeline.php(209): Illuminate/View/Middleware/ShareErrorsFromSession->handle()
#40 C:/xampp5/htdocs/Project_SIMRS/mediscare/vendor/laravel/framework/src/Illuminate/Session/Middleware/StartSession.php(121): Illuminate/Pipeline/Pipeline->{closure:{closure:Illuminate/Pipeline/Pipeline::carry():184}:185}()
#41 C:/xampp5/htdocs/Project_SIMRS/mediscare/vendor/laravel/framework/src/Illuminate/Session/Middleware/StartSession.php(64): Illuminate/Session/Middleware/StartSession->handleStatefulRequest()
#42 C:/xampp5/htdocs/Project_SIMRS/mediscare/vendor/laravel/framework/src/Illuminate/Pipeline/Pipeline.php(209): Illuminate/Session/Middleware/StartSession->handle()
#43 C:/xampp5/htdocs/Project_SIMRS/mediscare/vendor/laravel/framework/src/Illuminate/Cookie/Middleware/AddQueuedCookiesToResponse.php(37): Illuminate/Pipeline/Pipeline->{closure:{closure:Illuminate/Pipeline/Pipeline::carry():184}:185}()
#44 C:/xampp5/htdocs/Project_SIMRS/mediscare/vendor/laravel/framework/src/Illuminate/Pipeline/Pipeline.php(209): Illuminate/Cookie/Middleware/AddQueuedCookiesToResponse->handle()
#45 C:/xampp5/htdocs/Project_SIMRS/mediscare/vendor/laravel/framework/src/Illuminate/Cookie/Middleware/EncryptCookies.php(75): Illuminate/Pipeline/Pipeline->{closure:{closure:Illuminate/Pipeline/Pipeline::carry():184}:185}()
#46 C:/xampp5/htdocs/Project_SIMRS/mediscare/vendor/laravel/framework/src/Illuminate/Pipeline/Pipeline.php(209): Illuminate/Cookie/Middleware/EncryptCookies->handle()
#47 C:/xampp5/htdocs/Project_SIMRS/mediscare/vendor/laravel/framework/src/Illuminate/Pipeline/Pipeline.php(127): Illuminate/Pipeline/Pipeline->{closure:{closure:Illuminate/Pipeline/Pipeline::carry():184}:185}()
#48 C:/xampp5/htdocs/Project_SIMRS/mediscare/vendor/laravel/framework/src/Illuminate/Routing/Router.php(807): Illuminate/Pipeline/Pipeline->then()
#49 C:/xampp5/htdocs/Project_SIMRS/mediscare/vendor/laravel/framework/src/Illuminate/Routing/Router.php(786): Illuminate/Routing/Router->runRouteWithinStack()
#50 C:/xampp5/htdocs/Project_SIMRS/mediscare/vendor/laravel/framework/src/Illuminate/Routing/Router.php(750): Illuminate/Routing/Router->runRoute()
#51 C:/xampp5/htdocs/Project_SIMRS/mediscare/vendor/laravel/framework/src/Illuminate/Routing/Router.php(739): Illuminate/Routing/Router->dispatchToRoute()
#52 C:/xampp5/htdocs/Project_SIMRS/mediscare/vendor/laravel/framework/src/Illuminate/Foundation/Http/Kernel.php(201): Illuminate/Routing/Router->dispatch()
#53 C:/xampp5/htdocs/Project_SIMRS/mediscare/vendor/laravel/framework/src/Illuminate/Pipeline/Pipeline.php(170): Illuminate/Foundation/Http/Kernel->{closure:Illuminate/Foundation/Http/Kernel::dispatchToRouter():198}()
#54 C:/xampp5/htdocs/Project_SIMRS/mediscare/vendor/laravel/framework/src/Illuminate/Foundation/Http/Middleware/TransformsRequest.php(21): Illuminate/Pipeline/Pipeline->{closure:Illuminate/Pipeline/Pipeline::prepareDestination():168}()
#55 C:/xampp5/htdocs/Project_SIMRS/mediscare/vendor/laravel/framework/src/Illuminate/Foundation/Http/Middleware/ConvertEmptyStringsToNull.php(31): Illuminate/Foundation/Http/Middleware/TransformsRequest->handle()
#56 C:/xampp5/htdocs/Project_SIMRS/mediscare/vendor/laravel/framework/src/Illuminate/Pipeline/Pipeline.php(209): Illuminate/Foundation/Http/Middleware/ConvertEmptyStringsToNull->handle()
#57 C:/xampp5/htdocs/Project_SIMRS/mediscare/vendor/laravel/framework/src/Illuminate/Foundation/Http/Middleware/TransformsRequest.php(21): Illuminate/Pipeline/Pipeline->{closure:{closure:Illuminate/Pipeline/Pipeline::carry():184}:185}()
#58 C:/xampp5/htdocs/Project_SIMRS/mediscare/vendor/laravel/framework/src/Illuminate/Foundation/Http/Middleware/TrimStrings.php(51): Illuminate/Foundation/Http/Middleware/TransformsRequest->handle()
#59 C:/xampp5/htdocs/Project_SIMRS/mediscare/vendor/laravel/framework/src/Illuminate/Pipeline/Pipeline.php(209): Illuminate/Foundation/Http/Middleware/TrimStrings->handle()
#60 C:/xampp5/htdocs/Project_SIMRS/mediscare/vendor/laravel/framework/src/Illuminate/Http/Middleware/ValidatePostSize.php(27): Illuminate/Pipeline/Pipeline->{closure:{closure:Illuminate/Pipeline/Pipeline::carry():184}:185}()
#61 C:/xampp5/htdocs/Project_SIMRS/mediscare/vendor/laravel/framework/src/Illuminate/Pipeline/Pipeline.php(209): Illuminate/Http/Middleware/ValidatePostSize->handle()
#62 C:/xampp5/htdocs/Project_SIMRS/mediscare/vendor/laravel/framework/src/Illuminate/Foundation/Http/Middleware/PreventRequestsDuringMaintenance.php(110): Illuminate/Pipeline/Pipeline->{closure:{closure:Illuminate/Pipeline/Pipeline::carry():184}:185}()
#63 C:/xampp5/htdocs/Project_SIMRS/mediscare/vendor/laravel/framework/src/Illuminate/Pipeline/Pipeline.php(209): Illuminate/Foundation/Http/Middleware/PreventRequestsDuringMaintenance->handle()
#64 C:/xampp5/htdocs/Project_SIMRS/mediscare/vendor/laravel/framework/src/Illuminate/Http/Middleware/HandleCors.php(49): Illuminate/Pipeline/Pipeline->{closure:{closure:Illuminate/Pipeline/Pipeline::carry():184}:185}()
#65 C:/xampp5/htdocs/Project_SIMRS/mediscare/vendor/laravel/framework/src/Illuminate/Pipeline/Pipeline.php(209): Illuminate/Http/Middleware/HandleCors->handle()
#66 C:/xampp5/htdocs/Project_SIMRS/mediscare/vendor/laravel/framework/src/Illuminate/Http/Middleware/TrustProxies.php(58): Illuminate/Pipeline/Pipeline->{closure:{closure:Illuminate/Pipeline/Pipeline::carry():184}:185}()
#67 C:/xampp5/htdocs/Project_SIMRS/mediscare/vendor/laravel/framework/src/Illuminate/Pipeline/Pipeline.php(209): Illuminate/Http/Middleware/TrustProxies->handle()
#68 C:/xampp5/htdocs/Project_SIMRS/mediscare/vendor/laravel/framework/src/Illuminate/Foundation/Http/Middleware/InvokeDeferredCallbacks.php(22): Illuminate/Pipeline/Pipeline->{closure:{closure:Illuminate/Pipeline/Pipeline::carry():184}:185}()
#69 C:/xampp5/htdocs/Project_SIMRS/mediscare/vendor/laravel/framework/src/Illuminate/Pipeline/Pipeline.php(209): Illuminate/Foundation/Http/Middleware/InvokeDeferredCallbacks->handle()
#70 C:/xampp5/htdocs/Project_SIMRS/mediscare/vendor/laravel/framework/src/Illuminate/Pipeline/Pipeline.php(127): Illuminate/Pipeline/Pipeline->{closure:{closure:Illuminate/Pipeline/Pipeline::carry():184}:185}()
#71 C:/xampp5/htdocs/Project_SIMRS/mediscare/vendor/laravel/framework/src/Illuminate/Foundation/Http/Kernel.php(176): Illuminate/Pipeline/Pipeline->then()
#72 C:/xampp5/htdocs/Project_SIMRS/mediscare/vendor/laravel/framework/src/Illuminate/Foundation/Http/Kernel.php(145): Illuminate/Foundation/Http/Kernel->sendRequestThroughRouter()
#73 C:/xampp5/htdocs/Project_SIMRS/mediscare/vendor/laravel/framework/src/Illuminate/Foundation/Testing/Concerns/MakesHttpRequests.php(607): Illuminate/Foundation/Http/Kernel->handle()
#74 C:/xampp5/htdocs/Project_SIMRS/mediscare/vendor/laravel/framework/src/Illuminate/Foundation/Testing/Concerns/MakesHttpRequests.php(397): Illuminate/Foundation/Testing/TestCase->call()
#75 C:/xampp5/htdocs/Project_SIMRS/mediscare/tests/Feature/RegistrationAndQueueTest.php(42): Illuminate/Foundation/Testing/TestCase->post()
#76 C:/xampp5/htdocs/Project_SIMRS/mediscare/vendor/phpunit/phpunit/src/Framework/TestCase.php(1667): Tests/Feature/RegistrationAndQueueTest->test_registering_existing_patient_generates_sequential_queue_numbers()
#77 C:/xampp5/htdocs/Project_SIMRS/mediscare/vendor/phpunit/phpunit/src/Framework/TestCase.php(519): PHPUnit/Framework/TestCase->runTest()
#78 C:/xampp5/htdocs/Project_SIMRS/mediscare/vendor/phpunit/phpunit/src/Framework/TestRunner/TestRunner.php(87): PHPUnit/Framework/TestCase->runBare()
#79 C:/xampp5/htdocs/Project_SIMRS/mediscare/vendor/phpunit/phpunit/src/Framework/TestCase.php(365): PHPUnit/Framework/TestRunner->run()
#80 C:/xampp5/htdocs/Project_SIMRS/mediscare/vendor/phpunit/phpunit/src/Framework/TestSuite.php(369): PHPUnit/Framework/TestCase->run()
#81 C:/xampp5/htdocs/Project_SIMRS/mediscare/vendor/phpunit/phpunit/src/Framework/TestSuite.php(369): PHPUnit/Framework/TestSuite->run()
#82 C:/xampp5/htdocs/Project_SIMRS/mediscare/vendor/phpunit/phpunit/src/Framework/TestSuite.php(369): PHPUnit/Framework/TestSuite->run()
#83 C:/xampp5/htdocs/Project_SIMRS/mediscare/vendor/phpunit/phpunit/src/TextUI/TestRunner.php(64): PHPUnit/Framework/TestSuite->run()
#84 C:/xampp5/htdocs/Project_SIMRS/mediscare/vendor/phpunit/phpunit/src/TextUI/Application.php(211): PHPUnit/TextUI/TestRunner->run()
#85 C:/xampp5/htdocs/Project_SIMRS/mediscare/vendor/phpunit/phpunit/phpunit(104): PHPUnit/TextUI/Application->run()
#86 {main}
"} 
[2026-09-08 23:32:34] testing.ERROR: SQLSTATE[23000]: Integrity constraint violation: 19 UNIQUE constraint failed: queues.polyclinic_id, queues.queue_date, queues.queue_number (Connection: sqlite, SQL: insert into "queues" ("appointment_id", "polyclinic_id", "queue_number", "queue_date", "status", "updated_at", "created_at") values (2, 1, A-001, 2026-09-08 00:00:00, waiting, 2026-09-08 23:32:34, 2026-09-08 23:32:34)) {"userId":1,"exception":"[object] (Illuminate\\Database\\UniqueConstraintViolationException(code: 23000): SQLSTATE[23000]: Integrity constraint violation: 19 UNIQUE constraint failed: queues.polyclinic_id, queues.queue_date, queues.queue_number (Connection: sqlite, SQL: insert into \"queues\" (\"appointment_id\", \"polyclinic_id\", \"queue_number\", \"queue_date\", \"status\", \"updated_at\", \"created_at\") values (2, 1, A-001, 2026-09-08 00:00:00, waiting, 2026-09-08 23:32:34, 2026-09-08 23:32:34)) at C:/xampp5/htdocs/Project_SIMRS/mediscare/vendor/laravel/framework/src/Illuminate/Database/Connection.php:820)
[stacktrace]
#0 C:/xampp5/htdocs/Project_SIMRS/mediscare/vendor/laravel/framework/src/Illuminate/Database/Connection.php(779): Illuminate/Database/Connection->runQueryCallback()
#1 C:/xampp5/htdocs/Project_SIMRS/mediscare/vendor/laravel/framework/src/Illuminate/Database/Connection.php(560): Illuminate/Database/Connection->run()
#2 C:/xampp5/htdocs/Project_SIMRS/mediscare/vendor/laravel/framework/src/Illuminate/Database/Connection.php(524): Illuminate/Database/Connection->statement()
#3 C:/xampp5/htdocs/Project_SIMRS/mediscare/vendor/laravel/framework/src/Illuminate/Database/Query/Processors/Processor.php(32): Illuminate/Database/Connection->insert()
#4 C:/xampp5/htdocs/Project_SIMRS/mediscare/vendor/laravel/framework/src/Illuminate/Database/Query/Builder.php(3766): Illuminate/Database/Query/Processors/Processor->processInsertGetId()
#5 C:/xampp5/htdocs/Project_SIMRS/mediscare/vendor/laravel/framework/src/Illuminate/Database/Eloquent/Builder.php(2120): Illuminate/Database/Query/Builder->insertGetId()
#6 C:/xampp5/htdocs/Project_SIMRS/mediscare/vendor/laravel/framework/src/Illuminate/Database/Eloquent/Model.php(1359): Illuminate/Database/Eloquent/Builder->__call()
#7 C:/xampp5/htdocs/Project_SIMRS/mediscare/vendor/laravel/framework/src/Illuminate/Database/Eloquent/Model.php(1324): Illuminate/Database/Eloquent/Model->insertAndSetId()
#8 C:/xampp5/htdocs/Project_SIMRS/mediscare/vendor/laravel/framework/src/Illuminate/Database/Eloquent/Model.php(1163): Illuminate/Database/Eloquent/Model->performInsert()
#9 C:/xampp5/htdocs/Project_SIMRS/mediscare/vendor/laravel/framework/src/Illuminate/Database/Eloquent/Builder.php(1128): Illuminate/Database/Eloquent/Model->save()
#10 C:/xampp5/htdocs/Project_SIMRS/mediscare/vendor/laravel/framework/src/Illuminate/Support/helpers.php(399): Illuminate/Database/Eloquent/Builder->{closure:Illuminate/Database/Eloquent/Builder::create():1127}()
#11 C:/xampp5/htdocs/Project_SIMRS/mediscare/vendor/laravel/framework/src/Illuminate/Database/Eloquent/Builder.php(1127): tap()
#12 C:/xampp5/htdocs/Project_SIMRS/mediscare/vendor/laravel/framework/src/Illuminate/Support/Traits/ForwardsCalls.php(23): Illuminate/Database/Eloquent/Builder->create()
#13 C:/xampp5/htdocs/Project_SIMRS/mediscare/vendor/laravel/framework/src/Illuminate/Database/Eloquent/Model.php(2372): Illuminate/Database/Eloquent/Model->forwardCallTo()
#14 C:/xampp5/htdocs/Project_SIMRS/mediscare/vendor/laravel/framework/src/Illuminate/Database/Eloquent/Model.php(2384): Illuminate/Database/Eloquent/Model->__call()
#15 C:/xampp5/htdocs/Project_SIMRS/mediscare/app/Services/RegistrationService.php(50): Illuminate/Database/Eloquent/Model::__callStatic()
#16 C:/xampp5/htdocs/Project_SIMRS/mediscare/vendor/laravel/framework/src/Illuminate/Database/Concerns/ManagesTransactions.php(32): App/Services/RegistrationService->{closure:App/Services/RegistrationService::register():24}()
#17 C:/xampp5/htdocs/Project_SIMRS/mediscare/vendor/laravel/framework/src/Illuminate/Database/DatabaseManager.php(495): Illuminate/Database/Connection->transaction()
#18 C:/xampp5/htdocs/Project_SIMRS/mediscare/vendor/laravel/framework/src/Illuminate/Support/Facades/Facade.php(361): Illuminate/Database/DatabaseManager->__call()
#19 C:/xampp5/htdocs/Project_SIMRS/mediscare/app/Services/RegistrationService.php(24): Illuminate/Support/Facades/Facade::__callStatic()
#20 C:/xampp5/htdocs/Project_SIMRS/mediscare/app/Http/Controllers/Web/RegistrationController.php(55): App/Services/RegistrationService->register()
#21 C:/xampp5/htdocs/Project_SIMRS/mediscare/vendor/laravel/framework/src/Illuminate/Routing/ControllerDispatcher.php(47): App/Http/Controllers/Web/RegistrationController->store()
#22 C:/xampp5/htdocs/Project_SIMRS/mediscare/vendor/laravel/framework/src/Illuminate/Routing/Route.php(266): Illuminate/Routing/ControllerDispatcher->dispatch()
#23 C:/xampp5/htdocs/Project_SIMRS/mediscare/vendor/laravel/framework/src/Illuminate/Routing/Route.php(212): Illuminate/Routing/Route->runController()
#24 C:/xampp5/htdocs/Project_SIMRS/mediscare/vendor/laravel/framework/src/Illuminate/Routing/Router.php(808): Illuminate/Routing/Route->run()
#25 C:/xampp5/htdocs/Project_SIMRS/mediscare/vendor/laravel/framework/src/Illuminate/Pipeline/Pipeline.php(170): Illuminate/Routing/Router->{closure:Illuminate/Routing/Router::runRouteWithinStack():807}()
#26 C:/xampp5/htdocs/Project_SIMRS/mediscare/app/Http/Middleware/CheckPermission.php(28): Illuminate/Pipeline/Pipeline->{closure:Illuminate/Pipeline/Pipeline::prepareDestination():168}()
#27 C:/xampp5/htdocs/Project_SIMRS/mediscare/vendor/laravel/framework/src/Illuminate/Pipeline/Pipeline.php(209): App/Http/Middleware/CheckPermission->handle()
#28 C:/xampp5/htdocs/Project_SIMRS/mediscare/app/Http/Middleware/EnsureSessionIsFresh.php(31): Illuminate/Pipeline/Pipeline->{closure:{closure:Illuminate/Pipeline/Pipeline::carry():184}:185}()
#29 C:/xampp5/htdocs/Project_SIMRS/mediscare/vendor/laravel/framework/src/Illuminate/Pipeline/Pipeline.php(209): App/Http/Middleware/EnsureSessionIsFresh->handle()
#30 C:/xampp5/htdocs/Project_SIMRS/mediscare/vendor/laravel/framework/src/Illuminate/Routing/Middleware/SubstituteBindings.php(51): Illuminate/Pipeline/Pipeline->{closure:{closure:Illuminate/Pipeline/Pipeline::carry():184}:185}()
#31 C:/xampp5/htdocs/Project_SIMRS/mediscare/vendor/laravel/framework/src/Illuminate/Pipeline/Pipeline.php(209): Illuminate/Routing/Middleware/SubstituteBindings->handle()
#32 C:/xampp5/htdocs/Project_SIMRS/mediscare/vendor/laravel/framework/src/Illuminate/Auth/Middleware/Authenticate.php(64): Illuminate/Pipeline/Pipeline->{closure:{closure:Illuminate/Pipeline/Pipeline::carry():184}:185}()
#33 C:/xampp5/htdocs/Project_SIMRS/mediscare/vendor/laravel/framework/src/Illuminate/Pipeline/Pipeline.php(209): Illuminate/Auth/Middleware/Authenticate->handle()
#34 C:/xampp5/htdocs/Project_SIMRS/mediscare/vendor/laravel/framework/src/Illuminate/Foundation/Http/Middleware/VerifyCsrfToken.php(88): Illuminate/Pipeline/Pipeline->{closure:{closure:Illuminate/Pipeline/Pipeline::carry():184}:185}()
#35 C:/xampp5/htdocs/Project_SIMRS/mediscare/vendor/laravel/framework/src/Illuminate/Pipeline/Pipeline.php(209): Illuminate/Foundation/Http/Middleware/VerifyCsrfToken->handle()
#36 C:/xampp5/htdocs/Project_SIMRS/mediscare/vendor/laravel/framework/src/Illuminate/View/Middleware/ShareErrorsFromSession.php(49): Illuminate/Pipeline/Pipeline->{closure:{closure:Illuminate/Pipeline/Pipeline::carry():184}:185}()
#37 C:/xampp5/htdocs/Project_SIMRS/mediscare/vendor/laravel/framework/src/Illuminate/Pipeline/Pipeline.php(209): Illuminate/View/Middleware/ShareErrorsFromSession->handle()
#38 C:/xampp5/htdocs/Project_SIMRS/mediscare/vendor/laravel/framework/src/Illuminate/Session/Middleware/StartSession.php(121): Illuminate/Pipeline/Pipeline->{closure:{closure:Illuminate/Pipeline/Pipeline::carry():184}:185}()
#39 C:/xampp5/htdocs/Project_SIMRS/mediscare/vendor/laravel/framework/src/Illuminate/Session/Middleware/StartSession.php(64): Illuminate/Session/Middleware/StartSession->handleStatefulRequest()
#40 C:/xampp5/htdocs/Project_SIMRS/mediscare/vendor/laravel/framework/src/Illuminate/Pipeline/Pipeline.php(209): Illuminate/Session/Middleware/StartSession->handle()
#41 C:/xampp5/htdocs/Project_SIMRS/mediscare/vendor/laravel/framework/src/Illuminate/Cookie/Middleware/AddQueuedCookiesToResponse.php(37): Illuminate/Pipeline/Pipeline->{closure:{closure:Illuminate/Pipeline/Pipeline::carry():184}:185}()
#42 C:/xampp5/htdocs/Project_SIMRS/mediscare/vendor/laravel/framework/src/Illuminate/Pipeline/Pipeline.php(209): Illuminate/Cookie/Middleware/AddQueuedCookiesToResponse->handle()
#43 C:/xampp5/htdocs/Project_SIMRS/mediscare/vendor/laravel/framework/src/Illuminate/Cookie/Middleware/EncryptCookies.php(75): Illuminate/Pipeline/Pipeline->{closure:{closure:Illuminate/Pipeline/Pipeline::carry():184}:185}()
#44 C:/xampp5/htdocs/Project_SIMRS/mediscare/vendor/laravel/framework/src/Illuminate/Pipeline/Pipeline.php(209): Illuminate/Cookie/Middleware/EncryptCookies->handle()
#45 C:/xampp5/htdocs/Project_SIMRS/mediscare/vendor/laravel/framework/src/Illuminate/Pipeline/Pipeline.php(127): Illuminate/Pipeline/Pipeline->{closure:{closure:Illuminate/Pipeline/Pipeline::carry():184}:185}()
#46 C:/xampp5/htdocs/Project_SIMRS/mediscare/vendor/laravel/framework/src/Illuminate/Routing/Router.php(807): Illuminate/Pipeline/Pipeline->then()
#47 C:/xampp5/htdocs/Project_SIMRS/mediscare/vendor/laravel/framework/src/Illuminate/Routing/Router.php(786): Illuminate/Routing/Router->runRouteWithinStack()
#48 C:/xampp5/htdocs/Project_SIMRS/mediscare/vendor/laravel/framework/src/Illuminate/Routing/Router.php(750): Illuminate/Routing/Router->runRoute()
#49 C:/xampp5/htdocs/Project_SIMRS/mediscare/vendor/laravel/framework/src/Illuminate/Routing/Router.php(739): Illuminate/Routing/Router->dispatchToRoute()
#50 C:/xampp5/htdocs/Project_SIMRS/mediscare/vendor/laravel/framework/src/Illuminate/Foundation/Http/Kernel.php(201): Illuminate/Routing/Router->dispatch()
#51 C:/xampp5/htdocs/Project_SIMRS/mediscare/vendor/laravel/framework/src/Illuminate/Pipeline/Pipeline.php(170): Illuminate/Foundation/Http/Kernel->{closure:Illuminate/Foundation/Http/Kernel::dispatchToRouter():198}()
#52 C:/xampp5/htdocs/Project_SIMRS/mediscare/vendor/laravel/framework/src/Illuminate/Foundation/Http/Middleware/TransformsRequest.php(21): Illuminate/Pipeline/Pipeline->{closure:Illuminate/Pipeline/Pipeline::prepareDestination():168}()
#53 C:/xampp5/htdocs/Project_SIMRS/mediscare/vendor/laravel/framework/src/Illuminate/Foundation/Http/Middleware/ConvertEmptyStringsToNull.php(31): Illuminate/Foundation/Http/Middleware/TransformsRequest->handle()
#54 C:/xampp5/htdocs/Project_SIMRS/mediscare/vendor/laravel/framework/src/Illuminate/Pipeline/Pipeline.php(209): Illuminate/Foundation/Http/Middleware/ConvertEmptyStringsToNull->handle()
#55 C:/xampp5/htdocs/Project_SIMRS/mediscare/vendor/laravel/framework/src/Illuminate/Foundation/Http/Middleware/TransformsRequest.php(21): Illuminate/Pipeline/Pipeline->{closure:{closure:Illuminate/Pipeline/Pipeline::carry():184}:185}()
#56 C:/xampp5/htdocs/Project_SIMRS/mediscare/vendor/laravel/framework/src/Illuminate/Foundation/Http/Middleware/TrimStrings.php(51): Illuminate/Foundation/Http/Middleware/TransformsRequest->handle()
#57 C:/xampp5/htdocs/Project_SIMRS/mediscare/vendor/laravel/framework/src/Illuminate/Pipeline/Pipeline.php(209): Illuminate/Foundation/Http/Middleware/TrimStrings->handle()
#58 C:/xampp5/htdocs/Project_SIMRS/mediscare/vendor/laravel/framework/src/Illuminate/Http/Middleware/ValidatePostSize.php(27): Illuminate/Pipeline/Pipeline->{closure:{closure:Illuminate/Pipeline/Pipeline::carry():184}:185}()
#59 C:/xampp5/htdocs/Project_SIMRS/mediscare/vendor/laravel/framework/src/Illuminate/Pipeline/Pipeline.php(209): Illuminate/Http/Middleware/ValidatePostSize->handle()
#60 C:/xampp5/htdocs/Project_SIMRS/mediscare/vendor/laravel/framework/src/Illuminate/Foundation/Http/Middleware/PreventRequestsDuringMaintenance.php(110): Illuminate/Pipeline/Pipeline->{closure:{closure:Illuminate/Pipeline/Pipeline::carry():184}:185}()
#61 C:/xampp5/htdocs/Project_SIMRS/mediscare/vendor/laravel/framework/src/Illuminate/Pipeline/Pipeline.php(209): Illuminate/Foundation/Http/Middleware/PreventRequestsDuringMaintenance->handle()
#62 C:/xampp5/htdocs/Project_SIMRS/mediscare/vendor/laravel/framework/src/Illuminate/Http/Middleware/HandleCors.php(49): Illuminate/Pipeline/Pipeline->{closure:{closure:Illuminate/Pipeline/Pipeline::carry():184}:185}()
#63 C:/xampp5/htdocs/Project_SIMRS/mediscare/vendor/laravel/framework/src/Illuminate/Pipeline/Pipeline.php(209): Illuminate/Http/Middleware/HandleCors->handle()
#64 C:/xampp5/htdocs/Project_SIMRS/mediscare/vendor/laravel/framework/src/Illuminate/Http/Middleware/TrustProxies.php(58): Illuminate/Pipeline/Pipeline->{closure:{closure:Illuminate/Pipeline/Pipeline::carry():184}:185}()
#65 C:/xampp5/htdocs/Project_SIMRS/mediscare/vendor/laravel/framework/src/Illuminate/Pipeline/Pipeline.php(209): Illuminate/Http/Middleware/TrustProxies->handle()
#66 C:/xampp5/htdocs/Project_SIMRS/mediscare/vendor/laravel/framework/src/Illuminate/Foundation/Http/Middleware/InvokeDeferredCallbacks.php(22): Illuminate/Pipeline/Pipeline->{closure:{closure:Illuminate/Pipeline/Pipeline::carry():184}:185}()
#67 C:/xampp5/htdocs/Project_SIMRS/mediscare/vendor/laravel/framework/src/Illuminate/Pipeline/Pipeline.php(209): Illuminate/Foundation/Http/Middleware/InvokeDeferredCallbacks->handle()
#68 C:/xampp5/htdocs/Project_SIMRS/mediscare/vendor/laravel/framework/src/Illuminate/Pipeline/Pipeline.php(127): Illuminate/Pipeline/Pipeline->{closure:{closure:Illuminate/Pipeline/Pipeline::carry():184}:185}()
#69 C:/xampp5/htdocs/Project_SIMRS/mediscare/vendor/laravel/framework/src/Illuminate/Foundation/Http/Kernel.php(176): Illuminate/Pipeline/Pipeline->then()
#70 C:/xampp5/htdocs/Project_SIMRS/mediscare/vendor/laravel/framework/src/Illuminate/Foundation/Http/Kernel.php(145): Illuminate/Foundation/Http/Kernel->sendRequestThroughRouter()
#71 C:/xampp5/htdocs/Project_SIMRS/mediscare/vendor/laravel/framework/src/Illuminate/Foundation/Testing/Concerns/MakesHttpRequests.php(607): Illuminate/Foundation/Http/Kernel->handle()
#72 C:/xampp5/htdocs/Project_SIMRS/mediscare/vendor/laravel/framework/src/Illuminate/Foundation/Testing/Concerns/MakesHttpRequests.php(397): Illuminate/Foundation/Testing/TestCase->call()
#73 C:/xampp5/htdocs/Project_SIMRS/mediscare/tests/Feature/RegistrationAndQueueTest.php(42): Illuminate/Foundation/Testing/TestCase->post()
#74 C:/xampp5/htdocs/Project_SIMRS/mediscare/vendor/phpunit/phpunit/src/Framework/TestCase.php(1667): Tests/Feature/RegistrationAndQueueTest->test_registering_existing_patient_generates_sequential_queue_numbers()
#75 C:/xampp5/htdocs/Project_SIMRS/mediscare/vendor/phpunit/phpunit/src/Framework/TestCase.php(519): PHPUnit/Framework/TestCase->runTest()
#76 C:/xampp5/htdocs/Project_SIMRS/mediscare/vendor/phpunit/phpunit/src/Framework/TestRunner/TestRunner.php(87): PHPUnit/Framework/TestCase->runBare()
#77 C:/xampp5/htdocs/Project_SIMRS/mediscare/vendor/phpunit/phpunit/src/Framework/TestCase.php(365): PHPUnit/Framework/TestRunner->run()
#78 C:/xampp5/htdocs/Project_SIMRS/mediscare/vendor/phpunit/phpunit/src/Framework/TestSuite.php(369): PHPUnit/Framework/TestCase->run()
#79 C:/xampp5/htdocs/Project_SIMRS/mediscare/vendor/phpunit/phpunit/src/Framework/TestSuite.php(369): PHPUnit/Framework/TestSuite->run()
#80 C:/xampp5/htdocs/Project_SIMRS/mediscare/vendor/phpunit/phpunit/src/Framework/TestSuite.php(369): PHPUnit/Framework/TestSuite->run()
#81 C:/xampp5/htdocs/Project_SIMRS/mediscare/vendor/phpunit/phpunit/src/TextUI/TestRunner.php(64): PHPUnit/Framework/TestSuite->run()
#82 C:/xampp5/htdocs/Project_SIMRS/mediscare/vendor/phpunit/phpunit/src/TextUI/Application.php(211): PHPUnit/TextUI/TestRunner->run()
#83 C:/xampp5/htdocs/Project_SIMRS/mediscare/vendor/phpunit/phpunit/phpunit(104): PHPUnit/TextUI/Application->run()
#84 {main}

[previous exception] [object] (PDOException(code: 23000): SQLSTATE[23000]: Integrity constraint violation: 19 UNIQUE constraint failed: queues.polyclinic_id, queues.queue_date, queues.queue_number at C:/xampp5/htdocs/Project_SIMRS/mediscare/vendor/laravel/framework/src/Illuminate/Database/Connection.php:571)
[stacktrace]
#0 C:/xampp5/htdocs/Project_SIMRS/mediscare/vendor/laravel/framework/src/Illuminate/Database/Connection.php(571): PDOStatement->execute()
#1 C:/xampp5/htdocs/Project_SIMRS/mediscare/vendor/laravel/framework/src/Illuminate/Database/Connection.php(812): Illuminate/Database/Connection->{closure:Illuminate/Database/Connection::statement():560}()
#2 C:/xampp5/htdocs/Project_SIMRS/mediscare/vendor/laravel/framework/src/Illuminate/Database/Connection.php(779): Illuminate/Database/Connection->runQueryCallback()
#3 C:/xampp5/htdocs/Project_SIMRS/mediscare/vendor/laravel/framework/src/Illuminate/Database/Connection.php(560): Illuminate/Database/Connection->run()
#4 C:/xampp5/htdocs/Project_SIMRS/mediscare/vendor/laravel/framework/src/Illuminate/Database/Connection.php(524): Illuminate/Database/Connection->statement()
#5 C:/xampp5/htdocs/Project_SIMRS/mediscare/vendor/laravel/framework/src/Illuminate/Database/Query/Processors/Processor.php(32): Illuminate/Database/Connection->insert()
#6 C:/xampp5/htdocs/Project_SIMRS/mediscare/vendor/laravel/framework/src/Illuminate/Database/Query/Builder.php(3766): Illuminate/Database/Query/Processors/Processor->processInsertGetId()
#7 C:/xampp5/htdocs/Project_SIMRS/mediscare/vendor/laravel/framework/src/Illuminate/Database/Eloquent/Builder.php(2120): Illuminate/Database/Query/Builder->insertGetId()
#8 C:/xampp5/htdocs/Project_SIMRS/mediscare/vendor/laravel/framework/src/Illuminate/Database/Eloquent/Model.php(1359): Illuminate/Database/Eloquent/Builder->__call()
#9 C:/xampp5/htdocs/Project_SIMRS/mediscare/vendor/laravel/framework/src/Illuminate/Database/Eloquent/Model.php(1324): Illuminate/Database/Eloquent/Model->insertAndSetId()
#10 C:/xampp5/htdocs/Project_SIMRS/mediscare/vendor/laravel/framework/src/Illuminate/Database/Eloquent/Model.php(1163): Illuminate/Database/Eloquent/Model->performInsert()
#11 C:/xampp5/htdocs/Project_SIMRS/mediscare/vendor/laravel/framework/src/Illuminate/Database/Eloquent/Builder.php(1128): Illuminate/Database/Eloquent/Model->save()
#12 C:/xampp5/htdocs/Project_SIMRS/mediscare/vendor/laravel/framework/src/Illuminate/Support/helpers.php(399): Illuminate/Database/Eloquent/Builder->{closure:Illuminate/Database/Eloquent/Builder::create():1127}()
#13 C:/xampp5/htdocs/Project_SIMRS/mediscare/vendor/laravel/framework/src/Illuminate/Database/Eloquent/Builder.php(1127): tap()
#14 C:/xampp5/htdocs/Project_SIMRS/mediscare/vendor/laravel/framework/src/Illuminate/Support/Traits/ForwardsCalls.php(23): Illuminate/Database/Eloquent/Builder->create()
#15 C:/xampp5/htdocs/Project_SIMRS/mediscare/vendor/laravel/framework/src/Illuminate/Database/Eloquent/Model.php(2372): Illuminate/Database/Eloquent/Model->forwardCallTo()
#16 C:/xampp5/htdocs/Project_SIMRS/mediscare/vendor/laravel/framework/src/Illuminate/Database/Eloquent/Model.php(2384): Illuminate/Database/Eloquent/Model->__call()
#17 C:/xampp5/htdocs/Project_SIMRS/mediscare/app/Services/RegistrationService.php(50): Illuminate/Database/Eloquent/Model::__callStatic()
#18 C:/xampp5/htdocs/Project_SIMRS/mediscare/vendor/laravel/framework/src/Illuminate/Database/Concerns/ManagesTransactions.php(32): App/Services/RegistrationService->{closure:App/Services/RegistrationService::register():24}()
#19 C:/xampp5/htdocs/Project_SIMRS/mediscare/vendor/laravel/framework/src/Illuminate/Database/DatabaseManager.php(495): Illuminate/Database/Connection->transaction()
#20 C:/xampp5/htdocs/Project_SIMRS/mediscare/vendor/laravel/framework/src/Illuminate/Support/Facades/Facade.php(361): Illuminate/Database/DatabaseManager->__call()
#21 C:/xampp5/htdocs/Project_SIMRS/mediscare/app/Services/RegistrationService.php(24): Illuminate/Support/Facades/Facade::__callStatic()
#22 C:/xampp5/htdocs/Project_SIMRS/mediscare/app/Http/Controllers/Web/RegistrationController.php(55): App/Services/RegistrationService->register()
#23 C:/xampp5/htdocs/Project_SIMRS/mediscare/vendor/laravel/framework/src/Illuminate/Routing/ControllerDispatcher.php(47): App/Http/Controllers/Web/RegistrationController->store()
#24 C:/xampp5/htdocs/Project_SIMRS/mediscare/vendor/laravel/framework/src/Illuminate/Routing/Route.php(266): Illuminate/Routing/ControllerDispatcher->dispatch()
#25 C:/xampp5/htdocs/Project_SIMRS/mediscare/vendor/laravel/framework/src/Illuminate/Routing/Route.php(212): Illuminate/Routing/Route->runController()
#26 C:/xampp5/htdocs/Project_SIMRS/mediscare/vendor/laravel/framework/src/Illuminate/Routing/Router.php(808): Illuminate/Routing/Route->run()
#27 C:/xampp5/htdocs/Project_SIMRS/mediscare/vendor/laravel/framework/src/Illuminate/Pipeline/Pipeline.php(170): Illuminate/Routing/Router->{closure:Illuminate/Routing/Router::runRouteWithinStack():807}()
#28 C:/xampp5/htdocs/Project_SIMRS/mediscare/app/Http/Middleware/CheckPermission.php(28): Illuminate/Pipeline/Pipeline->{closure:Illuminate/Pipeline/Pipeline::prepareDestination():168}()
#29 C:/xampp5/htdocs/Project_SIMRS/mediscare/vendor/laravel/framework/src/Illuminate/Pipeline/Pipeline.php(209): App/Http/Middleware/CheckPermission->handle()
#30 C:/xampp5/htdocs/Project_SIMRS/mediscare/app/Http/Middleware/EnsureSessionIsFresh.php(31): Illuminate/Pipeline/Pipeline->{closure:{closure:Illuminate/Pipeline/Pipeline::carry():184}:185}()
#31 C:/xampp5/htdocs/Project_SIMRS/mediscare/vendor/laravel/framework/src/Illuminate/Pipeline/Pipeline.php(209): App/Http/Middleware/EnsureSessionIsFresh->handle()
#32 C:/xampp5/htdocs/Project_SIMRS/mediscare/vendor/laravel/framework/src/Illuminate/Routing/Middleware/SubstituteBindings.php(51): Illuminate/Pipeline/Pipeline->{closure:{closure:Illuminate/Pipeline/Pipeline::carry():184}:185}()
#33 C:/xampp5/htdocs/Project_SIMRS/mediscare/vendor/laravel/framework/src/Illuminate/Pipeline/Pipeline.php(209): Illuminate/Routing/Middleware/SubstituteBindings->handle()
#34 C:/xampp5/htdocs/Project_SIMRS/mediscare/vendor/laravel/framework/src/Illuminate/Auth/Middleware/Authenticate.php(64): Illuminate/Pipeline/Pipeline->{closure:{closure:Illuminate/Pipeline/Pipeline::carry():184}:185}()
#35 C:/xampp5/htdocs/Project_SIMRS/mediscare/vendor/laravel/framework/src/Illuminate/Pipeline/Pipeline.php(209): Illuminate/Auth/Middleware/Authenticate->handle()
#36 C:/xampp5/htdocs/Project_SIMRS/mediscare/vendor/laravel/framework/src/Illuminate/Foundation/Http/Middleware/VerifyCsrfToken.php(88): Illuminate/Pipeline/Pipeline->{closure:{closure:Illuminate/Pipeline/Pipeline::carry():184}:185}()
#37 C:/xampp5/htdocs/Project_SIMRS/mediscare/vendor/laravel/framework/src/Illuminate/Pipeline/Pipeline.php(209): Illuminate/Foundation/Http/Middleware/VerifyCsrfToken->handle()
#38 C:/xampp5/htdocs/Project_SIMRS/mediscare/vendor/laravel/framework/src/Illuminate/View/Middleware/ShareErrorsFromSession.php(49): Illuminate/Pipeline/Pipeline->{closure:{closure:Illuminate/Pipeline/Pipeline::carry():184}:185}()
#39 C:/xampp5/htdocs/Project_SIMRS/mediscare/vendor/laravel/framework/src/Illuminate/Pipeline/Pipeline.php(209): Illuminate/View/Middleware/ShareErrorsFromSession->handle()
#40 C:/xampp5/htdocs/Project_SIMRS/mediscare/vendor/laravel/framework/src/Illuminate/Session/Middleware/StartSession.php(121): Illuminate/Pipeline/Pipeline->{closure:{closure:Illuminate/Pipeline/Pipeline::carry():184}:185}()
#41 C:/xampp5/htdocs/Project_SIMRS/mediscare/vendor/laravel/framework/src/Illuminate/Session/Middleware/StartSession.php(64): Illuminate/Session/Middleware/StartSession->handleStatefulRequest()
#42 C:/xampp5/htdocs/Project_SIMRS/mediscare/vendor/laravel/framework/src/Illuminate/Pipeline/Pipeline.php(209): Illuminate/Session/Middleware/StartSession->handle()
#43 C:/xampp5/htdocs/Project_SIMRS/mediscare/vendor/laravel/framework/src/Illuminate/Cookie/Middleware/AddQueuedCookiesToResponse.php(37): Illuminate/Pipeline/Pipeline->{closure:{closure:Illuminate/Pipeline/Pipeline::carry():184}:185}()
#44 C:/xampp5/htdocs/Project_SIMRS/mediscare/vendor/laravel/framework/src/Illuminate/Pipeline/Pipeline.php(209): Illuminate/Cookie/Middleware/AddQueuedCookiesToResponse->handle()
#45 C:/xampp5/htdocs/Project_SIMRS/mediscare/vendor/laravel/framework/src/Illuminate/Cookie/Middleware/EncryptCookies.php(75): Illuminate/Pipeline/Pipeline->{closure:{closure:Illuminate/Pipeline/Pipeline::carry():184}:185}()
#46 C:/xampp5/htdocs/Project_SIMRS/mediscare/vendor/laravel/framework/src/Illuminate/Pipeline/Pipeline.php(209): Illuminate/Cookie/Middleware/EncryptCookies->handle()
#47 C:/xampp5/htdocs/Project_SIMRS/mediscare/vendor/laravel/framework/src/Illuminate/Pipeline/Pipeline.php(127): Illuminate/Pipeline/Pipeline->{closure:{closure:Illuminate/Pipeline/Pipeline::carry():184}:185}()
#48 C:/xampp5/htdocs/Project_SIMRS/mediscare/vendor/laravel/framework/src/Illuminate/Routing/Router.php(807): Illuminate/Pipeline/Pipeline->then()
#49 C:/xampp5/htdocs/Project_SIMRS/mediscare/vendor/laravel/framework/src/Illuminate/Routing/Router.php(786): Illuminate/Routing/Router->runRouteWithinStack()
#50 C:/xampp5/htdocs/Project_SIMRS/mediscare/vendor/laravel/framework/src/Illuminate/Routing/Router.php(750): Illuminate/Routing/Router->runRoute()
#51 C:/xampp5/htdocs/Project_SIMRS/mediscare/vendor/laravel/framework/src/Illuminate/Routing/Router.php(739): Illuminate/Routing/Router->dispatchToRoute()
#52 C:/xampp5/htdocs/Project_SIMRS/mediscare/vendor/laravel/framework/src/Illuminate/Foundation/Http/Kernel.php(201): Illuminate/Routing/Router->dispatch()
#53 C:/xampp5/htdocs/Project_SIMRS/mediscare/vendor/laravel/framework/src/Illuminate/Pipeline/Pipeline.php(170): Illuminate/Foundation/Http/Kernel->{closure:Illuminate/Foundation/Http/Kernel::dispatchToRouter():198}()
#54 C:/xampp5/htdocs/Project_SIMRS/mediscare/vendor/laravel/framework/src/Illuminate/Foundation/Http/Middleware/TransformsRequest.php(21): Illuminate/Pipeline/Pipeline->{closure:Illuminate/Pipeline/Pipeline::prepareDestination():168}()
#55 C:/xampp5/htdocs/Project_SIMRS/mediscare/vendor/laravel/framework/src/Illuminate/Foundation/Http/Middleware/ConvertEmptyStringsToNull.php(31): Illuminate/Foundation/Http/Middleware/TransformsRequest->handle()
#56 C:/xampp5/htdocs/Project_SIMRS/mediscare/vendor/laravel/framework/src/Illuminate/Pipeline/Pipeline.php(209): Illuminate/Foundation/Http/Middleware/ConvertEmptyStringsToNull->handle()
#57 C:/xampp5/htdocs/Project_SIMRS/mediscare/vendor/laravel/framework/src/Illuminate/Foundation/Http/Middleware/TransformsRequest.php(21): Illuminate/Pipeline/Pipeline->{closure:{closure:Illuminate/Pipeline/Pipeline::carry():184}:185}()
#58 C:/xampp5/htdocs/Project_SIMRS/mediscare/vendor/laravel/framework/src/Illuminate/Foundation/Http/Middleware/TrimStrings.php(51): Illuminate/Foundation/Http/Middleware/TransformsRequest->handle()
#59 C:/xampp5/htdocs/Project_SIMRS/mediscare/vendor/laravel/framework/src/Illuminate/Pipeline/Pipeline.php(209): Illuminate/Foundation/Http/Middleware/TrimStrings->handle()
#60 C:/xampp5/htdocs/Project_SIMRS/mediscare/vendor/laravel/framework/src/Illuminate/Http/Middleware/ValidatePostSize.php(27): Illuminate/Pipeline/Pipeline->{closure:{closure:Illuminate/Pipeline/Pipeline::carry():184}:185}()
#61 C:/xampp5/htdocs/Project_SIMRS/mediscare/vendor/laravel/framework/src/Illuminate/Pipeline/Pipeline.php(209): Illuminate/Http/Middleware/ValidatePostSize->handle()
#62 C:/xampp5/htdocs/Project_SIMRS/mediscare/vendor/laravel/framework/src/Illuminate/Foundation/Http/Middleware/PreventRequestsDuringMaintenance.php(110): Illuminate/Pipeline/Pipeline->{closure:{closure:Illuminate/Pipeline/Pipeline::carry():184}:185}()
#63 C:/xampp5/htdocs/Project_SIMRS/mediscare/vendor/laravel/framework/src/Illuminate/Pipeline/Pipeline.php(209): Illuminate/Foundation/Http/Middleware/PreventRequestsDuringMaintenance->handle()
#64 C:/xampp5/htdocs/Project_SIMRS/mediscare/vendor/laravel/framework/src/Illuminate/Http/Middleware/HandleCors.php(49): Illuminate/Pipeline/Pipeline->{closure:{closure:Illuminate/Pipeline/Pipeline::carry():184}:185}()
#65 C:/xampp5/htdocs/Project_SIMRS/mediscare/vendor/laravel/framework/src/Illuminate/Pipeline/Pipeline.php(209): Illuminate/Http/Middleware/HandleCors->handle()
#66 C:/xampp5/htdocs/Project_SIMRS/mediscare/vendor/laravel/framework/src/Illuminate/Http/Middleware/TrustProxies.php(58): Illuminate/Pipeline/Pipeline->{closure:{closure:Illuminate/Pipeline/Pipeline::carry():184}:185}()
#67 C:/xampp5/htdocs/Project_SIMRS/mediscare/vendor/laravel/framework/src/Illuminate/Pipeline/Pipeline.php(209): Illuminate/Http/Middleware/TrustProxies->handle()
#68 C:/xampp5/htdocs/Project_SIMRS/mediscare/vendor/laravel/framework/src/Illuminate/Foundation/Http/Middleware/InvokeDeferredCallbacks.php(22): Illuminate/Pipeline/Pipeline->{closure:{closure:Illuminate/Pipeline/Pipeline::carry():184}:185}()
#69 C:/xampp5/htdocs/Project_SIMRS/mediscare/vendor/laravel/framework/src/Illuminate/Pipeline/Pipeline.php(209): Illuminate/Foundation/Http/Middleware/InvokeDeferredCallbacks->handle()
#70 C:/xampp5/htdocs/Project_SIMRS/mediscare/vendor/laravel/framework/src/Illuminate/Pipeline/Pipeline.php(127): Illuminate/Pipeline/Pipeline->{closure:{closure:Illuminate/Pipeline/Pipeline::carry():184}:185}()
#71 C:/xampp5/htdocs/Project_SIMRS/mediscare/vendor/laravel/framework/src/Illuminate/Foundation/Http/Kernel.php(176): Illuminate/Pipeline/Pipeline->then()
#72 C:/xampp5/htdocs/Project_SIMRS/mediscare/vendor/laravel/framework/src/Illuminate/Foundation/Http/Kernel.php(145): Illuminate/Foundation/Http/Kernel->sendRequestThroughRouter()
#73 C:/xampp5/htdocs/Project_SIMRS/mediscare/vendor/laravel/framework/src/Illuminate/Foundation/Testing/Concerns/MakesHttpRequests.php(607): Illuminate/Foundation/Http/Kernel->handle()
#74 C:/xampp5/htdocs/Project_SIMRS/mediscare/vendor/laravel/framework/src/Illuminate/Foundation/Testing/Concerns/MakesHttpRequests.php(397): Illuminate/Foundation/Testing/TestCase->call()
#75 C:/xampp5/htdocs/Project_SIMRS/mediscare/tests/Feature/RegistrationAndQueueTest.php(42): Illuminate/Foundation/Testing/TestCase->post()
#76 C:/xampp5/htdocs/Project_SIMRS/mediscare/vendor/phpunit/phpunit/src/Framework/TestCase.php(1667): Tests/Feature/RegistrationAndQueueTest->test_registering_existing_patient_generates_sequential_queue_numbers()
#77 C:/xampp5/htdocs/Project_SIMRS/mediscare/vendor/phpunit/phpunit/src/Framework/TestCase.php(519): PHPUnit/Framework/TestCase->runTest()
#78 C:/xampp5/htdocs/Project_SIMRS/mediscare/vendor/phpunit/phpunit/src/Framework/TestRunner/TestRunner.php(87): PHPUnit/Framework/TestCase->runBare()
#79 C:/xampp5/htdocs/Project_SIMRS/mediscare/vendor/phpunit/phpunit/src/Framework/TestCase.php(365): PHPUnit/Framework/TestRunner->run()
#80 C:/xampp5/htdocs/Project_SIMRS/mediscare/vendor/phpunit/phpunit/src/Framework/TestSuite.php(369): PHPUnit/Framework/TestCase->run()
#81 C:/xampp5/htdocs/Project_SIMRS/mediscare/vendor/phpunit/phpunit/src/Framework/TestSuite.php(369): PHPUnit/Framework/TestSuite->run()
#82 C:/xampp5/htdocs/Project_SIMRS/mediscare/vendor/phpunit/phpunit/src/Framework/TestSuite.php(369): PHPUnit/Framework/TestSuite->run()
#83 C:/xampp5/htdocs/Project_SIMRS/mediscare/vendor/phpunit/phpunit/src/TextUI/TestRunner.php(64): PHPUnit/Framework/TestSuite->run()
#84 C:/xampp5/htdocs/Project_SIMRS/mediscare/vendor/phpunit/phpunit/src/TextUI/Application.php(211): PHPUnit/TextUI/TestRunner->run()
#85 C:/xampp5/htdocs/Project_SIMRS/mediscare/vendor/phpunit/phpunit/phpunit(104): PHPUnit/TextUI/Application->run()
#86 {main}
"} 
[2026-09-08 23:33:32] testing.ERROR: SQLSTATE[23000]: Integrity constraint violation: 19 UNIQUE constraint failed: queues.polyclinic_id, queues.queue_date, queues.queue_number (Connection: sqlite, SQL: insert into "queues" ("appointment_id", "polyclinic_id", "queue_number", "queue_date", "status", "updated_at", "created_at") values (2, 1, A-001, 2026-09-08 00:00:00, waiting, 2026-09-08 23:33:32, 2026-09-08 23:33:32)) {"userId":1,"exception":"[object] (Illuminate\\Database\\UniqueConstraintViolationException(code: 23000): SQLSTATE[23000]: Integrity constraint violation: 19 UNIQUE constraint failed: queues.polyclinic_id, queues.queue_date, queues.queue_number (Connection: sqlite, SQL: insert into \"queues\" (\"appointment_id\", \"polyclinic_id\", \"queue_number\", \"queue_date\", \"status\", \"updated_at\", \"created_at\") values (2, 1, A-001, 2026-09-08 00:00:00, waiting, 2026-09-08 23:33:32, 2026-09-08 23:33:32)) at C:/xampp5/htdocs/Project_SIMRS/mediscare/vendor/laravel/framework/src/Illuminate/Database/Connection.php:820)
[stacktrace]
#0 C:/xampp5/htdocs/Project_SIMRS/mediscare/vendor/laravel/framework/src/Illuminate/Database/Connection.php(779): Illuminate/Database/Connection->runQueryCallback()
#1 C:/xampp5/htdocs/Project_SIMRS/mediscare/vendor/laravel/framework/src/Illuminate/Database/Connection.php(560): Illuminate/Database/Connection->run()
#2 C:/xampp5/htdocs/Project_SIMRS/mediscare/vendor/laravel/framework/src/Illuminate/Database/Connection.php(524): Illuminate/Database/Connection->statement()
#3 C:/xampp5/htdocs/Project_SIMRS/mediscare/vendor/laravel/framework/src/Illuminate/Database/Query/Processors/Processor.php(32): Illuminate/Database/Connection->insert()
#4 C:/xampp5/htdocs/Project_SIMRS/mediscare/vendor/laravel/framework/src/Illuminate/Database/Query/Builder.php(3766): Illuminate/Database/Query/Processors/Processor->processInsertGetId()
#5 C:/xampp5/htdocs/Project_SIMRS/mediscare/vendor/laravel/framework/src/Illuminate/Database/Eloquent/Builder.php(2120): Illuminate/Database/Query/Builder->insertGetId()
#6 C:/xampp5/htdocs/Project_SIMRS/mediscare/vendor/laravel/framework/src/Illuminate/Database/Eloquent/Model.php(1359): Illuminate/Database/Eloquent/Builder->__call()
#7 C:/xampp5/htdocs/Project_SIMRS/mediscare/vendor/laravel/framework/src/Illuminate/Database/Eloquent/Model.php(1324): Illuminate/Database/Eloquent/Model->insertAndSetId()
#8 C:/xampp5/htdocs/Project_SIMRS/mediscare/vendor/laravel/framework/src/Illuminate/Database/Eloquent/Model.php(1163): Illuminate/Database/Eloquent/Model->performInsert()
#9 C:/xampp5/htdocs/Project_SIMRS/mediscare/vendor/laravel/framework/src/Illuminate/Database/Eloquent/Builder.php(1128): Illuminate/Database/Eloquent/Model->save()
#10 C:/xampp5/htdocs/Project_SIMRS/mediscare/vendor/laravel/framework/src/Illuminate/Support/helpers.php(399): Illuminate/Database/Eloquent/Builder->{closure:Illuminate/Database/Eloquent/Builder::create():1127}()
#11 C:/xampp5/htdocs/Project_SIMRS/mediscare/vendor/laravel/framework/src/Illuminate/Database/Eloquent/Builder.php(1127): tap()
#12 C:/xampp5/htdocs/Project_SIMRS/mediscare/vendor/laravel/framework/src/Illuminate/Support/Traits/ForwardsCalls.php(23): Illuminate/Database/Eloquent/Builder->create()
#13 C:/xampp5/htdocs/Project_SIMRS/mediscare/vendor/laravel/framework/src/Illuminate/Database/Eloquent/Model.php(2372): Illuminate/Database/Eloquent/Model->forwardCallTo()
#14 C:/xampp5/htdocs/Project_SIMRS/mediscare/vendor/laravel/framework/src/Illuminate/Database/Eloquent/Model.php(2384): Illuminate/Database/Eloquent/Model->__call()
#15 C:/xampp5/htdocs/Project_SIMRS/mediscare/app/Services/RegistrationService.php(50): Illuminate/Database/Eloquent/Model::__callStatic()
#16 C:/xampp5/htdocs/Project_SIMRS/mediscare/vendor/laravel/framework/src/Illuminate/Database/Concerns/ManagesTransactions.php(32): App/Services/RegistrationService->{closure:App/Services/RegistrationService::register():24}()
#17 C:/xampp5/htdocs/Project_SIMRS/mediscare/vendor/laravel/framework/src/Illuminate/Database/DatabaseManager.php(495): Illuminate/Database/Connection->transaction()
#18 C:/xampp5/htdocs/Project_SIMRS/mediscare/vendor/laravel/framework/src/Illuminate/Support/Facades/Facade.php(361): Illuminate/Database/DatabaseManager->__call()
#19 C:/xampp5/htdocs/Project_SIMRS/mediscare/app/Services/RegistrationService.php(24): Illuminate/Support/Facades/Facade::__callStatic()
#20 C:/xampp5/htdocs/Project_SIMRS/mediscare/app/Http/Controllers/Web/RegistrationController.php(55): App/Services/RegistrationService->register()
#21 C:/xampp5/htdocs/Project_SIMRS/mediscare/vendor/laravel/framework/src/Illuminate/Routing/ControllerDispatcher.php(47): App/Http/Controllers/Web/RegistrationController->store()
#22 C:/xampp5/htdocs/Project_SIMRS/mediscare/vendor/laravel/framework/src/Illuminate/Routing/Route.php(266): Illuminate/Routing/ControllerDispatcher->dispatch()
#23 C:/xampp5/htdocs/Project_SIMRS/mediscare/vendor/laravel/framework/src/Illuminate/Routing/Route.php(212): Illuminate/Routing/Route->runController()
#24 C:/xampp5/htdocs/Project_SIMRS/mediscare/vendor/laravel/framework/src/Illuminate/Routing/Router.php(808): Illuminate/Routing/Route->run()
#25 C:/xampp5/htdocs/Project_SIMRS/mediscare/vendor/laravel/framework/src/Illuminate/Pipeline/Pipeline.php(170): Illuminate/Routing/Router->{closure:Illuminate/Routing/Router::runRouteWithinStack():807}()
#26 C:/xampp5/htdocs/Project_SIMRS/mediscare/app/Http/Middleware/CheckPermission.php(28): Illuminate/Pipeline/Pipeline->{closure:Illuminate/Pipeline/Pipeline::prepareDestination():168}()
#27 C:/xampp5/htdocs/Project_SIMRS/mediscare/vendor/laravel/framework/src/Illuminate/Pipeline/Pipeline.php(209): App/Http/Middleware/CheckPermission->handle()
#28 C:/xampp5/htdocs/Project_SIMRS/mediscare/app/Http/Middleware/EnsureSessionIsFresh.php(31): Illuminate/Pipeline/Pipeline->{closure:{closure:Illuminate/Pipeline/Pipeline::carry():184}:185}()
#29 C:/xampp5/htdocs/Project_SIMRS/mediscare/vendor/laravel/framework/src/Illuminate/Pipeline/Pipeline.php(209): App/Http/Middleware/EnsureSessionIsFresh->handle()
#30 C:/xampp5/htdocs/Project_SIMRS/mediscare/vendor/laravel/framework/src/Illuminate/Routing/Middleware/SubstituteBindings.php(51): Illuminate/Pipeline/Pipeline->{closure:{closure:Illuminate/Pipeline/Pipeline::carry():184}:185}()
#31 C:/xampp5/htdocs/Project_SIMRS/mediscare/vendor/laravel/framework/src/Illuminate/Pipeline/Pipeline.php(209): Illuminate/Routing/Middleware/SubstituteBindings->handle()
#32 C:/xampp5/htdocs/Project_SIMRS/mediscare/vendor/laravel/framework/src/Illuminate/Auth/Middleware/Authenticate.php(64): Illuminate/Pipeline/Pipeline->{closure:{closure:Illuminate/Pipeline/Pipeline::carry():184}:185}()
#33 C:/xampp5/htdocs/Project_SIMRS/mediscare/vendor/laravel/framework/src/Illuminate/Pipeline/Pipeline.php(209): Illuminate/Auth/Middleware/Authenticate->handle()
#34 C:/xampp5/htdocs/Project_SIMRS/mediscare/vendor/laravel/framework/src/Illuminate/Foundation/Http/Middleware/VerifyCsrfToken.php(88): Illuminate/Pipeline/Pipeline->{closure:{closure:Illuminate/Pipeline/Pipeline::carry():184}:185}()
#35 C:/xampp5/htdocs/Project_SIMRS/mediscare/vendor/laravel/framework/src/Illuminate/Pipeline/Pipeline.php(209): Illuminate/Foundation/Http/Middleware/VerifyCsrfToken->handle()
#36 C:/xampp5/htdocs/Project_SIMRS/mediscare/vendor/laravel/framework/src/Illuminate/View/Middleware/ShareErrorsFromSession.php(49): Illuminate/Pipeline/Pipeline->{closure:{closure:Illuminate/Pipeline/Pipeline::carry():184}:185}()
#37 C:/xampp5/htdocs/Project_SIMRS/mediscare/vendor/laravel/framework/src/Illuminate/Pipeline/Pipeline.php(209): Illuminate/View/Middleware/ShareErrorsFromSession->handle()
#38 C:/xampp5/htdocs/Project_SIMRS/mediscare/vendor/laravel/framework/src/Illuminate/Session/Middleware/StartSession.php(121): Illuminate/Pipeline/Pipeline->{closure:{closure:Illuminate/Pipeline/Pipeline::carry():184}:185}()
#39 C:/xampp5/htdocs/Project_SIMRS/mediscare/vendor/laravel/framework/src/Illuminate/Session/Middleware/StartSession.php(64): Illuminate/Session/Middleware/StartSession->handleStatefulRequest()
#40 C:/xampp5/htdocs/Project_SIMRS/mediscare/vendor/laravel/framework/src/Illuminate/Pipeline/Pipeline.php(209): Illuminate/Session/Middleware/StartSession->handle()
#41 C:/xampp5/htdocs/Project_SIMRS/mediscare/vendor/laravel/framework/src/Illuminate/Cookie/Middleware/AddQueuedCookiesToResponse.php(37): Illuminate/Pipeline/Pipeline->{closure:{closure:Illuminate/Pipeline/Pipeline::carry():184}:185}()
#42 C:/xampp5/htdocs/Project_SIMRS/mediscare/vendor/laravel/framework/src/Illuminate/Pipeline/Pipeline.php(209): Illuminate/Cookie/Middleware/AddQueuedCookiesToResponse->handle()
#43 C:/xampp5/htdocs/Project_SIMRS/mediscare/vendor/laravel/framework/src/Illuminate/Cookie/Middleware/EncryptCookies.php(75): Illuminate/Pipeline/Pipeline->{closure:{closure:Illuminate/Pipeline/Pipeline::carry():184}:185}()
#44 C:/xampp5/htdocs/Project_SIMRS/mediscare/vendor/laravel/framework/src/Illuminate/Pipeline/Pipeline.php(209): Illuminate/Cookie/Middleware/EncryptCookies->handle()
#45 C:/xampp5/htdocs/Project_SIMRS/mediscare/vendor/laravel/framework/src/Illuminate/Pipeline/Pipeline.php(127): Illuminate/Pipeline/Pipeline->{closure:{closure:Illuminate/Pipeline/Pipeline::carry():184}:185}()
#46 C:/xampp5/htdocs/Project_SIMRS/mediscare/vendor/laravel/framework/src/Illuminate/Routing/Router.php(807): Illuminate/Pipeline/Pipeline->then()
#47 C:/xampp5/htdocs/Project_SIMRS/mediscare/vendor/laravel/framework/src/Illuminate/Routing/Router.php(786): Illuminate/Routing/Router->runRouteWithinStack()
#48 C:/xampp5/htdocs/Project_SIMRS/mediscare/vendor/laravel/framework/src/Illuminate/Routing/Router.php(750): Illuminate/Routing/Router->runRoute()
#49 C:/xampp5/htdocs/Project_SIMRS/mediscare/vendor/laravel/framework/src/Illuminate/Routing/Router.php(739): Illuminate/Routing/Router->dispatchToRoute()
#50 C:/xampp5/htdocs/Project_SIMRS/mediscare/vendor/laravel/framework/src/Illuminate/Foundation/Http/Kernel.php(201): Illuminate/Routing/Router->dispatch()
#51 C:/xampp5/htdocs/Project_SIMRS/mediscare/vendor/laravel/framework/src/Illuminate/Pipeline/Pipeline.php(170): Illuminate/Foundation/Http/Kernel->{closure:Illuminate/Foundation/Http/Kernel::dispatchToRouter():198}()
#52 C:/xampp5/htdocs/Project_SIMRS/mediscare/vendor/laravel/framework/src/Illuminate/Foundation/Http/Middleware/TransformsRequest.php(21): Illuminate/Pipeline/Pipeline->{closure:Illuminate/Pipeline/Pipeline::prepareDestination():168}()
#53 C:/xampp5/htdocs/Project_SIMRS/mediscare/vendor/laravel/framework/src/Illuminate/Foundation/Http/Middleware/ConvertEmptyStringsToNull.php(31): Illuminate/Foundation/Http/Middleware/TransformsRequest->handle()
#54 C:/xampp5/htdocs/Project_SIMRS/mediscare/vendor/laravel/framework/src/Illuminate/Pipeline/Pipeline.php(209): Illuminate/Foundation/Http/Middleware/ConvertEmptyStringsToNull->handle()
#55 C:/xampp5/htdocs/Project_SIMRS/mediscare/vendor/laravel/framework/src/Illuminate/Foundation/Http/Middleware/TransformsRequest.php(21): Illuminate/Pipeline/Pipeline->{closure:{closure:Illuminate/Pipeline/Pipeline::carry():184}:185}()
#56 C:/xampp5/htdocs/Project_SIMRS/mediscare/vendor/laravel/framework/src/Illuminate/Foundation/Http/Middleware/TrimStrings.php(51): Illuminate/Foundation/Http/Middleware/TransformsRequest->handle()
#57 C:/xampp5/htdocs/Project_SIMRS/mediscare/vendor/laravel/framework/src/Illuminate/Pipeline/Pipeline.php(209): Illuminate/Foundation/Http/Middleware/TrimStrings->handle()
#58 C:/xampp5/htdocs/Project_SIMRS/mediscare/vendor/laravel/framework/src/Illuminate/Http/Middleware/ValidatePostSize.php(27): Illuminate/Pipeline/Pipeline->{closure:{closure:Illuminate/Pipeline/Pipeline::carry():184}:185}()
#59 C:/xampp5/htdocs/Project_SIMRS/mediscare/vendor/laravel/framework/src/Illuminate/Pipeline/Pipeline.php(209): Illuminate/Http/Middleware/ValidatePostSize->handle()
#60 C:/xampp5/htdocs/Project_SIMRS/mediscare/vendor/laravel/framework/src/Illuminate/Foundation/Http/Middleware/PreventRequestsDuringMaintenance.php(110): Illuminate/Pipeline/Pipeline->{closure:{closure:Illuminate/Pipeline/Pipeline::carry():184}:185}()
#61 C:/xampp5/htdocs/Project_SIMRS/mediscare/vendor/laravel/framework/src/Illuminate/Pipeline/Pipeline.php(209): Illuminate/Foundation/Http/Middleware/PreventRequestsDuringMaintenance->handle()
#62 C:/xampp5/htdocs/Project_SIMRS/mediscare/vendor/laravel/framework/src/Illuminate/Http/Middleware/HandleCors.php(49): Illuminate/Pipeline/Pipeline->{closure:{closure:Illuminate/Pipeline/Pipeline::carry():184}:185}()
#63 C:/xampp5/htdocs/Project_SIMRS/mediscare/vendor/laravel/framework/src/Illuminate/Pipeline/Pipeline.php(209): Illuminate/Http/Middleware/HandleCors->handle()
#64 C:/xampp5/htdocs/Project_SIMRS/mediscare/vendor/laravel/framework/src/Illuminate/Http/Middleware/TrustProxies.php(58): Illuminate/Pipeline/Pipeline->{closure:{closure:Illuminate/Pipeline/Pipeline::carry():184}:185}()
#65 C:/xampp5/htdocs/Project_SIMRS/mediscare/vendor/laravel/framework/src/Illuminate/Pipeline/Pipeline.php(209): Illuminate/Http/Middleware/TrustProxies->handle()
#66 C:/xampp5/htdocs/Project_SIMRS/mediscare/vendor/laravel/framework/src/Illuminate/Foundation/Http/Middleware/InvokeDeferredCallbacks.php(22): Illuminate/Pipeline/Pipeline->{closure:{closure:Illuminate/Pipeline/Pipeline::carry():184}:185}()
#67 C:/xampp5/htdocs/Project_SIMRS/mediscare/vendor/laravel/framework/src/Illuminate/Pipeline/Pipeline.php(209): Illuminate/Foundation/Http/Middleware/InvokeDeferredCallbacks->handle()
#68 C:/xampp5/htdocs/Project_SIMRS/mediscare/vendor/laravel/framework/src/Illuminate/Pipeline/Pipeline.php(127): Illuminate/Pipeline/Pipeline->{closure:{closure:Illuminate/Pipeline/Pipeline::carry():184}:185}()
#69 C:/xampp5/htdocs/Project_SIMRS/mediscare/vendor/laravel/framework/src/Illuminate/Foundation/Http/Kernel.php(176): Illuminate/Pipeline/Pipeline->then()
#70 C:/xampp5/htdocs/Project_SIMRS/mediscare/vendor/laravel/framework/src/Illuminate/Foundation/Http/Kernel.php(145): Illuminate/Foundation/Http/Kernel->sendRequestThroughRouter()
#71 C:/xampp5/htdocs/Project_SIMRS/mediscare/vendor/laravel/framework/src/Illuminate/Foundation/Testing/Concerns/MakesHttpRequests.php(607): Illuminate/Foundation/Http/Kernel->handle()
#72 C:/xampp5/htdocs/Project_SIMRS/mediscare/vendor/laravel/framework/src/Illuminate/Foundation/Testing/Concerns/MakesHttpRequests.php(397): Illuminate/Foundation/Testing/TestCase->call()
#73 C:/xampp5/htdocs/Project_SIMRS/mediscare/tests/Feature/RegistrationAndQueueTest.php(42): Illuminate/Foundation/Testing/TestCase->post()
#74 C:/xampp5/htdocs/Project_SIMRS/mediscare/vendor/phpunit/phpunit/src/Framework/TestCase.php(1667): Tests/Feature/RegistrationAndQueueTest->test_registering_existing_patient_generates_sequential_queue_numbers()
#75 C:/xampp5/htdocs/Project_SIMRS/mediscare/vendor/phpunit/phpunit/src/Framework/TestCase.php(519): PHPUnit/Framework/TestCase->runTest()
#76 C:/xampp5/htdocs/Project_SIMRS/mediscare/vendor/phpunit/phpunit/src/Framework/TestRunner/TestRunner.php(87): PHPUnit/Framework/TestCase->runBare()
#77 C:/xampp5/htdocs/Project_SIMRS/mediscare/vendor/phpunit/phpunit/src/Framework/TestCase.php(365): PHPUnit/Framework/TestRunner->run()
#78 C:/xampp5/htdocs/Project_SIMRS/mediscare/vendor/phpunit/phpunit/src/Framework/TestSuite.php(369): PHPUnit/Framework/TestCase->run()
#79 C:/xampp5/htdocs/Project_SIMRS/mediscare/vendor/phpunit/phpunit/src/Framework/TestSuite.php(369): PHPUnit/Framework/TestSuite->run()
#80 C:/xampp5/htdocs/Project_SIMRS/mediscare/vendor/phpunit/phpunit/src/Framework/TestSuite.php(369): PHPUnit/Framework/TestSuite->run()
#81 C:/xampp5/htdocs/Project_SIMRS/mediscare/vendor/phpunit/phpunit/src/TextUI/TestRunner.php(64): PHPUnit/Framework/TestSuite->run()
#82 C:/xampp5/htdocs/Project_SIMRS/mediscare/vendor/phpunit/phpunit/src/TextUI/Application.php(211): PHPUnit/TextUI/TestRunner->run()
#83 C:/xampp5/htdocs/Project_SIMRS/mediscare/vendor/phpunit/phpunit/phpunit(104): PHPUnit/TextUI/Application->run()
#84 {main}

[previous exception] [object] (PDOException(code: 23000): SQLSTATE[23000]: Integrity constraint violation: 19 UNIQUE constraint failed: queues.polyclinic_id, queues.queue_date, queues.queue_number at C:/xampp5/htdocs/Project_SIMRS/mediscare/vendor/laravel/framework/src/Illuminate/Database/Connection.php:571)
[stacktrace]
#0 C:/xampp5/htdocs/Project_SIMRS/mediscare/vendor/laravel/framework/src/Illuminate/Database/Connection.php(571): PDOStatement->execute()
#1 C:/xampp5/htdocs/Project_SIMRS/mediscare/vendor/laravel/framework/src/Illuminate/Database/Connection.php(812): Illuminate/Database/Connection->{closure:Illuminate/Database/Connection::statement():560}()
#2 C:/xampp5/htdocs/Project_SIMRS/mediscare/vendor/laravel/framework/src/Illuminate/Database/Connection.php(779): Illuminate/Database/Connection->runQueryCallback()
#3 C:/xampp5/htdocs/Project_SIMRS/mediscare/vendor/laravel/framework/src/Illuminate/Database/Connection.php(560): Illuminate/Database/Connection->run()
#4 C:/xampp5/htdocs/Project_SIMRS/mediscare/vendor/laravel/framework/src/Illuminate/Database/Connection.php(524): Illuminate/Database/Connection->statement()
#5 C:/xampp5/htdocs/Project_SIMRS/mediscare/vendor/laravel/framework/src/Illuminate/Database/Query/Processors/Processor.php(32): Illuminate/Database/Connection->insert()
#6 C:/xampp5/htdocs/Project_SIMRS/mediscare/vendor/laravel/framework/src/Illuminate/Database/Query/Builder.php(3766): Illuminate/Database/Query/Processors/Processor->processInsertGetId()
#7 C:/xampp5/htdocs/Project_SIMRS/mediscare/vendor/laravel/framework/src/Illuminate/Database/Eloquent/Builder.php(2120): Illuminate/Database/Query/Builder->insertGetId()
#8 C:/xampp5/htdocs/Project_SIMRS/mediscare/vendor/laravel/framework/src/Illuminate/Database/Eloquent/Model.php(1359): Illuminate/Database/Eloquent/Builder->__call()
#9 C:/xampp5/htdocs/Project_SIMRS/mediscare/vendor/laravel/framework/src/Illuminate/Database/Eloquent/Model.php(1324): Illuminate/Database/Eloquent/Model->insertAndSetId()
#10 C:/xampp5/htdocs/Project_SIMRS/mediscare/vendor/laravel/framework/src/Illuminate/Database/Eloquent/Model.php(1163): Illuminate/Database/Eloquent/Model->performInsert()
#11 C:/xampp5/htdocs/Project_SIMRS/mediscare/vendor/laravel/framework/src/Illuminate/Database/Eloquent/Builder.php(1128): Illuminate/Database/Eloquent/Model->save()
#12 C:/xampp5/htdocs/Project_SIMRS/mediscare/vendor/laravel/framework/src/Illuminate/Support/helpers.php(399): Illuminate/Database/Eloquent/Builder->{closure:Illuminate/Database/Eloquent/Builder::create():1127}()
#13 C:/xampp5/htdocs/Project_SIMRS/mediscare/vendor/laravel/framework/src/Illuminate/Database/Eloquent/Builder.php(1127): tap()
#14 C:/xampp5/htdocs/Project_SIMRS/mediscare/vendor/laravel/framework/src/Illuminate/Support/Traits/ForwardsCalls.php(23): Illuminate/Database/Eloquent/Builder->create()
#15 C:/xampp5/htdocs/Project_SIMRS/mediscare/vendor/laravel/framework/src/Illuminate/Database/Eloquent/Model.php(2372): Illuminate/Database/Eloquent/Model->forwardCallTo()
#16 C:/xampp5/htdocs/Project_SIMRS/mediscare/vendor/laravel/framework/src/Illuminate/Database/Eloquent/Model.php(2384): Illuminate/Database/Eloquent/Model->__call()
#17 C:/xampp5/htdocs/Project_SIMRS/mediscare/app/Services/RegistrationService.php(50): Illuminate/Database/Eloquent/Model::__callStatic()
#18 C:/xampp5/htdocs/Project_SIMRS/mediscare/vendor/laravel/framework/src/Illuminate/Database/Concerns/ManagesTransactions.php(32): App/Services/RegistrationService->{closure:App/Services/RegistrationService::register():24}()
#19 C:/xampp5/htdocs/Project_SIMRS/mediscare/vendor/laravel/framework/src/Illuminate/Database/DatabaseManager.php(495): Illuminate/Database/Connection->transaction()
#20 C:/xampp5/htdocs/Project_SIMRS/mediscare/vendor/laravel/framework/src/Illuminate/Support/Facades/Facade.php(361): Illuminate/Database/DatabaseManager->__call()
#21 C:/xampp5/htdocs/Project_SIMRS/mediscare/app/Services/RegistrationService.php(24): Illuminate/Support/Facades/Facade::__callStatic()
#22 C:/xampp5/htdocs/Project_SIMRS/mediscare/app/Http/Controllers/Web/RegistrationController.php(55): App/Services/RegistrationService->register()
#23 C:/xampp5/htdocs/Project_SIMRS/mediscare/vendor/laravel/framework/src/Illuminate/Routing/ControllerDispatcher.php(47): App/Http/Controllers/Web/RegistrationController->store()
#24 C:/xampp5/htdocs/Project_SIMRS/mediscare/vendor/laravel/framework/src/Illuminate/Routing/Route.php(266): Illuminate/Routing/ControllerDispatcher->dispatch()
#25 C:/xampp5/htdocs/Project_SIMRS/mediscare/vendor/laravel/framework/src/Illuminate/Routing/Route.php(212): Illuminate/Routing/Route->runController()
#26 C:/xampp5/htdocs/Project_SIMRS/mediscare/vendor/laravel/framework/src/Illuminate/Routing/Router.php(808): Illuminate/Routing/Route->run()
#27 C:/xampp5/htdocs/Project_SIMRS/mediscare/vendor/laravel/framework/src/Illuminate/Pipeline/Pipeline.php(170): Illuminate/Routing/Router->{closure:Illuminate/Routing/Router::runRouteWithinStack():807}()
#28 C:/xampp5/htdocs/Project_SIMRS/mediscare/app/Http/Middleware/CheckPermission.php(28): Illuminate/Pipeline/Pipeline->{closure:Illuminate/Pipeline/Pipeline::prepareDestination():168}()
#29 C:/xampp5/htdocs/Project_SIMRS/mediscare/vendor/laravel/framework/src/Illuminate/Pipeline/Pipeline.php(209): App/Http/Middleware/CheckPermission->handle()
#30 C:/xampp5/htdocs/Project_SIMRS/mediscare/app/Http/Middleware/EnsureSessionIsFresh.php(31): Illuminate/Pipeline/Pipeline->{closure:{closure:Illuminate/Pipeline/Pipeline::carry():184}:185}()
#31 C:/xampp5/htdocs/Project_SIMRS/mediscare/vendor/laravel/framework/src/Illuminate/Pipeline/Pipeline.php(209): App/Http/Middleware/EnsureSessionIsFresh->handle()
#32 C:/xampp5/htdocs/Project_SIMRS/mediscare/vendor/laravel/framework/src/Illuminate/Routing/Middleware/SubstituteBindings.php(51): Illuminate/Pipeline/Pipeline->{closure:{closure:Illuminate/Pipeline/Pipeline::carry():184}:185}()
#33 C:/xampp5/htdocs/Project_SIMRS/mediscare/vendor/laravel/framework/src/Illuminate/Pipeline/Pipeline.php(209): Illuminate/Routing/Middleware/SubstituteBindings->handle()
#34 C:/xampp5/htdocs/Project_SIMRS/mediscare/vendor/laravel/framework/src/Illuminate/Auth/Middleware/Authenticate.php(64): Illuminate/Pipeline/Pipeline->{closure:{closure:Illuminate/Pipeline/Pipeline::carry():184}:185}()
#35 C:/xampp5/htdocs/Project_SIMRS/mediscare/vendor/laravel/framework/src/Illuminate/Pipeline/Pipeline.php(209): Illuminate/Auth/Middleware/Authenticate->handle()
#36 C:/xampp5/htdocs/Project_SIMRS/mediscare/vendor/laravel/framework/src/Illuminate/Foundation/Http/Middleware/VerifyCsrfToken.php(88): Illuminate/Pipeline/Pipeline->{closure:{closure:Illuminate/Pipeline/Pipeline::carry():184}:185}()
#37 C:/xampp5/htdocs/Project_SIMRS/mediscare/vendor/laravel/framework/src/Illuminate/Pipeline/Pipeline.php(209): Illuminate/Foundation/Http/Middleware/VerifyCsrfToken->handle()
#38 C:/xampp5/htdocs/Project_SIMRS/mediscare/vendor/laravel/framework/src/Illuminate/View/Middleware/ShareErrorsFromSession.php(49): Illuminate/Pipeline/Pipeline->{closure:{closure:Illuminate/Pipeline/Pipeline::carry():184}:185}()
#39 C:/xampp5/htdocs/Project_SIMRS/mediscare/vendor/laravel/framework/src/Illuminate/Pipeline/Pipeline.php(209): Illuminate/View/Middleware/ShareErrorsFromSession->handle()
#40 C:/xampp5/htdocs/Project_SIMRS/mediscare/vendor/laravel/framework/src/Illuminate/Session/Middleware/StartSession.php(121): Illuminate/Pipeline/Pipeline->{closure:{closure:Illuminate/Pipeline/Pipeline::carry():184}:185}()
#41 C:/xampp5/htdocs/Project_SIMRS/mediscare/vendor/laravel/framework/src/Illuminate/Session/Middleware/StartSession.php(64): Illuminate/Session/Middleware/StartSession->handleStatefulRequest()
#42 C:/xampp5/htdocs/Project_SIMRS/mediscare/vendor/laravel/framework/src/Illuminate/Pipeline/Pipeline.php(209): Illuminate/Session/Middleware/StartSession->handle()
#43 C:/xampp5/htdocs/Project_SIMRS/mediscare/vendor/laravel/framework/src/Illuminate/Cookie/Middleware/AddQueuedCookiesToResponse.php(37): Illuminate/Pipeline/Pipeline->{closure:{closure:Illuminate/Pipeline/Pipeline::carry():184}:185}()
#44 C:/xampp5/htdocs/Project_SIMRS/mediscare/vendor/laravel/framework/src/Illuminate/Pipeline/Pipeline.php(209): Illuminate/Cookie/Middleware/AddQueuedCookiesToResponse->handle()
#45 C:/xampp5/htdocs/Project_SIMRS/mediscare/vendor/laravel/framework/src/Illuminate/Cookie/Middleware/EncryptCookies.php(75): Illuminate/Pipeline/Pipeline->{closure:{closure:Illuminate/Pipeline/Pipeline::carry():184}:185}()
#46 C:/xampp5/htdocs/Project_SIMRS/mediscare/vendor/laravel/framework/src/Illuminate/Pipeline/Pipeline.php(209): Illuminate/Cookie/Middleware/EncryptCookies->handle()
#47 C:/xampp5/htdocs/Project_SIMRS/mediscare/vendor/laravel/framework/src/Illuminate/Pipeline/Pipeline.php(127): Illuminate/Pipeline/Pipeline->{closure:{closure:Illuminate/Pipeline/Pipeline::carry():184}:185}()
#48 C:/xampp5/htdocs/Project_SIMRS/mediscare/vendor/laravel/framework/src/Illuminate/Routing/Router.php(807): Illuminate/Pipeline/Pipeline->then()
#49 C:/xampp5/htdocs/Project_SIMRS/mediscare/vendor/laravel/framework/src/Illuminate/Routing/Router.php(786): Illuminate/Routing/Router->runRouteWithinStack()
#50 C:/xampp5/htdocs/Project_SIMRS/mediscare/vendor/laravel/framework/src/Illuminate/Routing/Router.php(750): Illuminate/Routing/Router->runRoute()
#51 C:/xampp5/htdocs/Project_SIMRS/mediscare/vendor/laravel/framework/src/Illuminate/Routing/Router.php(739): Illuminate/Routing/Router->dispatchToRoute()
#52 C:/xampp5/htdocs/Project_SIMRS/mediscare/vendor/laravel/framework/src/Illuminate/Foundation/Http/Kernel.php(201): Illuminate/Routing/Router->dispatch()
#53 C:/xampp5/htdocs/Project_SIMRS/mediscare/vendor/laravel/framework/src/Illuminate/Pipeline/Pipeline.php(170): Illuminate/Foundation/Http/Kernel->{closure:Illuminate/Foundation/Http/Kernel::dispatchToRouter():198}()
#54 C:/xampp5/htdocs/Project_SIMRS/mediscare/vendor/laravel/framework/src/Illuminate/Foundation/Http/Middleware/TransformsRequest.php(21): Illuminate/Pipeline/Pipeline->{closure:Illuminate/Pipeline/Pipeline::prepareDestination():168}()
#55 C:/xampp5/htdocs/Project_SIMRS/mediscare/vendor/laravel/framework/src/Illuminate/Foundation/Http/Middleware/ConvertEmptyStringsToNull.php(31): Illuminate/Foundation/Http/Middleware/TransformsRequest->handle()
#56 C:/xampp5/htdocs/Project_SIMRS/mediscare/vendor/laravel/framework/src/Illuminate/Pipeline/Pipeline.php(209): Illuminate/Foundation/Http/Middleware/ConvertEmptyStringsToNull->handle()
#57 C:/xampp5/htdocs/Project_SIMRS/mediscare/vendor/laravel/framework/src/Illuminate/Foundation/Http/Middleware/TransformsRequest.php(21): Illuminate/Pipeline/Pipeline->{closure:{closure:Illuminate/Pipeline/Pipeline::carry():184}:185}()
#58 C:/xampp5/htdocs/Project_SIMRS/mediscare/vendor/laravel/framework/src/Illuminate/Foundation/Http/Middleware/TrimStrings.php(51): Illuminate/Foundation/Http/Middleware/TransformsRequest->handle()
#59 C:/xampp5/htdocs/Project_SIMRS/mediscare/vendor/laravel/framework/src/Illuminate/Pipeline/Pipeline.php(209): Illuminate/Foundation/Http/Middleware/TrimStrings->handle()
#60 C:/xampp5/htdocs/Project_SIMRS/mediscare/vendor/laravel/framework/src/Illuminate/Http/Middleware/ValidatePostSize.php(27): Illuminate/Pipeline/Pipeline->{closure:{closure:Illuminate/Pipeline/Pipeline::carry():184}:185}()
#61 C:/xampp5/htdocs/Project_SIMRS/mediscare/vendor/laravel/framework/src/Illuminate/Pipeline/Pipeline.php(209): Illuminate/Http/Middleware/ValidatePostSize->handle()
#62 C:/xampp5/htdocs/Project_SIMRS/mediscare/vendor/laravel/framework/src/Illuminate/Foundation/Http/Middleware/PreventRequestsDuringMaintenance.php(110): Illuminate/Pipeline/Pipeline->{closure:{closure:Illuminate/Pipeline/Pipeline::carry():184}:185}()
#63 C:/xampp5/htdocs/Project_SIMRS/mediscare/vendor/laravel/framework/src/Illuminate/Pipeline/Pipeline.php(209): Illuminate/Foundation/Http/Middleware/PreventRequestsDuringMaintenance->handle()
#64 C:/xampp5/htdocs/Project_SIMRS/mediscare/vendor/laravel/framework/src/Illuminate/Http/Middleware/HandleCors.php(49): Illuminate/Pipeline/Pipeline->{closure:{closure:Illuminate/Pipeline/Pipeline::carry():184}:185}()
#65 C:/xampp5/htdocs/Project_SIMRS/mediscare/vendor/laravel/framework/src/Illuminate/Pipeline/Pipeline.php(209): Illuminate/Http/Middleware/HandleCors->handle()
#66 C:/xampp5/htdocs/Project_SIMRS/mediscare/vendor/laravel/framework/src/Illuminate/Http/Middleware/TrustProxies.php(58): Illuminate/Pipeline/Pipeline->{closure:{closure:Illuminate/Pipeline/Pipeline::carry():184}:185}()
#67 C:/xampp5/htdocs/Project_SIMRS/mediscare/vendor/laravel/framework/src/Illuminate/Pipeline/Pipeline.php(209): Illuminate/Http/Middleware/TrustProxies->handle()
#68 C:/xampp5/htdocs/Project_SIMRS/mediscare/vendor/laravel/framework/src/Illuminate/Foundation/Http/Middleware/InvokeDeferredCallbacks.php(22): Illuminate/Pipeline/Pipeline->{closure:{closure:Illuminate/Pipeline/Pipeline::carry():184}:185}()
#69 C:/xampp5/htdocs/Project_SIMRS/mediscare/vendor/laravel/framework/src/Illuminate/Pipeline/Pipeline.php(209): Illuminate/Foundation/Http/Middleware/InvokeDeferredCallbacks->handle()
#70 C:/xampp5/htdocs/Project_SIMRS/mediscare/vendor/laravel/framework/src/Illuminate/Pipeline/Pipeline.php(127): Illuminate/Pipeline/Pipeline->{closure:{closure:Illuminate/Pipeline/Pipeline::carry():184}:185}()
#71 C:/xampp5/htdocs/Project_SIMRS/mediscare/vendor/laravel/framework/src/Illuminate/Foundation/Http/Kernel.php(176): Illuminate/Pipeline/Pipeline->then()
#72 C:/xampp5/htdocs/Project_SIMRS/mediscare/vendor/laravel/framework/src/Illuminate/Foundation/Http/Kernel.php(145): Illuminate/Foundation/Http/Kernel->sendRequestThroughRouter()
#73 C:/xampp5/htdocs/Project_SIMRS/mediscare/vendor/laravel/framework/src/Illuminate/Foundation/Testing/Concerns/MakesHttpRequests.php(607): Illuminate/Foundation/Http/Kernel->handle()
#74 C:/xampp5/htdocs/Project_SIMRS/mediscare/vendor/laravel/framework/src/Illuminate/Foundation/Testing/Concerns/MakesHttpRequests.php(397): Illuminate/Foundation/Testing/TestCase->call()
#75 C:/xampp5/htdocs/Project_SIMRS/mediscare/tests/Feature/RegistrationAndQueueTest.php(42): Illuminate/Foundation/Testing/TestCase->post()
#76 C:/xampp5/htdocs/Project_SIMRS/mediscare/vendor/phpunit/phpunit/src/Framework/TestCase.php(1667): Tests/Feature/RegistrationAndQueueTest->test_registering_existing_patient_generates_sequential_queue_numbers()
#77 C:/xampp5/htdocs/Project_SIMRS/mediscare/vendor/phpunit/phpunit/src/Framework/TestCase.php(519): PHPUnit/Framework/TestCase->runTest()
#78 C:/xampp5/htdocs/Project_SIMRS/mediscare/vendor/phpunit/phpunit/src/Framework/TestRunner/TestRunner.php(87): PHPUnit/Framework/TestCase->runBare()
#79 C:/xampp5/htdocs/Project_SIMRS/mediscare/vendor/phpunit/phpunit/src/Framework/TestCase.php(365): PHPUnit/Framework/TestRunner->run()
#80 C:/xampp5/htdocs/Project_SIMRS/mediscare/vendor/phpunit/phpunit/src/Framework/TestSuite.php(369): PHPUnit/Framework/TestCase->run()
#81 C:/xampp5/htdocs/Project_SIMRS/mediscare/vendor/phpunit/phpunit/src/Framework/TestSuite.php(369): PHPUnit/Framework/TestSuite->run()
#82 C:/xampp5/htdocs/Project_SIMRS/mediscare/vendor/phpunit/phpunit/src/Framework/TestSuite.php(369): PHPUnit/Framework/TestSuite->run()
#83 C:/xampp5/htdocs/Project_SIMRS/mediscare/vendor/phpunit/phpunit/src/TextUI/TestRunner.php(64): PHPUnit/Framework/TestSuite->run()
#84 C:/xampp5/htdocs/Project_SIMRS/mediscare/vendor/phpunit/phpunit/src/TextUI/Application.php(211): PHPUnit/TextUI/TestRunner->run()
#85 C:/xampp5/htdocs/Project_SIMRS/mediscare/vendor/phpunit/phpunit/phpunit(104): PHPUnit/TextUI/Application->run()
#86 {main}
"} 
[2026-09-08 23:33:57] testing.ERROR: SQLSTATE[23000]: Integrity constraint violation: 19 UNIQUE constraint failed: queues.polyclinic_id, queues.queue_date, queues.queue_number (Connection: sqlite, SQL: insert into "queues" ("appointment_id", "polyclinic_id", "queue_number", "queue_date", "status", "updated_at", "created_at") values (2, 1, A-001, 2026-09-08 00:00:00, waiting, 2026-09-08 23:33:57, 2026-09-08 23:33:57)) {"userId":1,"exception":"[object] (Illuminate\\Database\\UniqueConstraintViolationException(code: 23000): SQLSTATE[23000]: Integrity constraint violation: 19 UNIQUE constraint failed: queues.polyclinic_id, queues.queue_date, queues.queue_number (Connection: sqlite, SQL: insert into \"queues\" (\"appointment_id\", \"polyclinic_id\", \"queue_number\", \"queue_date\", \"status\", \"updated_at\", \"created_at\") values (2, 1, A-001, 2026-09-08 00:00:00, waiting, 2026-09-08 23:33:57, 2026-09-08 23:33:57)) at C:/xampp5/htdocs/Project_SIMRS/mediscare/vendor/laravel/framework/src/Illuminate/Database/Connection.php:820)
[stacktrace]
#0 C:/xampp5/htdocs/Project_SIMRS/mediscare/vendor/laravel/framework/src/Illuminate/Database/Connection.php(779): Illuminate/Database/Connection->runQueryCallback()
#1 C:/xampp5/htdocs/Project_SIMRS/mediscare/vendor/laravel/framework/src/Illuminate/Database/Connection.php(560): Illuminate/Database/Connection->run()
#2 C:/xampp5/htdocs/Project_SIMRS/mediscare/vendor/laravel/framework/src/Illuminate/Database/Connection.php(524): Illuminate/Database/Connection->statement()
#3 C:/xampp5/htdocs/Project_SIMRS/mediscare/vendor/laravel/framework/src/Illuminate/Database/Query/Processors/Processor.php(32): Illuminate/Database/Connection->insert()
#4 C:/xampp5/htdocs/Project_SIMRS/mediscare/vendor/laravel/framework/src/Illuminate/Database/Query/Builder.php(3766): Illuminate/Database/Query/Processors/Processor->processInsertGetId()
#5 C:/xampp5/htdocs/Project_SIMRS/mediscare/vendor/laravel/framework/src/Illuminate/Database/Eloquent/Builder.php(2120): Illuminate/Database/Query/Builder->insertGetId()
#6 C:/xampp5/htdocs/Project_SIMRS/mediscare/vendor/laravel/framework/src/Illuminate/Database/Eloquent/Model.php(1359): Illuminate/Database/Eloquent/Builder->__call()
#7 C:/xampp5/htdocs/Project_SIMRS/mediscare/vendor/laravel/framework/src/Illuminate/Database/Eloquent/Model.php(1324): Illuminate/Database/Eloquent/Model->insertAndSetId()
#8 C:/xampp5/htdocs/Project_SIMRS/mediscare/vendor/laravel/framework/src/Illuminate/Database/Eloquent/Model.php(1163): Illuminate/Database/Eloquent/Model->performInsert()
#9 C:/xampp5/htdocs/Project_SIMRS/mediscare/vendor/laravel/framework/src/Illuminate/Database/Eloquent/Builder.php(1128): Illuminate/Database/Eloquent/Model->save()
#10 C:/xampp5/htdocs/Project_SIMRS/mediscare/vendor/laravel/framework/src/Illuminate/Support/helpers.php(399): Illuminate/Database/Eloquent/Builder->{closure:Illuminate/Database/Eloquent/Builder::create():1127}()
#11 C:/xampp5/htdocs/Project_SIMRS/mediscare/vendor/laravel/framework/src/Illuminate/Database/Eloquent/Builder.php(1127): tap()
#12 C:/xampp5/htdocs/Project_SIMRS/mediscare/vendor/laravel/framework/src/Illuminate/Support/Traits/ForwardsCalls.php(23): Illuminate/Database/Eloquent/Builder->create()
#13 C:/xampp5/htdocs/Project_SIMRS/mediscare/vendor/laravel/framework/src/Illuminate/Database/Eloquent/Model.php(2372): Illuminate/Database/Eloquent/Model->forwardCallTo()
#14 C:/xampp5/htdocs/Project_SIMRS/mediscare/vendor/laravel/framework/src/Illuminate/Database/Eloquent/Model.php(2384): Illuminate/Database/Eloquent/Model->__call()
#15 C:/xampp5/htdocs/Project_SIMRS/mediscare/app/Services/RegistrationService.php(50): Illuminate/Database/Eloquent/Model::__callStatic()
#16 C:/xampp5/htdocs/Project_SIMRS/mediscare/vendor/laravel/framework/src/Illuminate/Database/Concerns/ManagesTransactions.php(32): App/Services/RegistrationService->{closure:App/Services/RegistrationService::register():24}()
#17 C:/xampp5/htdocs/Project_SIMRS/mediscare/vendor/laravel/framework/src/Illuminate/Database/DatabaseManager.php(495): Illuminate/Database/Connection->transaction()
#18 C:/xampp5/htdocs/Project_SIMRS/mediscare/vendor/laravel/framework/src/Illuminate/Support/Facades/Facade.php(361): Illuminate/Database/DatabaseManager->__call()
#19 C:/xampp5/htdocs/Project_SIMRS/mediscare/app/Services/RegistrationService.php(24): Illuminate/Support/Facades/Facade::__callStatic()
#20 C:/xampp5/htdocs/Project_SIMRS/mediscare/app/Http/Controllers/Web/RegistrationController.php(55): App/Services/RegistrationService->register()
#21 C:/xampp5/htdocs/Project_SIMRS/mediscare/vendor/laravel/framework/src/Illuminate/Routing/ControllerDispatcher.php(47): App/Http/Controllers/Web/RegistrationController->store()
#22 C:/xampp5/htdocs/Project_SIMRS/mediscare/vendor/laravel/framework/src/Illuminate/Routing/Route.php(266): Illuminate/Routing/ControllerDispatcher->dispatch()
#23 C:/xampp5/htdocs/Project_SIMRS/mediscare/vendor/laravel/framework/src/Illuminate/Routing/Route.php(212): Illuminate/Routing/Route->runController()
#24 C:/xampp5/htdocs/Project_SIMRS/mediscare/vendor/laravel/framework/src/Illuminate/Routing/Router.php(808): Illuminate/Routing/Route->run()
#25 C:/xampp5/htdocs/Project_SIMRS/mediscare/vendor/laravel/framework/src/Illuminate/Pipeline/Pipeline.php(170): Illuminate/Routing/Router->{closure:Illuminate/Routing/Router::runRouteWithinStack():807}()
#26 C:/xampp5/htdocs/Project_SIMRS/mediscare/app/Http/Middleware/CheckPermission.php(28): Illuminate/Pipeline/Pipeline->{closure:Illuminate/Pipeline/Pipeline::prepareDestination():168}()
#27 C:/xampp5/htdocs/Project_SIMRS/mediscare/vendor/laravel/framework/src/Illuminate/Pipeline/Pipeline.php(209): App/Http/Middleware/CheckPermission->handle()
#28 C:/xampp5/htdocs/Project_SIMRS/mediscare/app/Http/Middleware/EnsureSessionIsFresh.php(31): Illuminate/Pipeline/Pipeline->{closure:{closure:Illuminate/Pipeline/Pipeline::carry():184}:185}()
#29 C:/xampp5/htdocs/Project_SIMRS/mediscare/vendor/laravel/framework/src/Illuminate/Pipeline/Pipeline.php(209): App/Http/Middleware/EnsureSessionIsFresh->handle()
#30 C:/xampp5/htdocs/Project_SIMRS/mediscare/vendor/laravel/framework/src/Illuminate/Routing/Middleware/SubstituteBindings.php(51): Illuminate/Pipeline/Pipeline->{closure:{closure:Illuminate/Pipeline/Pipeline::carry():184}:185}()
#31 C:/xampp5/htdocs/Project_SIMRS/mediscare/vendor/laravel/framework/src/Illuminate/Pipeline/Pipeline.php(209): Illuminate/Routing/Middleware/SubstituteBindings->handle()
#32 C:/xampp5/htdocs/Project_SIMRS/mediscare/vendor/laravel/framework/src/Illuminate/Auth/Middleware/Authenticate.php(64): Illuminate/Pipeline/Pipeline->{closure:{closure:Illuminate/Pipeline/Pipeline::carry():184}:185}()
#33 C:/xampp5/htdocs/Project_SIMRS/mediscare/vendor/laravel/framework/src/Illuminate/Pipeline/Pipeline.php(209): Illuminate/Auth/Middleware/Authenticate->handle()
#34 C:/xampp5/htdocs/Project_SIMRS/mediscare/vendor/laravel/framework/src/Illuminate/Foundation/Http/Middleware/VerifyCsrfToken.php(88): Illuminate/Pipeline/Pipeline->{closure:{closure:Illuminate/Pipeline/Pipeline::carry():184}:185}()
#35 C:/xampp5/htdocs/Project_SIMRS/mediscare/vendor/laravel/framework/src/Illuminate/Pipeline/Pipeline.php(209): Illuminate/Foundation/Http/Middleware/VerifyCsrfToken->handle()
#36 C:/xampp5/htdocs/Project_SIMRS/mediscare/vendor/laravel/framework/src/Illuminate/View/Middleware/ShareErrorsFromSession.php(49): Illuminate/Pipeline/Pipeline->{closure:{closure:Illuminate/Pipeline/Pipeline::carry():184}:185}()
#37 C:/xampp5/htdocs/Project_SIMRS/mediscare/vendor/laravel/framework/src/Illuminate/Pipeline/Pipeline.php(209): Illuminate/View/Middleware/ShareErrorsFromSession->handle()
#38 C:/xampp5/htdocs/Project_SIMRS/mediscare/vendor/laravel/framework/src/Illuminate/Session/Middleware/StartSession.php(121): Illuminate/Pipeline/Pipeline->{closure:{closure:Illuminate/Pipeline/Pipeline::carry():184}:185}()
#39 C:/xampp5/htdocs/Project_SIMRS/mediscare/vendor/laravel/framework/src/Illuminate/Session/Middleware/StartSession.php(64): Illuminate/Session/Middleware/StartSession->handleStatefulRequest()
#40 C:/xampp5/htdocs/Project_SIMRS/mediscare/vendor/laravel/framework/src/Illuminate/Pipeline/Pipeline.php(209): Illuminate/Session/Middleware/StartSession->handle()
#41 C:/xampp5/htdocs/Project_SIMRS/mediscare/vendor/laravel/framework/src/Illuminate/Cookie/Middleware/AddQueuedCookiesToResponse.php(37): Illuminate/Pipeline/Pipeline->{closure:{closure:Illuminate/Pipeline/Pipeline::carry():184}:185}()
#42 C:/xampp5/htdocs/Project_SIMRS/mediscare/vendor/laravel/framework/src/Illuminate/Pipeline/Pipeline.php(209): Illuminate/Cookie/Middleware/AddQueuedCookiesToResponse->handle()
#43 C:/xampp5/htdocs/Project_SIMRS/mediscare/vendor/laravel/framework/src/Illuminate/Cookie/Middleware/EncryptCookies.php(75): Illuminate/Pipeline/Pipeline->{closure:{closure:Illuminate/Pipeline/Pipeline::carry():184}:185}()
#44 C:/xampp5/htdocs/Project_SIMRS/mediscare/vendor/laravel/framework/src/Illuminate/Pipeline/Pipeline.php(209): Illuminate/Cookie/Middleware/EncryptCookies->handle()
#45 C:/xampp5/htdocs/Project_SIMRS/mediscare/vendor/laravel/framework/src/Illuminate/Pipeline/Pipeline.php(127): Illuminate/Pipeline/Pipeline->{closure:{closure:Illuminate/Pipeline/Pipeline::carry():184}:185}()
#46 C:/xampp5/htdocs/Project_SIMRS/mediscare/vendor/laravel/framework/src/Illuminate/Routing/Router.php(807): Illuminate/Pipeline/Pipeline->then()
#47 C:/xampp5/htdocs/Project_SIMRS/mediscare/vendor/laravel/framework/src/Illuminate/Routing/Router.php(786): Illuminate/Routing/Router->runRouteWithinStack()
#48 C:/xampp5/htdocs/Project_SIMRS/mediscare/vendor/laravel/framework/src/Illuminate/Routing/Router.php(750): Illuminate/Routing/Router->runRoute()
#49 C:/xampp5/htdocs/Project_SIMRS/mediscare/vendor/laravel/framework/src/Illuminate/Routing/Router.php(739): Illuminate/Routing/Router->dispatchToRoute()
#50 C:/xampp5/htdocs/Project_SIMRS/mediscare/vendor/laravel/framework/src/Illuminate/Foundation/Http/Kernel.php(201): Illuminate/Routing/Router->dispatch()
#51 C:/xampp5/htdocs/Project_SIMRS/mediscare/vendor/laravel/framework/src/Illuminate/Pipeline/Pipeline.php(170): Illuminate/Foundation/Http/Kernel->{closure:Illuminate/Foundation/Http/Kernel::dispatchToRouter():198}()
#52 C:/xampp5/htdocs/Project_SIMRS/mediscare/vendor/laravel/framework/src/Illuminate/Foundation/Http/Middleware/TransformsRequest.php(21): Illuminate/Pipeline/Pipeline->{closure:Illuminate/Pipeline/Pipeline::prepareDestination():168}()
#53 C:/xampp5/htdocs/Project_SIMRS/mediscare/vendor/laravel/framework/src/Illuminate/Foundation/Http/Middleware/ConvertEmptyStringsToNull.php(31): Illuminate/Foundation/Http/Middleware/TransformsRequest->handle()
#54 C:/xampp5/htdocs/Project_SIMRS/mediscare/vendor/laravel/framework/src/Illuminate/Pipeline/Pipeline.php(209): Illuminate/Foundation/Http/Middleware/ConvertEmptyStringsToNull->handle()
#55 C:/xampp5/htdocs/Project_SIMRS/mediscare/vendor/laravel/framework/src/Illuminate/Foundation/Http/Middleware/TransformsRequest.php(21): Illuminate/Pipeline/Pipeline->{closure:{closure:Illuminate/Pipeline/Pipeline::carry():184}:185}()
#56 C:/xampp5/htdocs/Project_SIMRS/mediscare/vendor/laravel/framework/src/Illuminate/Foundation/Http/Middleware/TrimStrings.php(51): Illuminate/Foundation/Http/Middleware/TransformsRequest->handle()
#57 C:/xampp5/htdocs/Project_SIMRS/mediscare/vendor/laravel/framework/src/Illuminate/Pipeline/Pipeline.php(209): Illuminate/Foundation/Http/Middleware/TrimStrings->handle()
#58 C:/xampp5/htdocs/Project_SIMRS/mediscare/vendor/laravel/framework/src/Illuminate/Http/Middleware/ValidatePostSize.php(27): Illuminate/Pipeline/Pipeline->{closure:{closure:Illuminate/Pipeline/Pipeline::carry():184}:185}()
#59 C:/xampp5/htdocs/Project_SIMRS/mediscare/vendor/laravel/framework/src/Illuminate/Pipeline/Pipeline.php(209): Illuminate/Http/Middleware/ValidatePostSize->handle()
#60 C:/xampp5/htdocs/Project_SIMRS/mediscare/vendor/laravel/framework/src/Illuminate/Foundation/Http/Middleware/PreventRequestsDuringMaintenance.php(110): Illuminate/Pipeline/Pipeline->{closure:{closure:Illuminate/Pipeline/Pipeline::carry():184}:185}()
#61 C:/xampp5/htdocs/Project_SIMRS/mediscare/vendor/laravel/framework/src/Illuminate/Pipeline/Pipeline.php(209): Illuminate/Foundation/Http/Middleware/PreventRequestsDuringMaintenance->handle()
#62 C:/xampp5/htdocs/Project_SIMRS/mediscare/vendor/laravel/framework/src/Illuminate/Http/Middleware/HandleCors.php(49): Illuminate/Pipeline/Pipeline->{closure:{closure:Illuminate/Pipeline/Pipeline::carry():184}:185}()
#63 C:/xampp5/htdocs/Project_SIMRS/mediscare/vendor/laravel/framework/src/Illuminate/Pipeline/Pipeline.php(209): Illuminate/Http/Middleware/HandleCors->handle()
#64 C:/xampp5/htdocs/Project_SIMRS/mediscare/vendor/laravel/framework/src/Illuminate/Http/Middleware/TrustProxies.php(58): Illuminate/Pipeline/Pipeline->{closure:{closure:Illuminate/Pipeline/Pipeline::carry():184}:185}()
#65 C:/xampp5/htdocs/Project_SIMRS/mediscare/vendor/laravel/framework/src/Illuminate/Pipeline/Pipeline.php(209): Illuminate/Http/Middleware/TrustProxies->handle()
#66 C:/xampp5/htdocs/Project_SIMRS/mediscare/vendor/laravel/framework/src/Illuminate/Foundation/Http/Middleware/InvokeDeferredCallbacks.php(22): Illuminate/Pipeline/Pipeline->{closure:{closure:Illuminate/Pipeline/Pipeline::carry():184}:185}()
#67 C:/xampp5/htdocs/Project_SIMRS/mediscare/vendor/laravel/framework/src/Illuminate/Pipeline/Pipeline.php(209): Illuminate/Foundation/Http/Middleware/InvokeDeferredCallbacks->handle()
#68 C:/xampp5/htdocs/Project_SIMRS/mediscare/vendor/laravel/framework/src/Illuminate/Pipeline/Pipeline.php(127): Illuminate/Pipeline/Pipeline->{closure:{closure:Illuminate/Pipeline/Pipeline::carry():184}:185}()
#69 C:/xampp5/htdocs/Project_SIMRS/mediscare/vendor/laravel/framework/src/Illuminate/Foundation/Http/Kernel.php(176): Illuminate/Pipeline/Pipeline->then()
#70 C:/xampp5/htdocs/Project_SIMRS/mediscare/vendor/laravel/framework/src/Illuminate/Foundation/Http/Kernel.php(145): Illuminate/Foundation/Http/Kernel->sendRequestThroughRouter()
#71 C:/xampp5/htdocs/Project_SIMRS/mediscare/vendor/laravel/framework/src/Illuminate/Foundation/Testing/Concerns/MakesHttpRequests.php(607): Illuminate/Foundation/Http/Kernel->handle()
#72 C:/xampp5/htdocs/Project_SIMRS/mediscare/vendor/laravel/framework/src/Illuminate/Foundation/Testing/Concerns/MakesHttpRequests.php(397): Illuminate/Foundation/Testing/TestCase->call()
#73 C:/xampp5/htdocs/Project_SIMRS/mediscare/tests/Feature/RegistrationAndQueueTest.php(42): Illuminate/Foundation/Testing/TestCase->post()
#74 C:/xampp5/htdocs/Project_SIMRS/mediscare/vendor/phpunit/phpunit/src/Framework/TestCase.php(1667): Tests/Feature/RegistrationAndQueueTest->test_registering_existing_patient_generates_sequential_queue_numbers()
#75 C:/xampp5/htdocs/Project_SIMRS/mediscare/vendor/phpunit/phpunit/src/Framework/TestCase.php(519): PHPUnit/Framework/TestCase->runTest()
#76 C:/xampp5/htdocs/Project_SIMRS/mediscare/vendor/phpunit/phpunit/src/Framework/TestRunner/TestRunner.php(87): PHPUnit/Framework/TestCase->runBare()
#77 C:/xampp5/htdocs/Project_SIMRS/mediscare/vendor/phpunit/phpunit/src/Framework/TestCase.php(365): PHPUnit/Framework/TestRunner->run()
#78 C:/xampp5/htdocs/Project_SIMRS/mediscare/vendor/phpunit/phpunit/src/Framework/TestSuite.php(369): PHPUnit/Framework/TestCase->run()
#79 C:/xampp5/htdocs/Project_SIMRS/mediscare/vendor/phpunit/phpunit/src/Framework/TestSuite.php(369): PHPUnit/Framework/TestSuite->run()
#80 C:/xampp5/htdocs/Project_SIMRS/mediscare/vendor/phpunit/phpunit/src/Framework/TestSuite.php(369): PHPUnit/Framework/TestSuite->run()
#81 C:/xampp5/htdocs/Project_SIMRS/mediscare/vendor/phpunit/phpunit/src/TextUI/TestRunner.php(64): PHPUnit/Framework/TestSuite->run()
#82 C:/xampp5/htdocs/Project_SIMRS/mediscare/vendor/phpunit/phpunit/src/TextUI/Application.php(211): PHPUnit/TextUI/TestRunner->run()
#83 C:/xampp5/htdocs/Project_SIMRS/mediscare/vendor/phpunit/phpunit/phpunit(104): PHPUnit/TextUI/Application->run()
#84 {main}

[previous exception] [object] (PDOException(code: 23000): SQLSTATE[23000]: Integrity constraint violation: 19 UNIQUE constraint failed: queues.polyclinic_id, queues.queue_date, queues.queue_number at C:/xampp5/htdocs/Project_SIMRS/mediscare/vendor/laravel/framework/src/Illuminate/Database/Connection.php:571)
[stacktrace]
#0 C:/xampp5/htdocs/Project_SIMRS/mediscare/vendor/laravel/framework/src/Illuminate/Database/Connection.php(571): PDOStatement->execute()
#1 C:/xampp5/htdocs/Project_SIMRS/mediscare/vendor/laravel/framework/src/Illuminate/Database/Connection.php(812): Illuminate/Database/Connection->{closure:Illuminate/Database/Connection::statement():560}()
#2 C:/xampp5/htdocs/Project_SIMRS/mediscare/vendor/laravel/framework/src/Illuminate/Database/Connection.php(779): Illuminate/Database/Connection->runQueryCallback()
#3 C:/xampp5/htdocs/Project_SIMRS/mediscare/vendor/laravel/framework/src/Illuminate/Database/Connection.php(560): Illuminate/Database/Connection->run()
#4 C:/xampp5/htdocs/Project_SIMRS/mediscare/vendor/laravel/framework/src/Illuminate/Database/Connection.php(524): Illuminate/Database/Connection->statement()
#5 C:/xampp5/htdocs/Project_SIMRS/mediscare/vendor/laravel/framework/src/Illuminate/Database/Query/Processors/Processor.php(32): Illuminate/Database/Connection->insert()
#6 C:/xampp5/htdocs/Project_SIMRS/mediscare/vendor/laravel/framework/src/Illuminate/Database/Query/Builder.php(3766): Illuminate/Database/Query/Processors/Processor->processInsertGetId()
#7 C:/xampp5/htdocs/Project_SIMRS/mediscare/vendor/laravel/framework/src/Illuminate/Database/Eloquent/Builder.php(2120): Illuminate/Database/Query/Builder->insertGetId()
#8 C:/xampp5/htdocs/Project_SIMRS/mediscare/vendor/laravel/framework/src/Illuminate/Database/Eloquent/Model.php(1359): Illuminate/Database/Eloquent/Builder->__call()
#9 C:/xampp5/htdocs/Project_SIMRS/mediscare/vendor/laravel/framework/src/Illuminate/Database/Eloquent/Model.php(1324): Illuminate/Database/Eloquent/Model->insertAndSetId()
#10 C:/xampp5/htdocs/Project_SIMRS/mediscare/vendor/laravel/framework/src/Illuminate/Database/Eloquent/Model.php(1163): Illuminate/Database/Eloquent/Model->performInsert()
#11 C:/xampp5/htdocs/Project_SIMRS/mediscare/vendor/laravel/framework/src/Illuminate/Database/Eloquent/Builder.php(1128): Illuminate/Database/Eloquent/Model->save()
#12 C:/xampp5/htdocs/Project_SIMRS/mediscare/vendor/laravel/framework/src/Illuminate/Support/helpers.php(399): Illuminate/Database/Eloquent/Builder->{closure:Illuminate/Database/Eloquent/Builder::create():1127}()
#13 C:/xampp5/htdocs/Project_SIMRS/mediscare/vendor/laravel/framework/src/Illuminate/Database/Eloquent/Builder.php(1127): tap()
#14 C:/xampp5/htdocs/Project_SIMRS/mediscare/vendor/laravel/framework/src/Illuminate/Support/Traits/ForwardsCalls.php(23): Illuminate/Database/Eloquent/Builder->create()
#15 C:/xampp5/htdocs/Project_SIMRS/mediscare/vendor/laravel/framework/src/Illuminate/Database/Eloquent/Model.php(2372): Illuminate/Database/Eloquent/Model->forwardCallTo()
#16 C:/xampp5/htdocs/Project_SIMRS/mediscare/vendor/laravel/framework/src/Illuminate/Database/Eloquent/Model.php(2384): Illuminate/Database/Eloquent/Model->__call()
#17 C:/xampp5/htdocs/Project_SIMRS/mediscare/app/Services/RegistrationService.php(50): Illuminate/Database/Eloquent/Model::__callStatic()
#18 C:/xampp5/htdocs/Project_SIMRS/mediscare/vendor/laravel/framework/src/Illuminate/Database/Concerns/ManagesTransactions.php(32): App/Services/RegistrationService->{closure:App/Services/RegistrationService::register():24}()
#19 C:/xampp5/htdocs/Project_SIMRS/mediscare/vendor/laravel/framework/src/Illuminate/Database/DatabaseManager.php(495): Illuminate/Database/Connection->transaction()
#20 C:/xampp5/htdocs/Project_SIMRS/mediscare/vendor/laravel/framework/src/Illuminate/Support/Facades/Facade.php(361): Illuminate/Database/DatabaseManager->__call()
#21 C:/xampp5/htdocs/Project_SIMRS/mediscare/app/Services/RegistrationService.php(24): Illuminate/Support/Facades/Facade::__callStatic()
#22 C:/xampp5/htdocs/Project_SIMRS/mediscare/app/Http/Controllers/Web/RegistrationController.php(55): App/Services/RegistrationService->register()
#23 C:/xampp5/htdocs/Project_SIMRS/mediscare/vendor/laravel/framework/src/Illuminate/Routing/ControllerDispatcher.php(47): App/Http/Controllers/Web/RegistrationController->store()
#24 C:/xampp5/htdocs/Project_SIMRS/mediscare/vendor/laravel/framework/src/Illuminate/Routing/Route.php(266): Illuminate/Routing/ControllerDispatcher->dispatch()
#25 C:/xampp5/htdocs/Project_SIMRS/mediscare/vendor/laravel/framework/src/Illuminate/Routing/Route.php(212): Illuminate/Routing/Route->runController()
#26 C:/xampp5/htdocs/Project_SIMRS/mediscare/vendor/laravel/framework/src/Illuminate/Routing/Router.php(808): Illuminate/Routing/Route->run()
#27 C:/xampp5/htdocs/Project_SIMRS/mediscare/vendor/laravel/framework/src/Illuminate/Pipeline/Pipeline.php(170): Illuminate/Routing/Router->{closure:Illuminate/Routing/Router::runRouteWithinStack():807}()
#28 C:/xampp5/htdocs/Project_SIMRS/mediscare/app/Http/Middleware/CheckPermission.php(28): Illuminate/Pipeline/Pipeline->{closure:Illuminate/Pipeline/Pipeline::prepareDestination():168}()
#29 C:/xampp5/htdocs/Project_SIMRS/mediscare/vendor/laravel/framework/src/Illuminate/Pipeline/Pipeline.php(209): App/Http/Middleware/CheckPermission->handle()
#30 C:/xampp5/htdocs/Project_SIMRS/mediscare/app/Http/Middleware/EnsureSessionIsFresh.php(31): Illuminate/Pipeline/Pipeline->{closure:{closure:Illuminate/Pipeline/Pipeline::carry():184}:185}()
#31 C:/xampp5/htdocs/Project_SIMRS/mediscare/vendor/laravel/framework/src/Illuminate/Pipeline/Pipeline.php(209): App/Http/Middleware/EnsureSessionIsFresh->handle()
#32 C:/xampp5/htdocs/Project_SIMRS/mediscare/vendor/laravel/framework/src/Illuminate/Routing/Middleware/SubstituteBindings.php(51): Illuminate/Pipeline/Pipeline->{closure:{closure:Illuminate/Pipeline/Pipeline::carry():184}:185}()
#33 C:/xampp5/htdocs/Project_SIMRS/mediscare/vendor/laravel/framework/src/Illuminate/Pipeline/Pipeline.php(209): Illuminate/Routing/Middleware/SubstituteBindings->handle()
#34 C:/xampp5/htdocs/Project_SIMRS/mediscare/vendor/laravel/framework/src/Illuminate/Auth/Middleware/Authenticate.php(64): Illuminate/Pipeline/Pipeline->{closure:{closure:Illuminate/Pipeline/Pipeline::carry():184}:185}()
#35 C:/xampp5/htdocs/Project_SIMRS/mediscare/vendor/laravel/framework/src/Illuminate/Pipeline/Pipeline.php(209): Illuminate/Auth/Middleware/Authenticate->handle()
#36 C:/xampp5/htdocs/Project_SIMRS/mediscare/vendor/laravel/framework/src/Illuminate/Foundation/Http/Middleware/VerifyCsrfToken.php(88): Illuminate/Pipeline/Pipeline->{closure:{closure:Illuminate/Pipeline/Pipeline::carry():184}:185}()
#37 C:/xampp5/htdocs/Project_SIMRS/mediscare/vendor/laravel/framework/src/Illuminate/Pipeline/Pipeline.php(209): Illuminate/Foundation/Http/Middleware/VerifyCsrfToken->handle()
#38 C:/xampp5/htdocs/Project_SIMRS/mediscare/vendor/laravel/framework/src/Illuminate/View/Middleware/ShareErrorsFromSession.php(49): Illuminate/Pipeline/Pipeline->{closure:{closure:Illuminate/Pipeline/Pipeline::carry():184}:185}()
#39 C:/xampp5/htdocs/Project_SIMRS/mediscare/vendor/laravel/framework/src/Illuminate/Pipeline/Pipeline.php(209): Illuminate/View/Middleware/ShareErrorsFromSession->handle()
#40 C:/xampp5/htdocs/Project_SIMRS/mediscare/vendor/laravel/framework/src/Illuminate/Session/Middleware/StartSession.php(121): Illuminate/Pipeline/Pipeline->{closure:{closure:Illuminate/Pipeline/Pipeline::carry():184}:185}()
#41 C:/xampp5/htdocs/Project_SIMRS/mediscare/vendor/laravel/framework/src/Illuminate/Session/Middleware/StartSession.php(64): Illuminate/Session/Middleware/StartSession->handleStatefulRequest()
#42 C:/xampp5/htdocs/Project_SIMRS/mediscare/vendor/laravel/framework/src/Illuminate/Pipeline/Pipeline.php(209): Illuminate/Session/Middleware/StartSession->handle()
#43 C:/xampp5/htdocs/Project_SIMRS/mediscare/vendor/laravel/framework/src/Illuminate/Cookie/Middleware/AddQueuedCookiesToResponse.php(37): Illuminate/Pipeline/Pipeline->{closure:{closure:Illuminate/Pipeline/Pipeline::carry():184}:185}()
#44 C:/xampp5/htdocs/Project_SIMRS/mediscare/vendor/laravel/framework/src/Illuminate/Pipeline/Pipeline.php(209): Illuminate/Cookie/Middleware/AddQueuedCookiesToResponse->handle()
#45 C:/xampp5/htdocs/Project_SIMRS/mediscare/vendor/laravel/framework/src/Illuminate/Cookie/Middleware/EncryptCookies.php(75): Illuminate/Pipeline/Pipeline->{closure:{closure:Illuminate/Pipeline/Pipeline::carry():184}:185}()
#46 C:/xampp5/htdocs/Project_SIMRS/mediscare/vendor/laravel/framework/src/Illuminate/Pipeline/Pipeline.php(209): Illuminate/Cookie/Middleware/EncryptCookies->handle()
#47 C:/xampp5/htdocs/Project_SIMRS/mediscare/vendor/laravel/framework/src/Illuminate/Pipeline/Pipeline.php(127): Illuminate/Pipeline/Pipeline->{closure:{closure:Illuminate/Pipeline/Pipeline::carry():184}:185}()
#48 C:/xampp5/htdocs/Project_SIMRS/mediscare/vendor/laravel/framework/src/Illuminate/Routing/Router.php(807): Illuminate/Pipeline/Pipeline->then()
#49 C:/xampp5/htdocs/Project_SIMRS/mediscare/vendor/laravel/framework/src/Illuminate/Routing/Router.php(786): Illuminate/Routing/Router->runRouteWithinStack()
#50 C:/xampp5/htdocs/Project_SIMRS/mediscare/vendor/laravel/framework/src/Illuminate/Routing/Router.php(750): Illuminate/Routing/Router->runRoute()
#51 C:/xampp5/htdocs/Project_SIMRS/mediscare/vendor/laravel/framework/src/Illuminate/Routing/Router.php(739): Illuminate/Routing/Router->dispatchToRoute()
#52 C:/xampp5/htdocs/Project_SIMRS/mediscare/vendor/laravel/framework/src/Illuminate/Foundation/Http/Kernel.php(201): Illuminate/Routing/Router->dispatch()
#53 C:/xampp5/htdocs/Project_SIMRS/mediscare/vendor/laravel/framework/src/Illuminate/Pipeline/Pipeline.php(170): Illuminate/Foundation/Http/Kernel->{closure:Illuminate/Foundation/Http/Kernel::dispatchToRouter():198}()
#54 C:/xampp5/htdocs/Project_SIMRS/mediscare/vendor/laravel/framework/src/Illuminate/Foundation/Http/Middleware/TransformsRequest.php(21): Illuminate/Pipeline/Pipeline->{closure:Illuminate/Pipeline/Pipeline::prepareDestination():168}()
#55 C:/xampp5/htdocs/Project_SIMRS/mediscare/vendor/laravel/framework/src/Illuminate/Foundation/Http/Middleware/ConvertEmptyStringsToNull.php(31): Illuminate/Foundation/Http/Middleware/TransformsRequest->handle()
#56 C:/xampp5/htdocs/Project_SIMRS/mediscare/vendor/laravel/framework/src/Illuminate/Pipeline/Pipeline.php(209): Illuminate/Foundation/Http/Middleware/ConvertEmptyStringsToNull->handle()
#57 C:/xampp5/htdocs/Project_SIMRS/mediscare/vendor/laravel/framework/src/Illuminate/Foundation/Http/Middleware/TransformsRequest.php(21): Illuminate/Pipeline/Pipeline->{closure:{closure:Illuminate/Pipeline/Pipeline::carry():184}:185}()
#58 C:/xampp5/htdocs/Project_SIMRS/mediscare/vendor/laravel/framework/src/Illuminate/Foundation/Http/Middleware/TrimStrings.php(51): Illuminate/Foundation/Http/Middleware/TransformsRequest->handle()
#59 C:/xampp5/htdocs/Project_SIMRS/mediscare/vendor/laravel/framework/src/Illuminate/Pipeline/Pipeline.php(209): Illuminate/Foundation/Http/Middleware/TrimStrings->handle()
#60 C:/xampp5/htdocs/Project_SIMRS/mediscare/vendor/laravel/framework/src/Illuminate/Http/Middleware/ValidatePostSize.php(27): Illuminate/Pipeline/Pipeline->{closure:{closure:Illuminate/Pipeline/Pipeline::carry():184}:185}()
#61 C:/xampp5/htdocs/Project_SIMRS/mediscare/vendor/laravel/framework/src/Illuminate/Pipeline/Pipeline.php(209): Illuminate/Http/Middleware/ValidatePostSize->handle()
#62 C:/xampp5/htdocs/Project_SIMRS/mediscare/vendor/laravel/framework/src/Illuminate/Foundation/Http/Middleware/PreventRequestsDuringMaintenance.php(110): Illuminate/Pipeline/Pipeline->{closure:{closure:Illuminate/Pipeline/Pipeline::carry():184}:185}()
#63 C:/xampp5/htdocs/Project_SIMRS/mediscare/vendor/laravel/framework/src/Illuminate/Pipeline/Pipeline.php(209): Illuminate/Foundation/Http/Middleware/PreventRequestsDuringMaintenance->handle()
#64 C:/xampp5/htdocs/Project_SIMRS/mediscare/vendor/laravel/framework/src/Illuminate/Http/Middleware/HandleCors.php(49): Illuminate/Pipeline/Pipeline->{closure:{closure:Illuminate/Pipeline/Pipeline::carry():184}:185}()
#65 C:/xampp5/htdocs/Project_SIMRS/mediscare/vendor/laravel/framework/src/Illuminate/Pipeline/Pipeline.php(209): Illuminate/Http/Middleware/HandleCors->handle()
#66 C:/xampp5/htdocs/Project_SIMRS/mediscare/vendor/laravel/framework/src/Illuminate/Http/Middleware/TrustProxies.php(58): Illuminate/Pipeline/Pipeline->{closure:{closure:Illuminate/Pipeline/Pipeline::carry():184}:185}()
#67 C:/xampp5/htdocs/Project_SIMRS/mediscare/vendor/laravel/framework/src/Illuminate/Pipeline/Pipeline.php(209): Illuminate/Http/Middleware/TrustProxies->handle()
#68 C:/xampp5/htdocs/Project_SIMRS/mediscare/vendor/laravel/framework/src/Illuminate/Foundation/Http/Middleware/InvokeDeferredCallbacks.php(22): Illuminate/Pipeline/Pipeline->{closure:{closure:Illuminate/Pipeline/Pipeline::carry():184}:185}()
#69 C:/xampp5/htdocs/Project_SIMRS/mediscare/vendor/laravel/framework/src/Illuminate/Pipeline/Pipeline.php(209): Illuminate/Foundation/Http/Middleware/InvokeDeferredCallbacks->handle()
#70 C:/xampp5/htdocs/Project_SIMRS/mediscare/vendor/laravel/framework/src/Illuminate/Pipeline/Pipeline.php(127): Illuminate/Pipeline/Pipeline->{closure:{closure:Illuminate/Pipeline/Pipeline::carry():184}:185}()
#71 C:/xampp5/htdocs/Project_SIMRS/mediscare/vendor/laravel/framework/src/Illuminate/Foundation/Http/Kernel.php(176): Illuminate/Pipeline/Pipeline->then()
#72 C:/xampp5/htdocs/Project_SIMRS/mediscare/vendor/laravel/framework/src/Illuminate/Foundation/Http/Kernel.php(145): Illuminate/Foundation/Http/Kernel->sendRequestThroughRouter()
#73 C:/xampp5/htdocs/Project_SIMRS/mediscare/vendor/laravel/framework/src/Illuminate/Foundation/Testing/Concerns/MakesHttpRequests.php(607): Illuminate/Foundation/Http/Kernel->handle()
#74 C:/xampp5/htdocs/Project_SIMRS/mediscare/vendor/laravel/framework/src/Illuminate/Foundation/Testing/Concerns/MakesHttpRequests.php(397): Illuminate/Foundation/Testing/TestCase->call()
#75 C:/xampp5/htdocs/Project_SIMRS/mediscare/tests/Feature/RegistrationAndQueueTest.php(42): Illuminate/Foundation/Testing/TestCase->post()
#76 C:/xampp5/htdocs/Project_SIMRS/mediscare/vendor/phpunit/phpunit/src/Framework/TestCase.php(1667): Tests/Feature/RegistrationAndQueueTest->test_registering_existing_patient_generates_sequential_queue_numbers()
#77 C:/xampp5/htdocs/Project_SIMRS/mediscare/vendor/phpunit/phpunit/src/Framework/TestCase.php(519): PHPUnit/Framework/TestCase->runTest()
#78 C:/xampp5/htdocs/Project_SIMRS/mediscare/vendor/phpunit/phpunit/src/Framework/TestRunner/TestRunner.php(87): PHPUnit/Framework/TestCase->runBare()
#79 C:/xampp5/htdocs/Project_SIMRS/mediscare/vendor/phpunit/phpunit/src/Framework/TestCase.php(365): PHPUnit/Framework/TestRunner->run()
#80 C:/xampp5/htdocs/Project_SIMRS/mediscare/vendor/phpunit/phpunit/src/Framework/TestSuite.php(369): PHPUnit/Framework/TestCase->run()
#81 C:/xampp5/htdocs/Project_SIMRS/mediscare/vendor/phpunit/phpunit/src/Framework/TestSuite.php(369): PHPUnit/Framework/TestSuite->run()
#82 C:/xampp5/htdocs/Project_SIMRS/mediscare/vendor/phpunit/phpunit/src/Framework/TestSuite.php(369): PHPUnit/Framework/TestSuite->run()
#83 C:/xampp5/htdocs/Project_SIMRS/mediscare/vendor/phpunit/phpunit/src/TextUI/TestRunner.php(64): PHPUnit/Framework/TestSuite->run()
#84 C:/xampp5/htdocs/Project_SIMRS/mediscare/vendor/phpunit/phpunit/src/TextUI/Application.php(211): PHPUnit/TextUI/TestRunner->run()
#85 C:/xampp5/htdocs/Project_SIMRS/mediscare/vendor/phpunit/phpunit/phpunit(104): PHPUnit/TextUI/Application->run()
#86 {main}
"} 
[2026-09-08 23:34:37] testing.ERROR: SQLSTATE[23000]: Integrity constraint violation: 19 UNIQUE constraint failed: queues.polyclinic_id, queues.queue_date, queues.queue_number (Connection: sqlite, SQL: insert into "queues" ("appointment_id", "polyclinic_id", "queue_number", "queue_date", "status", "updated_at", "created_at") values (2, 1, A-001, 2026-09-08 00:00:00, waiting, 2026-09-08 23:34:37, 2026-09-08 23:34:37)) {"userId":1,"exception":"[object] (Illuminate\\Database\\UniqueConstraintViolationException(code: 23000): SQLSTATE[23000]: Integrity constraint violation: 19 UNIQUE constraint failed: queues.polyclinic_id, queues.queue_date, queues.queue_number (Connection: sqlite, SQL: insert into \"queues\" (\"appointment_id\", \"polyclinic_id\", \"queue_number\", \"queue_date\", \"status\", \"updated_at\", \"created_at\") values (2, 1, A-001, 2026-09-08 00:00:00, waiting, 2026-09-08 23:34:37, 2026-09-08 23:34:37)) at C:/xampp5/htdocs/Project_SIMRS/mediscare/vendor/laravel/framework/src/Illuminate/Database/Connection.php:820)
[stacktrace]
#0 C:/xampp5/htdocs/Project_SIMRS/mediscare/vendor/laravel/framework/src/Illuminate/Database/Connection.php(779): Illuminate/Database/Connection->runQueryCallback()
#1 C:/xampp5/htdocs/Project_SIMRS/mediscare/vendor/laravel/framework/src/Illuminate/Database/Connection.php(560): Illuminate/Database/Connection->run()
#2 C:/xampp5/htdocs/Project_SIMRS/mediscare/vendor/laravel/framework/src/Illuminate/Database/Connection.php(524): Illuminate/Database/Connection->statement()
#3 C:/xampp5/htdocs/Project_SIMRS/mediscare/vendor/laravel/framework/src/Illuminate/Database/Query/Processors/Processor.php(32): Illuminate/Database/Connection->insert()
#4 C:/xampp5/htdocs/Project_SIMRS/mediscare/vendor/laravel/framework/src/Illuminate/Database/Query/Builder.php(3766): Illuminate/Database/Query/Processors/Processor->processInsertGetId()
#5 C:/xampp5/htdocs/Project_SIMRS/mediscare/vendor/laravel/framework/src/Illuminate/Database/Eloquent/Builder.php(2120): Illuminate/Database/Query/Builder->insertGetId()
#6 C:/xampp5/htdocs/Project_SIMRS/mediscare/vendor/laravel/framework/src/Illuminate/Database/Eloquent/Model.php(1359): Illuminate/Database/Eloquent/Builder->__call()
#7 C:/xampp5/htdocs/Project_SIMRS/mediscare/vendor/laravel/framework/src/Illuminate/Database/Eloquent/Model.php(1324): Illuminate/Database/Eloquent/Model->insertAndSetId()
#8 C:/xampp5/htdocs/Project_SIMRS/mediscare/vendor/laravel/framework/src/Illuminate/Database/Eloquent/Model.php(1163): Illuminate/Database/Eloquent/Model->performInsert()
#9 C:/xampp5/htdocs/Project_SIMRS/mediscare/vendor/laravel/framework/src/Illuminate/Database/Eloquent/Builder.php(1128): Illuminate/Database/Eloquent/Model->save()
#10 C:/xampp5/htdocs/Project_SIMRS/mediscare/vendor/laravel/framework/src/Illuminate/Support/helpers.php(399): Illuminate/Database/Eloquent/Builder->{closure:Illuminate/Database/Eloquent/Builder::create():1127}()
#11 C:/xampp5/htdocs/Project_SIMRS/mediscare/vendor/laravel/framework/src/Illuminate/Database/Eloquent/Builder.php(1127): tap()
#12 C:/xampp5/htdocs/Project_SIMRS/mediscare/vendor/laravel/framework/src/Illuminate/Support/Traits/ForwardsCalls.php(23): Illuminate/Database/Eloquent/Builder->create()
#13 C:/xampp5/htdocs/Project_SIMRS/mediscare/vendor/laravel/framework/src/Illuminate/Database/Eloquent/Model.php(2372): Illuminate/Database/Eloquent/Model->forwardCallTo()
#14 C:/xampp5/htdocs/Project_SIMRS/mediscare/vendor/laravel/framework/src/Illuminate/Database/Eloquent/Model.php(2384): Illuminate/Database/Eloquent/Model->__call()
#15 C:/xampp5/htdocs/Project_SIMRS/mediscare/app/Services/RegistrationService.php(50): Illuminate/Database/Eloquent/Model::__callStatic()
#16 C:/xampp5/htdocs/Project_SIMRS/mediscare/vendor/laravel/framework/src/Illuminate/Database/Concerns/ManagesTransactions.php(32): App/Services/RegistrationService->{closure:App/Services/RegistrationService::register():24}()
#17 C:/xampp5/htdocs/Project_SIMRS/mediscare/vendor/laravel/framework/src/Illuminate/Database/DatabaseManager.php(495): Illuminate/Database/Connection->transaction()
#18 C:/xampp5/htdocs/Project_SIMRS/mediscare/vendor/laravel/framework/src/Illuminate/Support/Facades/Facade.php(361): Illuminate/Database/DatabaseManager->__call()
#19 C:/xampp5/htdocs/Project_SIMRS/mediscare/app/Services/RegistrationService.php(24): Illuminate/Support/Facades/Facade::__callStatic()
#20 C:/xampp5/htdocs/Project_SIMRS/mediscare/app/Http/Controllers/Web/RegistrationController.php(55): App/Services/RegistrationService->register()
#21 C:/xampp5/htdocs/Project_SIMRS/mediscare/vendor/laravel/framework/src/Illuminate/Routing/ControllerDispatcher.php(47): App/Http/Controllers/Web/RegistrationController->store()
#22 C:/xampp5/htdocs/Project_SIMRS/mediscare/vendor/laravel/framework/src/Illuminate/Routing/Route.php(266): Illuminate/Routing/ControllerDispatcher->dispatch()
#23 C:/xampp5/htdocs/Project_SIMRS/mediscare/vendor/laravel/framework/src/Illuminate/Routing/Route.php(212): Illuminate/Routing/Route->runController()
#24 C:/xampp5/htdocs/Project_SIMRS/mediscare/vendor/laravel/framework/src/Illuminate/Routing/Router.php(808): Illuminate/Routing/Route->run()
#25 C:/xampp5/htdocs/Project_SIMRS/mediscare/vendor/laravel/framework/src/Illuminate/Pipeline/Pipeline.php(170): Illuminate/Routing/Router->{closure:Illuminate/Routing/Router::runRouteWithinStack():807}()
#26 C:/xampp5/htdocs/Project_SIMRS/mediscare/app/Http/Middleware/CheckPermission.php(28): Illuminate/Pipeline/Pipeline->{closure:Illuminate/Pipeline/Pipeline::prepareDestination():168}()
#27 C:/xampp5/htdocs/Project_SIMRS/mediscare/vendor/laravel/framework/src/Illuminate/Pipeline/Pipeline.php(209): App/Http/Middleware/CheckPermission->handle()
#28 C:/xampp5/htdocs/Project_SIMRS/mediscare/app/Http/Middleware/EnsureSessionIsFresh.php(31): Illuminate/Pipeline/Pipeline->{closure:{closure:Illuminate/Pipeline/Pipeline::carry():184}:185}()
#29 C:/xampp5/htdocs/Project_SIMRS/mediscare/vendor/laravel/framework/src/Illuminate/Pipeline/Pipeline.php(209): App/Http/Middleware/EnsureSessionIsFresh->handle()
#30 C:/xampp5/htdocs/Project_SIMRS/mediscare/vendor/laravel/framework/src/Illuminate/Routing/Middleware/SubstituteBindings.php(51): Illuminate/Pipeline/Pipeline->{closure:{closure:Illuminate/Pipeline/Pipeline::carry():184}:185}()
#31 C:/xampp5/htdocs/Project_SIMRS/mediscare/vendor/laravel/framework/src/Illuminate/Pipeline/Pipeline.php(209): Illuminate/Routing/Middleware/SubstituteBindings->handle()
#32 C:/xampp5/htdocs/Project_SIMRS/mediscare/vendor/laravel/framework/src/Illuminate/Auth/Middleware/Authenticate.php(64): Illuminate/Pipeline/Pipeline->{closure:{closure:Illuminate/Pipeline/Pipeline::carry():184}:185}()
#33 C:/xampp5/htdocs/Project_SIMRS/mediscare/vendor/laravel/framework/src/Illuminate/Pipeline/Pipeline.php(209): Illuminate/Auth/Middleware/Authenticate->handle()
#34 C:/xampp5/htdocs/Project_SIMRS/mediscare/vendor/laravel/framework/src/Illuminate/Foundation/Http/Middleware/VerifyCsrfToken.php(88): Illuminate/Pipeline/Pipeline->{closure:{closure:Illuminate/Pipeline/Pipeline::carry():184}:185}()
#35 C:/xampp5/htdocs/Project_SIMRS/mediscare/vendor/laravel/framework/src/Illuminate/Pipeline/Pipeline.php(209): Illuminate/Foundation/Http/Middleware/VerifyCsrfToken->handle()
#36 C:/xampp5/htdocs/Project_SIMRS/mediscare/vendor/laravel/framework/src/Illuminate/View/Middleware/ShareErrorsFromSession.php(49): Illuminate/Pipeline/Pipeline->{closure:{closure:Illuminate/Pipeline/Pipeline::carry():184}:185}()
#37 C:/xampp5/htdocs/Project_SIMRS/mediscare/vendor/laravel/framework/src/Illuminate/Pipeline/Pipeline.php(209): Illuminate/View/Middleware/ShareErrorsFromSession->handle()
#38 C:/xampp5/htdocs/Project_SIMRS/mediscare/vendor/laravel/framework/src/Illuminate/Session/Middleware/StartSession.php(121): Illuminate/Pipeline/Pipeline->{closure:{closure:Illuminate/Pipeline/Pipeline::carry():184}:185}()
#39 C:/xampp5/htdocs/Project_SIMRS/mediscare/vendor/laravel/framework/src/Illuminate/Session/Middleware/StartSession.php(64): Illuminate/Session/Middleware/StartSession->handleStatefulRequest()
#40 C:/xampp5/htdocs/Project_SIMRS/mediscare/vendor/laravel/framework/src/Illuminate/Pipeline/Pipeline.php(209): Illuminate/Session/Middleware/StartSession->handle()
#41 C:/xampp5/htdocs/Project_SIMRS/mediscare/vendor/laravel/framework/src/Illuminate/Cookie/Middleware/AddQueuedCookiesToResponse.php(37): Illuminate/Pipeline/Pipeline->{closure:{closure:Illuminate/Pipeline/Pipeline::carry():184}:185}()
#42 C:/xampp5/htdocs/Project_SIMRS/mediscare/vendor/laravel/framework/src/Illuminate/Pipeline/Pipeline.php(209): Illuminate/Cookie/Middleware/AddQueuedCookiesToResponse->handle()
#43 C:/xampp5/htdocs/Project_SIMRS/mediscare/vendor/laravel/framework/src/Illuminate/Cookie/Middleware/EncryptCookies.php(75): Illuminate/Pipeline/Pipeline->{closure:{closure:Illuminate/Pipeline/Pipeline::carry():184}:185}()
#44 C:/xampp5/htdocs/Project_SIMRS/mediscare/vendor/laravel/framework/src/Illuminate/Pipeline/Pipeline.php(209): Illuminate/Cookie/Middleware/EncryptCookies->handle()
#45 C:/xampp5/htdocs/Project_SIMRS/mediscare/vendor/laravel/framework/src/Illuminate/Pipeline/Pipeline.php(127): Illuminate/Pipeline/Pipeline->{closure:{closure:Illuminate/Pipeline/Pipeline::carry():184}:185}()
#46 C:/xampp5/htdocs/Project_SIMRS/mediscare/vendor/laravel/framework/src/Illuminate/Routing/Router.php(807): Illuminate/Pipeline/Pipeline->then()
#47 C:/xampp5/htdocs/Project_SIMRS/mediscare/vendor/laravel/framework/src/Illuminate/Routing/Router.php(786): Illuminate/Routing/Router->runRouteWithinStack()
#48 C:/xampp5/htdocs/Project_SIMRS/mediscare/vendor/laravel/framework/src/Illuminate/Routing/Router.php(750): Illuminate/Routing/Router->runRoute()
#49 C:/xampp5/htdocs/Project_SIMRS/mediscare/vendor/laravel/framework/src/Illuminate/Routing/Router.php(739): Illuminate/Routing/Router->dispatchToRoute()
#50 C:/xampp5/htdocs/Project_SIMRS/mediscare/vendor/laravel/framework/src/Illuminate/Foundation/Http/Kernel.php(201): Illuminate/Routing/Router->dispatch()
#51 C:/xampp5/htdocs/Project_SIMRS/mediscare/vendor/laravel/framework/src/Illuminate/Pipeline/Pipeline.php(170): Illuminate/Foundation/Http/Kernel->{closure:Illuminate/Foundation/Http/Kernel::dispatchToRouter():198}()
#52 C:/xampp5/htdocs/Project_SIMRS/mediscare/vendor/laravel/framework/src/Illuminate/Foundation/Http/Middleware/TransformsRequest.php(21): Illuminate/Pipeline/Pipeline->{closure:Illuminate/Pipeline/Pipeline::prepareDestination():168}()
#53 C:/xampp5/htdocs/Project_SIMRS/mediscare/vendor/laravel/framework/src/Illuminate/Foundation/Http/Middleware/ConvertEmptyStringsToNull.php(31): Illuminate/Foundation/Http/Middleware/TransformsRequest->handle()
#54 C:/xampp5/htdocs/Project_SIMRS/mediscare/vendor/laravel/framework/src/Illuminate/Pipeline/Pipeline.php(209): Illuminate/Foundation/Http/Middleware/ConvertEmptyStringsToNull->handle()
#55 C:/xampp5/htdocs/Project_SIMRS/mediscare/vendor/laravel/framework/src/Illuminate/Foundation/Http/Middleware/TransformsRequest.php(21): Illuminate/Pipeline/Pipeline->{closure:{closure:Illuminate/Pipeline/Pipeline::carry():184}:185}()
#56 C:/xampp5/htdocs/Project_SIMRS/mediscare/vendor/laravel/framework/src/Illuminate/Foundation/Http/Middleware/TrimStrings.php(51): Illuminate/Foundation/Http/Middleware/TransformsRequest->handle()
#57 C:/xampp5/htdocs/Project_SIMRS/mediscare/vendor/laravel/framework/src/Illuminate/Pipeline/Pipeline.php(209): Illuminate/Foundation/Http/Middleware/TrimStrings->handle()
#58 C:/xampp5/htdocs/Project_SIMRS/mediscare/vendor/laravel/framework/src/Illuminate/Http/Middleware/ValidatePostSize.php(27): Illuminate/Pipeline/Pipeline->{closure:{closure:Illuminate/Pipeline/Pipeline::carry():184}:185}()
#59 C:/xampp5/htdocs/Project_SIMRS/mediscare/vendor/laravel/framework/src/Illuminate/Pipeline/Pipeline.php(209): Illuminate/Http/Middleware/ValidatePostSize->handle()
#60 C:/xampp5/htdocs/Project_SIMRS/mediscare/vendor/laravel/framework/src/Illuminate/Foundation/Http/Middleware/PreventRequestsDuringMaintenance.php(110): Illuminate/Pipeline/Pipeline->{closure:{closure:Illuminate/Pipeline/Pipeline::carry():184}:185}()
#61 C:/xampp5/htdocs/Project_SIMRS/mediscare/vendor/laravel/framework/src/Illuminate/Pipeline/Pipeline.php(209): Illuminate/Foundation/Http/Middleware/PreventRequestsDuringMaintenance->handle()
#62 C:/xampp5/htdocs/Project_SIMRS/mediscare/vendor/laravel/framework/src/Illuminate/Http/Middleware/HandleCors.php(49): Illuminate/Pipeline/Pipeline->{closure:{closure:Illuminate/Pipeline/Pipeline::carry():184}:185}()
#63 C:/xampp5/htdocs/Project_SIMRS/mediscare/vendor/laravel/framework/src/Illuminate/Pipeline/Pipeline.php(209): Illuminate/Http/Middleware/HandleCors->handle()
#64 C:/xampp5/htdocs/Project_SIMRS/mediscare/vendor/laravel/framework/src/Illuminate/Http/Middleware/TrustProxies.php(58): Illuminate/Pipeline/Pipeline->{closure:{closure:Illuminate/Pipeline/Pipeline::carry():184}:185}()
#65 C:/xampp5/htdocs/Project_SIMRS/mediscare/vendor/laravel/framework/src/Illuminate/Pipeline/Pipeline.php(209): Illuminate/Http/Middleware/TrustProxies->handle()
#66 C:/xampp5/htdocs/Project_SIMRS/mediscare/vendor/laravel/framework/src/Illuminate/Foundation/Http/Middleware/InvokeDeferredCallbacks.php(22): Illuminate/Pipeline/Pipeline->{closure:{closure:Illuminate/Pipeline/Pipeline::carry():184}:185}()
#67 C:/xampp5/htdocs/Project_SIMRS/mediscare/vendor/laravel/framework/src/Illuminate/Pipeline/Pipeline.php(209): Illuminate/Foundation/Http/Middleware/InvokeDeferredCallbacks->handle()
#68 C:/xampp5/htdocs/Project_SIMRS/mediscare/vendor/laravel/framework/src/Illuminate/Pipeline/Pipeline.php(127): Illuminate/Pipeline/Pipeline->{closure:{closure:Illuminate/Pipeline/Pipeline::carry():184}:185}()
#69 C:/xampp5/htdocs/Project_SIMRS/mediscare/vendor/laravel/framework/src/Illuminate/Foundation/Http/Kernel.php(176): Illuminate/Pipeline/Pipeline->then()
#70 C:/xampp5/htdocs/Project_SIMRS/mediscare/vendor/laravel/framework/src/Illuminate/Foundation/Http/Kernel.php(145): Illuminate/Foundation/Http/Kernel->sendRequestThroughRouter()
#71 C:/xampp5/htdocs/Project_SIMRS/mediscare/vendor/laravel/framework/src/Illuminate/Foundation/Testing/Concerns/MakesHttpRequests.php(607): Illuminate/Foundation/Http/Kernel->handle()
#72 C:/xampp5/htdocs/Project_SIMRS/mediscare/vendor/laravel/framework/src/Illuminate/Foundation/Testing/Concerns/MakesHttpRequests.php(397): Illuminate/Foundation/Testing/TestCase->call()
#73 C:/xampp5/htdocs/Project_SIMRS/mediscare/tests/Feature/RegistrationAndQueueTest.php(42): Illuminate/Foundation/Testing/TestCase->post()
#74 C:/xampp5/htdocs/Project_SIMRS/mediscare/vendor/phpunit/phpunit/src/Framework/TestCase.php(1667): Tests/Feature/RegistrationAndQueueTest->test_registering_existing_patient_generates_sequential_queue_numbers()
#75 C:/xampp5/htdocs/Project_SIMRS/mediscare/vendor/phpunit/phpunit/src/Framework/TestCase.php(519): PHPUnit/Framework/TestCase->runTest()
#76 C:/xampp5/htdocs/Project_SIMRS/mediscare/vendor/phpunit/phpunit/src/Framework/TestRunner/TestRunner.php(87): PHPUnit/Framework/TestCase->runBare()
#77 C:/xampp5/htdocs/Project_SIMRS/mediscare/vendor/phpunit/phpunit/src/Framework/TestCase.php(365): PHPUnit/Framework/TestRunner->run()
#78 C:/xampp5/htdocs/Project_SIMRS/mediscare/vendor/phpunit/phpunit/src/Framework/TestSuite.php(369): PHPUnit/Framework/TestCase->run()
#79 C:/xampp5/htdocs/Project_SIMRS/mediscare/vendor/phpunit/phpunit/src/Framework/TestSuite.php(369): PHPUnit/Framework/TestSuite->run()
#80 C:/xampp5/htdocs/Project_SIMRS/mediscare/vendor/phpunit/phpunit/src/Framework/TestSuite.php(369): PHPUnit/Framework/TestSuite->run()
#81 C:/xampp5/htdocs/Project_SIMRS/mediscare/vendor/phpunit/phpunit/src/TextUI/TestRunner.php(64): PHPUnit/Framework/TestSuite->run()
#82 C:/xampp5/htdocs/Project_SIMRS/mediscare/vendor/phpunit/phpunit/src/TextUI/Application.php(211): PHPUnit/TextUI/TestRunner->run()
#83 C:/xampp5/htdocs/Project_SIMRS/mediscare/vendor/phpunit/phpunit/phpunit(104): PHPUnit/TextUI/Application->run()
#84 {main}

[previous exception] [object] (PDOException(code: 23000): SQLSTATE[23000]: Integrity constraint violation: 19 UNIQUE constraint failed: queues.polyclinic_id, queues.queue_date, queues.queue_number at C:/xampp5/htdocs/Project_SIMRS/mediscare/vendor/laravel/framework/src/Illuminate/Database/Connection.php:571)
[stacktrace]
#0 C:/xampp5/htdocs/Project_SIMRS/mediscare/vendor/laravel/framework/src/Illuminate/Database/Connection.php(571): PDOStatement->execute()
#1 C:/xampp5/htdocs/Project_SIMRS/mediscare/vendor/laravel/framework/src/Illuminate/Database/Connection.php(812): Illuminate/Database/Connection->{closure:Illuminate/Database/Connection::statement():560}()
#2 C:/xampp5/htdocs/Project_SIMRS/mediscare/vendor/laravel/framework/src/Illuminate/Database/Connection.php(779): Illuminate/Database/Connection->runQueryCallback()
#3 C:/xampp5/htdocs/Project_SIMRS/mediscare/vendor/laravel/framework/src/Illuminate/Database/Connection.php(560): Illuminate/Database/Connection->run()
#4 C:/xampp5/htdocs/Project_SIMRS/mediscare/vendor/laravel/framework/src/Illuminate/Database/Connection.php(524): Illuminate/Database/Connection->statement()
#5 C:/xampp5/htdocs/Project_SIMRS/mediscare/vendor/laravel/framework/src/Illuminate/Database/Query/Processors/Processor.php(32): Illuminate/Database/Connection->insert()
#6 C:/xampp5/htdocs/Project_SIMRS/mediscare/vendor/laravel/framework/src/Illuminate/Database/Query/Builder.php(3766): Illuminate/Database/Query/Processors/Processor->processInsertGetId()
#7 C:/xampp5/htdocs/Project_SIMRS/mediscare/vendor/laravel/framework/src/Illuminate/Database/Eloquent/Builder.php(2120): Illuminate/Database/Query/Builder->insertGetId()
#8 C:/xampp5/htdocs/Project_SIMRS/mediscare/vendor/laravel/framework/src/Illuminate/Database/Eloquent/Model.php(1359): Illuminate/Database/Eloquent/Builder->__call()
#9 C:/xampp5/htdocs/Project_SIMRS/mediscare/vendor/laravel/framework/src/Illuminate/Database/Eloquent/Model.php(1324): Illuminate/Database/Eloquent/Model->insertAndSetId()
#10 C:/xampp5/htdocs/Project_SIMRS/mediscare/vendor/laravel/framework/src/Illuminate/Database/Eloquent/Model.php(1163): Illuminate/Database/Eloquent/Model->performInsert()
#11 C:/xampp5/htdocs/Project_SIMRS/mediscare/vendor/laravel/framework/src/Illuminate/Database/Eloquent/Builder.php(1128): Illuminate/Database/Eloquent/Model->save()
#12 C:/xampp5/htdocs/Project_SIMRS/mediscare/vendor/laravel/framework/src/Illuminate/Support/helpers.php(399): Illuminate/Database/Eloquent/Builder->{closure:Illuminate/Database/Eloquent/Builder::create():1127}()
#13 C:/xampp5/htdocs/Project_SIMRS/mediscare/vendor/laravel/framework/src/Illuminate/Database/Eloquent/Builder.php(1127): tap()
#14 C:/xampp5/htdocs/Project_SIMRS/mediscare/vendor/laravel/framework/src/Illuminate/Support/Traits/ForwardsCalls.php(23): Illuminate/Database/Eloquent/Builder->create()
#15 C:/xampp5/htdocs/Project_SIMRS/mediscare/vendor/laravel/framework/src/Illuminate/Database/Eloquent/Model.php(2372): Illuminate/Database/Eloquent/Model->forwardCallTo()
#16 C:/xampp5/htdocs/Project_SIMRS/mediscare/vendor/laravel/framework/src/Illuminate/Database/Eloquent/Model.php(2384): Illuminate/Database/Eloquent/Model->__call()
#17 C:/xampp5/htdocs/Project_SIMRS/mediscare/app/Services/RegistrationService.php(50): Illuminate/Database/Eloquent/Model::__callStatic()
#18 C:/xampp5/htdocs/Project_SIMRS/mediscare/vendor/laravel/framework/src/Illuminate/Database/Concerns/ManagesTransactions.php(32): App/Services/RegistrationService->{closure:App/Services/RegistrationService::register():24}()
#19 C:/xampp5/htdocs/Project_SIMRS/mediscare/vendor/laravel/framework/src/Illuminate/Database/DatabaseManager.php(495): Illuminate/Database/Connection->transaction()
#20 C:/xampp5/htdocs/Project_SIMRS/mediscare/vendor/laravel/framework/src/Illuminate/Support/Facades/Facade.php(361): Illuminate/Database/DatabaseManager->__call()
#21 C:/xampp5/htdocs/Project_SIMRS/mediscare/app/Services/RegistrationService.php(24): Illuminate/Support/Facades/Facade::__callStatic()
#22 C:/xampp5/htdocs/Project_SIMRS/mediscare/app/Http/Controllers/Web/RegistrationController.php(55): App/Services/RegistrationService->register()
#23 C:/xampp5/htdocs/Project_SIMRS/mediscare/vendor/laravel/framework/src/Illuminate/Routing/ControllerDispatcher.php(47): App/Http/Controllers/Web/RegistrationController->store()
#24 C:/xampp5/htdocs/Project_SIMRS/mediscare/vendor/laravel/framework/src/Illuminate/Routing/Route.php(266): Illuminate/Routing/ControllerDispatcher->dispatch()
#25 C:/xampp5/htdocs/Project_SIMRS/mediscare/vendor/laravel/framework/src/Illuminate/Routing/Route.php(212): Illuminate/Routing/Route->runController()
#26 C:/xampp5/htdocs/Project_SIMRS/mediscare/vendor/laravel/framework/src/Illuminate/Routing/Router.php(808): Illuminate/Routing/Route->run()
#27 C:/xampp5/htdocs/Project_SIMRS/mediscare/vendor/laravel/framework/src/Illuminate/Pipeline/Pipeline.php(170): Illuminate/Routing/Router->{closure:Illuminate/Routing/Router::runRouteWithinStack():807}()
#28 C:/xampp5/htdocs/Project_SIMRS/mediscare/app/Http/Middleware/CheckPermission.php(28): Illuminate/Pipeline/Pipeline->{closure:Illuminate/Pipeline/Pipeline::prepareDestination():168}()
#29 C:/xampp5/htdocs/Project_SIMRS/mediscare/vendor/laravel/framework/src/Illuminate/Pipeline/Pipeline.php(209): App/Http/Middleware/CheckPermission->handle()
#30 C:/xampp5/htdocs/Project_SIMRS/mediscare/app/Http/Middleware/EnsureSessionIsFresh.php(31): Illuminate/Pipeline/Pipeline->{closure:{closure:Illuminate/Pipeline/Pipeline::carry():184}:185}()
#31 C:/xampp5/htdocs/Project_SIMRS/mediscare/vendor/laravel/framework/src/Illuminate/Pipeline/Pipeline.php(209): App/Http/Middleware/EnsureSessionIsFresh->handle()
#32 C:/xampp5/htdocs/Project_SIMRS/mediscare/vendor/laravel/framework/src/Illuminate/Routing/Middleware/SubstituteBindings.php(51): Illuminate/Pipeline/Pipeline->{closure:{closure:Illuminate/Pipeline/Pipeline::carry():184}:185}()
#33 C:/xampp5/htdocs/Project_SIMRS/mediscare/vendor/laravel/framework/src/Illuminate/Pipeline/Pipeline.php(209): Illuminate/Routing/Middleware/SubstituteBindings->handle()
#34 C:/xampp5/htdocs/Project_SIMRS/mediscare/vendor/laravel/framework/src/Illuminate/Auth/Middleware/Authenticate.php(64): Illuminate/Pipeline/Pipeline->{closure:{closure:Illuminate/Pipeline/Pipeline::carry():184}:185}()
#35 C:/xampp5/htdocs/Project_SIMRS/mediscare/vendor/laravel/framework/src/Illuminate/Pipeline/Pipeline.php(209): Illuminate/Auth/Middleware/Authenticate->handle()
#36 C:/xampp5/htdocs/Project_SIMRS/mediscare/vendor/laravel/framework/src/Illuminate/Foundation/Http/Middleware/VerifyCsrfToken.php(88): Illuminate/Pipeline/Pipeline->{closure:{closure:Illuminate/Pipeline/Pipeline::carry():184}:185}()
#37 C:/xampp5/htdocs/Project_SIMRS/mediscare/vendor/laravel/framework/src/Illuminate/Pipeline/Pipeline.php(209): Illuminate/Foundation/Http/Middleware/VerifyCsrfToken->handle()
#38 C:/xampp5/htdocs/Project_SIMRS/mediscare/vendor/laravel/framework/src/Illuminate/View/Middleware/ShareErrorsFromSession.php(49): Illuminate/Pipeline/Pipeline->{closure:{closure:Illuminate/Pipeline/Pipeline::carry():184}:185}()
#39 C:/xampp5/htdocs/Project_SIMRS/mediscare/vendor/laravel/framework/src/Illuminate/Pipeline/Pipeline.php(209): Illuminate/View/Middleware/ShareErrorsFromSession->handle()
#40 C:/xampp5/htdocs/Project_SIMRS/mediscare/vendor/laravel/framework/src/Illuminate/Session/Middleware/StartSession.php(121): Illuminate/Pipeline/Pipeline->{closure:{closure:Illuminate/Pipeline/Pipeline::carry():184}:185}()
#41 C:/xampp5/htdocs/Project_SIMRS/mediscare/vendor/laravel/framework/src/Illuminate/Session/Middleware/StartSession.php(64): Illuminate/Session/Middleware/StartSession->handleStatefulRequest()
#42 C:/xampp5/htdocs/Project_SIMRS/mediscare/vendor/laravel/framework/src/Illuminate/Pipeline/Pipeline.php(209): Illuminate/Session/Middleware/StartSession->handle()
#43 C:/xampp5/htdocs/Project_SIMRS/mediscare/vendor/laravel/framework/src/Illuminate/Cookie/Middleware/AddQueuedCookiesToResponse.php(37): Illuminate/Pipeline/Pipeline->{closure:{closure:Illuminate/Pipeline/Pipeline::carry():184}:185}()
#44 C:/xampp5/htdocs/Project_SIMRS/mediscare/vendor/laravel/framework/src/Illuminate/Pipeline/Pipeline.php(209): Illuminate/Cookie/Middleware/AddQueuedCookiesToResponse->handle()
#45 C:/xampp5/htdocs/Project_SIMRS/mediscare/vendor/laravel/framework/src/Illuminate/Cookie/Middleware/EncryptCookies.php(75): Illuminate/Pipeline/Pipeline->{closure:{closure:Illuminate/Pipeline/Pipeline::carry():184}:185}()
#46 C:/xampp5/htdocs/Project_SIMRS/mediscare/vendor/laravel/framework/src/Illuminate/Pipeline/Pipeline.php(209): Illuminate/Cookie/Middleware/EncryptCookies->handle()
#47 C:/xampp5/htdocs/Project_SIMRS/mediscare/vendor/laravel/framework/src/Illuminate/Pipeline/Pipeline.php(127): Illuminate/Pipeline/Pipeline->{closure:{closure:Illuminate/Pipeline/Pipeline::carry():184}:185}()
#48 C:/xampp5/htdocs/Project_SIMRS/mediscare/vendor/laravel/framework/src/Illuminate/Routing/Router.php(807): Illuminate/Pipeline/Pipeline->then()
#49 C:/xampp5/htdocs/Project_SIMRS/mediscare/vendor/laravel/framework/src/Illuminate/Routing/Router.php(786): Illuminate/Routing/Router->runRouteWithinStack()
#50 C:/xampp5/htdocs/Project_SIMRS/mediscare/vendor/laravel/framework/src/Illuminate/Routing/Router.php(750): Illuminate/Routing/Router->runRoute()
#51 C:/xampp5/htdocs/Project_SIMRS/mediscare/vendor/laravel/framework/src/Illuminate/Routing/Router.php(739): Illuminate/Routing/Router->dispatchToRoute()
#52 C:/xampp5/htdocs/Project_SIMRS/mediscare/vendor/laravel/framework/src/Illuminate/Foundation/Http/Kernel.php(201): Illuminate/Routing/Router->dispatch()
#53 C:/xampp5/htdocs/Project_SIMRS/mediscare/vendor/laravel/framework/src/Illuminate/Pipeline/Pipeline.php(170): Illuminate/Foundation/Http/Kernel->{closure:Illuminate/Foundation/Http/Kernel::dispatchToRouter():198}()
#54 C:/xampp5/htdocs/Project_SIMRS/mediscare/vendor/laravel/framework/src/Illuminate/Foundation/Http/Middleware/TransformsRequest.php(21): Illuminate/Pipeline/Pipeline->{closure:Illuminate/Pipeline/Pipeline::prepareDestination():168}()
#55 C:/xampp5/htdocs/Project_SIMRS/mediscare/vendor/laravel/framework/src/Illuminate/Foundation/Http/Middleware/ConvertEmptyStringsToNull.php(31): Illuminate/Foundation/Http/Middleware/TransformsRequest->handle()
#56 C:/xampp5/htdocs/Project_SIMRS/mediscare/vendor/laravel/framework/src/Illuminate/Pipeline/Pipeline.php(209): Illuminate/Foundation/Http/Middleware/ConvertEmptyStringsToNull->handle()
#57 C:/xampp5/htdocs/Project_SIMRS/mediscare/vendor/laravel/framework/src/Illuminate/Foundation/Http/Middleware/TransformsRequest.php(21): Illuminate/Pipeline/Pipeline->{closure:{closure:Illuminate/Pipeline/Pipeline::carry():184}:185}()
#58 C:/xampp5/htdocs/Project_SIMRS/mediscare/vendor/laravel/framework/src/Illuminate/Foundation/Http/Middleware/TrimStrings.php(51): Illuminate/Foundation/Http/Middleware/TransformsRequest->handle()
#59 C:/xampp5/htdocs/Project_SIMRS/mediscare/vendor/laravel/framework/src/Illuminate/Pipeline/Pipeline.php(209): Illuminate/Foundation/Http/Middleware/TrimStrings->handle()
#60 C:/xampp5/htdocs/Project_SIMRS/mediscare/vendor/laravel/framework/src/Illuminate/Http/Middleware/ValidatePostSize.php(27): Illuminate/Pipeline/Pipeline->{closure:{closure:Illuminate/Pipeline/Pipeline::carry():184}:185}()
#61 C:/xampp5/htdocs/Project_SIMRS/mediscare/vendor/laravel/framework/src/Illuminate/Pipeline/Pipeline.php(209): Illuminate/Http/Middleware/ValidatePostSize->handle()
#62 C:/xampp5/htdocs/Project_SIMRS/mediscare/vendor/laravel/framework/src/Illuminate/Foundation/Http/Middleware/PreventRequestsDuringMaintenance.php(110): Illuminate/Pipeline/Pipeline->{closure:{closure:Illuminate/Pipeline/Pipeline::carry():184}:185}()
#63 C:/xampp5/htdocs/Project_SIMRS/mediscare/vendor/laravel/framework/src/Illuminate/Pipeline/Pipeline.php(209): Illuminate/Foundation/Http/Middleware/PreventRequestsDuringMaintenance->handle()
#64 C:/xampp5/htdocs/Project_SIMRS/mediscare/vendor/laravel/framework/src/Illuminate/Http/Middleware/HandleCors.php(49): Illuminate/Pipeline/Pipeline->{closure:{closure:Illuminate/Pipeline/Pipeline::carry():184}:185}()
#65 C:/xampp5/htdocs/Project_SIMRS/mediscare/vendor/laravel/framework/src/Illuminate/Pipeline/Pipeline.php(209): Illuminate/Http/Middleware/HandleCors->handle()
#66 C:/xampp5/htdocs/Project_SIMRS/mediscare/vendor/laravel/framework/src/Illuminate/Http/Middleware/TrustProxies.php(58): Illuminate/Pipeline/Pipeline->{closure:{closure:Illuminate/Pipeline/Pipeline::carry():184}:185}()
#67 C:/xampp5/htdocs/Project_SIMRS/mediscare/vendor/laravel/framework/src/Illuminate/Pipeline/Pipeline.php(209): Illuminate/Http/Middleware/TrustProxies->handle()
#68 C:/xampp5/htdocs/Project_SIMRS/mediscare/vendor/laravel/framework/src/Illuminate/Foundation/Http/Middleware/InvokeDeferredCallbacks.php(22): Illuminate/Pipeline/Pipeline->{closure:{closure:Illuminate/Pipeline/Pipeline::carry():184}:185}()
#69 C:/xampp5/htdocs/Project_SIMRS/mediscare/vendor/laravel/framework/src/Illuminate/Pipeline/Pipeline.php(209): Illuminate/Foundation/Http/Middleware/InvokeDeferredCallbacks->handle()
#70 C:/xampp5/htdocs/Project_SIMRS/mediscare/vendor/laravel/framework/src/Illuminate/Pipeline/Pipeline.php(127): Illuminate/Pipeline/Pipeline->{closure:{closure:Illuminate/Pipeline/Pipeline::carry():184}:185}()
#71 C:/xampp5/htdocs/Project_SIMRS/mediscare/vendor/laravel/framework/src/Illuminate/Foundation/Http/Kernel.php(176): Illuminate/Pipeline/Pipeline->then()
#72 C:/xampp5/htdocs/Project_SIMRS/mediscare/vendor/laravel/framework/src/Illuminate/Foundation/Http/Kernel.php(145): Illuminate/Foundation/Http/Kernel->sendRequestThroughRouter()
#73 C:/xampp5/htdocs/Project_SIMRS/mediscare/vendor/laravel/framework/src/Illuminate/Foundation/Testing/Concerns/MakesHttpRequests.php(607): Illuminate/Foundation/Http/Kernel->handle()
#74 C:/xampp5/htdocs/Project_SIMRS/mediscare/vendor/laravel/framework/src/Illuminate/Foundation/Testing/Concerns/MakesHttpRequests.php(397): Illuminate/Foundation/Testing/TestCase->call()
#75 C:/xampp5/htdocs/Project_SIMRS/mediscare/tests/Feature/RegistrationAndQueueTest.php(42): Illuminate/Foundation/Testing/TestCase->post()
#76 C:/xampp5/htdocs/Project_SIMRS/mediscare/vendor/phpunit/phpunit/src/Framework/TestCase.php(1667): Tests/Feature/RegistrationAndQueueTest->test_registering_existing_patient_generates_sequential_queue_numbers()
#77 C:/xampp5/htdocs/Project_SIMRS/mediscare/vendor/phpunit/phpunit/src/Framework/TestCase.php(519): PHPUnit/Framework/TestCase->runTest()
#78 C:/xampp5/htdocs/Project_SIMRS/mediscare/vendor/phpunit/phpunit/src/Framework/TestRunner/TestRunner.php(87): PHPUnit/Framework/TestCase->runBare()
#79 C:/xampp5/htdocs/Project_SIMRS/mediscare/vendor/phpunit/phpunit/src/Framework/TestCase.php(365): PHPUnit/Framework/TestRunner->run()
#80 C:/xampp5/htdocs/Project_SIMRS/mediscare/vendor/phpunit/phpunit/src/Framework/TestSuite.php(369): PHPUnit/Framework/TestCase->run()
#81 C:/xampp5/htdocs/Project_SIMRS/mediscare/vendor/phpunit/phpunit/src/Framework/TestSuite.php(369): PHPUnit/Framework/TestSuite->run()
#82 C:/xampp5/htdocs/Project_SIMRS/mediscare/vendor/phpunit/phpunit/src/Framework/TestSuite.php(369): PHPUnit/Framework/TestSuite->run()
#83 C:/xampp5/htdocs/Project_SIMRS/mediscare/vendor/phpunit/phpunit/src/TextUI/TestRunner.php(64): PHPUnit/Framework/TestSuite->run()
#84 C:/xampp5/htdocs/Project_SIMRS/mediscare/vendor/phpunit/phpunit/src/TextUI/Application.php(211): PHPUnit/TextUI/TestRunner->run()
#85 C:/xampp5/htdocs/Project_SIMRS/mediscare/vendor/phpunit/phpunit/phpunit(104): PHPUnit/TextUI/Application->run()
#86 {main}
"} 
[2026-09-08 23:34:51] local.ERROR: PHP Parse error: Syntax error, unexpected T_NS_SEPARATOR on line 1 {"exception":"[object] (Psy\\Exception\\ParseErrorException(code: 0): PHP Parse error: Syntax error, unexpected T_NS_SEPARATOR on line 1 at C:/xampp5/htdocs/Project_SIMRS/mediscare/vendor/psy/psysh/src/Exception/ParseErrorException.php:44)
[stacktrace]
#0 C:/xampp5/htdocs/Project_SIMRS/mediscare/vendor/psy/psysh/src/CodeCleaner.php(657): Psy/Exception/ParseErrorException::fromParseError()
#1 C:/xampp5/htdocs/Project_SIMRS/mediscare/vendor/psy/psysh/src/CodeCleaner.php(273): Psy/CodeCleaner->parse()
#2 C:/xampp5/htdocs/Project_SIMRS/mediscare/vendor/psy/psysh/src/Shell.php(1399): Psy/CodeCleaner->clean()
#3 C:/xampp5/htdocs/Project_SIMRS/mediscare/vendor/psy/psysh/src/Shell.php(1506): Psy/Shell->appendCode()
#4 C:/xampp5/htdocs/Project_SIMRS/mediscare/vendor/psy/psysh/src/Shell.php(2215): Psy/Shell->setCode()
#5 C:/xampp5/htdocs/Project_SIMRS/mediscare/vendor/laravel/tinker/src/Console/TinkerCommand.php(77): Psy/Shell->execute()
#6 C:/xampp5/htdocs/Project_SIMRS/mediscare/vendor/laravel/framework/src/Illuminate/Container/BoundMethod.php(36): Laravel/Tinker/Console/TinkerCommand->handle()
#7 C:/xampp5/htdocs/Project_SIMRS/mediscare/vendor/laravel/framework/src/Illuminate/Container/Util.php(43): Illuminate/Container/BoundMethod::{closure:Illuminate/Container/BoundMethod::call():35}()
#8 C:/xampp5/htdocs/Project_SIMRS/mediscare/vendor/laravel/framework/src/Illuminate/Container/BoundMethod.php(95): Illuminate/Container/Util::unwrapIfClosure()
#9 C:/xampp5/htdocs/Project_SIMRS/mediscare/vendor/laravel/framework/src/Illuminate/Container/BoundMethod.php(35): Illuminate/Container/BoundMethod::callBoundMethod()
#10 C:/xampp5/htdocs/Project_SIMRS/mediscare/vendor/laravel/framework/src/Illuminate/Container/Container.php(696): Illuminate/Container/BoundMethod::call()
#11 C:/xampp5/htdocs/Project_SIMRS/mediscare/vendor/laravel/framework/src/Illuminate/Console/Command.php(213): Illuminate/Container/Container->call()
#12 C:/xampp5/htdocs/Project_SIMRS/mediscare/vendor/symfony/console/Command/Command.php(341): Illuminate/Console/Command->execute()
#13 C:/xampp5/htdocs/Project_SIMRS/mediscare/vendor/laravel/framework/src/Illuminate/Console/Command.php(182): Symfony/Component/Console/Command/Command->run()
#14 C:/xampp5/htdocs/Project_SIMRS/mediscare/vendor/symfony/console/Application.php(1117): Illuminate/Console/Command->run()
#15 C:/xampp5/htdocs/Project_SIMRS/mediscare/vendor/symfony/console/Application.php(356): Symfony/Component/Console/Application->doRunCommand()
#16 C:/xampp5/htdocs/Project_SIMRS/mediscare/vendor/symfony/console/Application.php(195): Symfony/Component/Console/Application->doRun()
#17 C:/xampp5/htdocs/Project_SIMRS/mediscare/vendor/laravel/framework/src/Illuminate/Foundation/Console/Kernel.php(198): Symfony/Component/Console/Application->run()
#18 C:/xampp5/htdocs/Project_SIMRS/mediscare/vendor/laravel/framework/src/Illuminate/Foundation/Application.php(1235): Illuminate/Foundation/Console/Kernel->handle()
#19 C:/xampp5/htdocs/Project_SIMRS/mediscare/artisan(13): Illuminate/Foundation/Application->handleCommand()
#20 {main}
"} 
[2026-09-08 23:36:39] testing.ERROR: SQLSTATE[23000]: Integrity constraint violation: 19 UNIQUE constraint failed: queues.polyclinic_id, queues.queue_date, queues.queue_number (Connection: sqlite, SQL: insert into "queues" ("appointment_id", "polyclinic_id", "queue_number", "queue_date", "status", "updated_at", "created_at") values (2, 1, A-001, 2026-09-08 00:00:00, waiting, 2026-09-08 23:36:39, 2026-09-08 23:36:39)) {"userId":1,"exception":"[object] (Illuminate\\Database\\UniqueConstraintViolationException(code: 23000): SQLSTATE[23000]: Integrity constraint violation: 19 UNIQUE constraint failed: queues.polyclinic_id, queues.queue_date, queues.queue_number (Connection: sqlite, SQL: insert into \"queues\" (\"appointment_id\", \"polyclinic_id\", \"queue_number\", \"queue_date\", \"status\", \"updated_at\", \"created_at\") values (2, 1, A-001, 2026-09-08 00:00:00, waiting, 2026-09-08 23:36:39, 2026-09-08 23:36:39)) at C:/xampp5/htdocs/Project_SIMRS/mediscare/vendor/laravel/framework/src/Illuminate/Database/Connection.php:820)
[stacktrace]
#0 C:/xampp5/htdocs/Project_SIMRS/mediscare/vendor/laravel/framework/src/Illuminate/Database/Connection.php(779): Illuminate/Database/Connection->runQueryCallback()
#1 C:/xampp5/htdocs/Project_SIMRS/mediscare/vendor/laravel/framework/src/Illuminate/Database/Connection.php(560): Illuminate/Database/Connection->run()
#2 C:/xampp5/htdocs/Project_SIMRS/mediscare/vendor/laravel/framework/src/Illuminate/Database/Connection.php(524): Illuminate/Database/Connection->statement()
#3 C:/xampp5/htdocs/Project_SIMRS/mediscare/vendor/laravel/framework/src/Illuminate/Database/Query/Processors/Processor.php(32): Illuminate/Database/Connection->insert()
#4 C:/xampp5/htdocs/Project_SIMRS/mediscare/vendor/laravel/framework/src/Illuminate/Database/Query/Builder.php(3766): Illuminate/Database/Query/Processors/Processor->processInsertGetId()
#5 C:/xampp5/htdocs/Project_SIMRS/mediscare/vendor/laravel/framework/src/Illuminate/Database/Eloquent/Builder.php(2120): Illuminate/Database/Query/Builder->insertGetId()
#6 C:/xampp5/htdocs/Project_SIMRS/mediscare/vendor/laravel/framework/src/Illuminate/Database/Eloquent/Model.php(1359): Illuminate/Database/Eloquent/Builder->__call()
#7 C:/xampp5/htdocs/Project_SIMRS/mediscare/vendor/laravel/framework/src/Illuminate/Database/Eloquent/Model.php(1324): Illuminate/Database/Eloquent/Model->insertAndSetId()
#8 C:/xampp5/htdocs/Project_SIMRS/mediscare/vendor/laravel/framework/src/Illuminate/Database/Eloquent/Model.php(1163): Illuminate/Database/Eloquent/Model->performInsert()
#9 C:/xampp5/htdocs/Project_SIMRS/mediscare/vendor/laravel/framework/src/Illuminate/Database/Eloquent/Builder.php(1128): Illuminate/Database/Eloquent/Model->save()
#10 C:/xampp5/htdocs/Project_SIMRS/mediscare/vendor/laravel/framework/src/Illuminate/Support/helpers.php(399): Illuminate/Database/Eloquent/Builder->{closure:Illuminate/Database/Eloquent/Builder::create():1127}()
#11 C:/xampp5/htdocs/Project_SIMRS/mediscare/vendor/laravel/framework/src/Illuminate/Database/Eloquent/Builder.php(1127): tap()
#12 C:/xampp5/htdocs/Project_SIMRS/mediscare/vendor/laravel/framework/src/Illuminate/Support/Traits/ForwardsCalls.php(23): Illuminate/Database/Eloquent/Builder->create()
#13 C:/xampp5/htdocs/Project_SIMRS/mediscare/vendor/laravel/framework/src/Illuminate/Database/Eloquent/Model.php(2372): Illuminate/Database/Eloquent/Model->forwardCallTo()
#14 C:/xampp5/htdocs/Project_SIMRS/mediscare/vendor/laravel/framework/src/Illuminate/Database/Eloquent/Model.php(2384): Illuminate/Database/Eloquent/Model->__call()
#15 C:/xampp5/htdocs/Project_SIMRS/mediscare/app/Services/RegistrationService.php(50): Illuminate/Database/Eloquent/Model::__callStatic()
#16 C:/xampp5/htdocs/Project_SIMRS/mediscare/vendor/laravel/framework/src/Illuminate/Database/Concerns/ManagesTransactions.php(32): App/Services/RegistrationService->{closure:App/Services/RegistrationService::register():24}()
#17 C:/xampp5/htdocs/Project_SIMRS/mediscare/vendor/laravel/framework/src/Illuminate/Database/DatabaseManager.php(495): Illuminate/Database/Connection->transaction()
#18 C:/xampp5/htdocs/Project_SIMRS/mediscare/vendor/laravel/framework/src/Illuminate/Support/Facades/Facade.php(361): Illuminate/Database/DatabaseManager->__call()
#19 C:/xampp5/htdocs/Project_SIMRS/mediscare/app/Services/RegistrationService.php(24): Illuminate/Support/Facades/Facade::__callStatic()
#20 C:/xampp5/htdocs/Project_SIMRS/mediscare/app/Http/Controllers/Web/RegistrationController.php(55): App/Services/RegistrationService->register()
#21 C:/xampp5/htdocs/Project_SIMRS/mediscare/vendor/laravel/framework/src/Illuminate/Routing/ControllerDispatcher.php(47): App/Http/Controllers/Web/RegistrationController->store()
#22 C:/xampp5/htdocs/Project_SIMRS/mediscare/vendor/laravel/framework/src/Illuminate/Routing/Route.php(266): Illuminate/Routing/ControllerDispatcher->dispatch()
#23 C:/xampp5/htdocs/Project_SIMRS/mediscare/vendor/laravel/framework/src/Illuminate/Routing/Route.php(212): Illuminate/Routing/Route->runController()
#24 C:/xampp5/htdocs/Project_SIMRS/mediscare/vendor/laravel/framework/src/Illuminate/Routing/Router.php(808): Illuminate/Routing/Route->run()
#25 C:/xampp5/htdocs/Project_SIMRS/mediscare/vendor/laravel/framework/src/Illuminate/Pipeline/Pipeline.php(170): Illuminate/Routing/Router->{closure:Illuminate/Routing/Router::runRouteWithinStack():807}()
#26 C:/xampp5/htdocs/Project_SIMRS/mediscare/app/Http/Middleware/CheckPermission.php(28): Illuminate/Pipeline/Pipeline->{closure:Illuminate/Pipeline/Pipeline::prepareDestination():168}()
#27 C:/xampp5/htdocs/Project_SIMRS/mediscare/vendor/laravel/framework/src/Illuminate/Pipeline/Pipeline.php(209): App/Http/Middleware/CheckPermission->handle()
#28 C:/xampp5/htdocs/Project_SIMRS/mediscare/app/Http/Middleware/EnsureSessionIsFresh.php(31): Illuminate/Pipeline/Pipeline->{closure:{closure:Illuminate/Pipeline/Pipeline::carry():184}:185}()
#29 C:/xampp5/htdocs/Project_SIMRS/mediscare/vendor/laravel/framework/src/Illuminate/Pipeline/Pipeline.php(209): App/Http/Middleware/EnsureSessionIsFresh->handle()
#30 C:/xampp5/htdocs/Project_SIMRS/mediscare/vendor/laravel/framework/src/Illuminate/Routing/Middleware/SubstituteBindings.php(51): Illuminate/Pipeline/Pipeline->{closure:{closure:Illuminate/Pipeline/Pipeline::carry():184}:185}()
#31 C:/xampp5/htdocs/Project_SIMRS/mediscare/vendor/laravel/framework/src/Illuminate/Pipeline/Pipeline.php(209): Illuminate/Routing/Middleware/SubstituteBindings->handle()
#32 C:/xampp5/htdocs/Project_SIMRS/mediscare/vendor/laravel/framework/src/Illuminate/Auth/Middleware/Authenticate.php(64): Illuminate/Pipeline/Pipeline->{closure:{closure:Illuminate/Pipeline/Pipeline::carry():184}:185}()
#33 C:/xampp5/htdocs/Project_SIMRS/mediscare/vendor/laravel/framework/src/Illuminate/Pipeline/Pipeline.php(209): Illuminate/Auth/Middleware/Authenticate->handle()
#34 C:/xampp5/htdocs/Project_SIMRS/mediscare/vendor/laravel/framework/src/Illuminate/Foundation/Http/Middleware/VerifyCsrfToken.php(88): Illuminate/Pipeline/Pipeline->{closure:{closure:Illuminate/Pipeline/Pipeline::carry():184}:185}()
#35 C:/xampp5/htdocs/Project_SIMRS/mediscare/vendor/laravel/framework/src/Illuminate/Pipeline/Pipeline.php(209): Illuminate/Foundation/Http/Middleware/VerifyCsrfToken->handle()
#36 C:/xampp5/htdocs/Project_SIMRS/mediscare/vendor/laravel/framework/src/Illuminate/View/Middleware/ShareErrorsFromSession.php(49): Illuminate/Pipeline/Pipeline->{closure:{closure:Illuminate/Pipeline/Pipeline::carry():184}:185}()
#37 C:/xampp5/htdocs/Project_SIMRS/mediscare/vendor/laravel/framework/src/Illuminate/Pipeline/Pipeline.php(209): Illuminate/View/Middleware/ShareErrorsFromSession->handle()
#38 C:/xampp5/htdocs/Project_SIMRS/mediscare/vendor/laravel/framework/src/Illuminate/Session/Middleware/StartSession.php(121): Illuminate/Pipeline/Pipeline->{closure:{closure:Illuminate/Pipeline/Pipeline::carry():184}:185}()
#39 C:/xampp5/htdocs/Project_SIMRS/mediscare/vendor/laravel/framework/src/Illuminate/Session/Middleware/StartSession.php(64): Illuminate/Session/Middleware/StartSession->handleStatefulRequest()
#40 C:/xampp5/htdocs/Project_SIMRS/mediscare/vendor/laravel/framework/src/Illuminate/Pipeline/Pipeline.php(209): Illuminate/Session/Middleware/StartSession->handle()
#41 C:/xampp5/htdocs/Project_SIMRS/mediscare/vendor/laravel/framework/src/Illuminate/Cookie/Middleware/AddQueuedCookiesToResponse.php(37): Illuminate/Pipeline/Pipeline->{closure:{closure:Illuminate/Pipeline/Pipeline::carry():184}:185}()
#42 C:/xampp5/htdocs/Project_SIMRS/mediscare/vendor/laravel/framework/src/Illuminate/Pipeline/Pipeline.php(209): Illuminate/Cookie/Middleware/AddQueuedCookiesToResponse->handle()
#43 C:/xampp5/htdocs/Project_SIMRS/mediscare/vendor/laravel/framework/src/Illuminate/Cookie/Middleware/EncryptCookies.php(75): Illuminate/Pipeline/Pipeline->{closure:{closure:Illuminate/Pipeline/Pipeline::carry():184}:185}()
#44 C:/xampp5/htdocs/Project_SIMRS/mediscare/vendor/laravel/framework/src/Illuminate/Pipeline/Pipeline.php(209): Illuminate/Cookie/Middleware/EncryptCookies->handle()
#45 C:/xampp5/htdocs/Project_SIMRS/mediscare/vendor/laravel/framework/src/Illuminate/Pipeline/Pipeline.php(127): Illuminate/Pipeline/Pipeline->{closure:{closure:Illuminate/Pipeline/Pipeline::carry():184}:185}()
#46 C:/xampp5/htdocs/Project_SIMRS/mediscare/vendor/laravel/framework/src/Illuminate/Routing/Router.php(807): Illuminate/Pipeline/Pipeline->then()
#47 C:/xampp5/htdocs/Project_SIMRS/mediscare/vendor/laravel/framework/src/Illuminate/Routing/Router.php(786): Illuminate/Routing/Router->runRouteWithinStack()
#48 C:/xampp5/htdocs/Project_SIMRS/mediscare/vendor/laravel/framework/src/Illuminate/Routing/Router.php(750): Illuminate/Routing/Router->runRoute()
#49 C:/xampp5/htdocs/Project_SIMRS/mediscare/vendor/laravel/framework/src/Illuminate/Routing/Router.php(739): Illuminate/Routing/Router->dispatchToRoute()
#50 C:/xampp5/htdocs/Project_SIMRS/mediscare/vendor/laravel/framework/src/Illuminate/Foundation/Http/Kernel.php(201): Illuminate/Routing/Router->dispatch()
#51 C:/xampp5/htdocs/Project_SIMRS/mediscare/vendor/laravel/framework/src/Illuminate/Pipeline/Pipeline.php(170): Illuminate/Foundation/Http/Kernel->{closure:Illuminate/Foundation/Http/Kernel::dispatchToRouter():198}()
#52 C:/xampp5/htdocs/Project_SIMRS/mediscare/vendor/laravel/framework/src/Illuminate/Foundation/Http/Middleware/TransformsRequest.php(21): Illuminate/Pipeline/Pipeline->{closure:Illuminate/Pipeline/Pipeline::prepareDestination():168}()
#53 C:/xampp5/htdocs/Project_SIMRS/mediscare/vendor/laravel/framework/src/Illuminate/Foundation/Http/Middleware/ConvertEmptyStringsToNull.php(31): Illuminate/Foundation/Http/Middleware/TransformsRequest->handle()
#54 C:/xampp5/htdocs/Project_SIMRS/mediscare/vendor/laravel/framework/src/Illuminate/Pipeline/Pipeline.php(209): Illuminate/Foundation/Http/Middleware/ConvertEmptyStringsToNull->handle()
#55 C:/xampp5/htdocs/Project_SIMRS/mediscare/vendor/laravel/framework/src/Illuminate/Foundation/Http/Middleware/TransformsRequest.php(21): Illuminate/Pipeline/Pipeline->{closure:{closure:Illuminate/Pipeline/Pipeline::carry():184}:185}()
#56 C:/xampp5/htdocs/Project_SIMRS/mediscare/vendor/laravel/framework/src/Illuminate/Foundation/Http/Middleware/TrimStrings.php(51): Illuminate/Foundation/Http/Middleware/TransformsRequest->handle()
#57 C:/xampp5/htdocs/Project_SIMRS/mediscare/vendor/laravel/framework/src/Illuminate/Pipeline/Pipeline.php(209): Illuminate/Foundation/Http/Middleware/TrimStrings->handle()
#58 C:/xampp5/htdocs/Project_SIMRS/mediscare/vendor/laravel/framework/src/Illuminate/Http/Middleware/ValidatePostSize.php(27): Illuminate/Pipeline/Pipeline->{closure:{closure:Illuminate/Pipeline/Pipeline::carry():184}:185}()
#59 C:/xampp5/htdocs/Project_SIMRS/mediscare/vendor/laravel/framework/src/Illuminate/Pipeline/Pipeline.php(209): Illuminate/Http/Middleware/ValidatePostSize->handle()
#60 C:/xampp5/htdocs/Project_SIMRS/mediscare/vendor/laravel/framework/src/Illuminate/Foundation/Http/Middleware/PreventRequestsDuringMaintenance.php(110): Illuminate/Pipeline/Pipeline->{closure:{closure:Illuminate/Pipeline/Pipeline::carry():184}:185}()
#61 C:/xampp5/htdocs/Project_SIMRS/mediscare/vendor/laravel/framework/src/Illuminate/Pipeline/Pipeline.php(209): Illuminate/Foundation/Http/Middleware/PreventRequestsDuringMaintenance->handle()
#62 C:/xampp5/htdocs/Project_SIMRS/mediscare/vendor/laravel/framework/src/Illuminate/Http/Middleware/HandleCors.php(49): Illuminate/Pipeline/Pipeline->{closure:{closure:Illuminate/Pipeline/Pipeline::carry():184}:185}()
#63 C:/xampp5/htdocs/Project_SIMRS/mediscare/vendor/laravel/framework/src/Illuminate/Pipeline/Pipeline.php(209): Illuminate/Http/Middleware/HandleCors->handle()
#64 C:/xampp5/htdocs/Project_SIMRS/mediscare/vendor/laravel/framework/src/Illuminate/Http/Middleware/TrustProxies.php(58): Illuminate/Pipeline/Pipeline->{closure:{closure:Illuminate/Pipeline/Pipeline::carry():184}:185}()
#65 C:/xampp5/htdocs/Project_SIMRS/mediscare/vendor/laravel/framework/src/Illuminate/Pipeline/Pipeline.php(209): Illuminate/Http/Middleware/TrustProxies->handle()
#66 C:/xampp5/htdocs/Project_SIMRS/mediscare/vendor/laravel/framework/src/Illuminate/Foundation/Http/Middleware/InvokeDeferredCallbacks.php(22): Illuminate/Pipeline/Pipeline->{closure:{closure:Illuminate/Pipeline/Pipeline::carry():184}:185}()
#67 C:/xampp5/htdocs/Project_SIMRS/mediscare/vendor/laravel/framework/src/Illuminate/Pipeline/Pipeline.php(209): Illuminate/Foundation/Http/Middleware/InvokeDeferredCallbacks->handle()
#68 C:/xampp5/htdocs/Project_SIMRS/mediscare/vendor/laravel/framework/src/Illuminate/Pipeline/Pipeline.php(127): Illuminate/Pipeline/Pipeline->{closure:{closure:Illuminate/Pipeline/Pipeline::carry():184}:185}()
#69 C:/xampp5/htdocs/Project_SIMRS/mediscare/vendor/laravel/framework/src/Illuminate/Foundation/Http/Kernel.php(176): Illuminate/Pipeline/Pipeline->then()
#70 C:/xampp5/htdocs/Project_SIMRS/mediscare/vendor/laravel/framework/src/Illuminate/Foundation/Http/Kernel.php(145): Illuminate/Foundation/Http/Kernel->sendRequestThroughRouter()
#71 C:/xampp5/htdocs/Project_SIMRS/mediscare/vendor/laravel/framework/src/Illuminate/Foundation/Testing/Concerns/MakesHttpRequests.php(607): Illuminate/Foundation/Http/Kernel->handle()
#72 C:/xampp5/htdocs/Project_SIMRS/mediscare/vendor/laravel/framework/src/Illuminate/Foundation/Testing/Concerns/MakesHttpRequests.php(397): Illuminate/Foundation/Testing/TestCase->call()
#73 C:/xampp5/htdocs/Project_SIMRS/mediscare/tests/Feature/RegistrationAndQueueTest.php(42): Illuminate/Foundation/Testing/TestCase->post()
#74 C:/xampp5/htdocs/Project_SIMRS/mediscare/vendor/phpunit/phpunit/src/Framework/TestCase.php(1667): Tests/Feature/RegistrationAndQueueTest->test_registering_existing_patient_generates_sequential_queue_numbers()
#75 C:/xampp5/htdocs/Project_SIMRS/mediscare/vendor/phpunit/phpunit/src/Framework/TestCase.php(519): PHPUnit/Framework/TestCase->runTest()
#76 C:/xampp5/htdocs/Project_SIMRS/mediscare/vendor/phpunit/phpunit/src/Framework/TestRunner/TestRunner.php(87): PHPUnit/Framework/TestCase->runBare()
#77 C:/xampp5/htdocs/Project_SIMRS/mediscare/vendor/phpunit/phpunit/src/Framework/TestCase.php(365): PHPUnit/Framework/TestRunner->run()
#78 C:/xampp5/htdocs/Project_SIMRS/mediscare/vendor/phpunit/phpunit/src/Framework/TestSuite.php(369): PHPUnit/Framework/TestCase->run()
#79 C:/xampp5/htdocs/Project_SIMRS/mediscare/vendor/phpunit/phpunit/src/Framework/TestSuite.php(369): PHPUnit/Framework/TestSuite->run()
#80 C:/xampp5/htdocs/Project_SIMRS/mediscare/vendor/phpunit/phpunit/src/Framework/TestSuite.php(369): PHPUnit/Framework/TestSuite->run()
#81 C:/xampp5/htdocs/Project_SIMRS/mediscare/vendor/phpunit/phpunit/src/TextUI/TestRunner.php(64): PHPUnit/Framework/TestSuite->run()
#82 C:/xampp5/htdocs/Project_SIMRS/mediscare/vendor/phpunit/phpunit/src/TextUI/Application.php(211): PHPUnit/TextUI/TestRunner->run()
#83 C:/xampp5/htdocs/Project_SIMRS/mediscare/vendor/phpunit/phpunit/phpunit(104): PHPUnit/TextUI/Application->run()
#84 {main}

[previous exception] [object] (PDOException(code: 23000): SQLSTATE[23000]: Integrity constraint violation: 19 UNIQUE constraint failed: queues.polyclinic_id, queues.queue_date, queues.queue_number at C:/xampp5/htdocs/Project_SIMRS/mediscare/vendor/laravel/framework/src/Illuminate/Database/Connection.php:571)
[stacktrace]
#0 C:/xampp5/htdocs/Project_SIMRS/mediscare/vendor/laravel/framework/src/Illuminate/Database/Connection.php(571): PDOStatement->execute()
#1 C:/xampp5/htdocs/Project_SIMRS/mediscare/vendor/laravel/framework/src/Illuminate/Database/Connection.php(812): Illuminate/Database/Connection->{closure:Illuminate/Database/Connection::statement():560}()
#2 C:/xampp5/htdocs/Project_SIMRS/mediscare/vendor/laravel/framework/src/Illuminate/Database/Connection.php(779): Illuminate/Database/Connection->runQueryCallback()
#3 C:/xampp5/htdocs/Project_SIMRS/mediscare/vendor/laravel/framework/src/Illuminate/Database/Connection.php(560): Illuminate/Database/Connection->run()
#4 C:/xampp5/htdocs/Project_SIMRS/mediscare/vendor/laravel/framework/src/Illuminate/Database/Connection.php(524): Illuminate/Database/Connection->statement()
#5 C:/xampp5/htdocs/Project_SIMRS/mediscare/vendor/laravel/framework/src/Illuminate/Database/Query/Processors/Processor.php(32): Illuminate/Database/Connection->insert()
#6 C:/xampp5/htdocs/Project_SIMRS/mediscare/vendor/laravel/framework/src/Illuminate/Database/Query/Builder.php(3766): Illuminate/Database/Query/Processors/Processor->processInsertGetId()
#7 C:/xampp5/htdocs/Project_SIMRS/mediscare/vendor/laravel/framework/src/Illuminate/Database/Eloquent/Builder.php(2120): Illuminate/Database/Query/Builder->insertGetId()
#8 C:/xampp5/htdocs/Project_SIMRS/mediscare/vendor/laravel/framework/src/Illuminate/Database/Eloquent/Model.php(1359): Illuminate/Database/Eloquent/Builder->__call()
#9 C:/xampp5/htdocs/Project_SIMRS/mediscare/vendor/laravel/framework/src/Illuminate/Database/Eloquent/Model.php(1324): Illuminate/Database/Eloquent/Model->insertAndSetId()
#10 C:/xampp5/htdocs/Project_SIMRS/mediscare/vendor/laravel/framework/src/Illuminate/Database/Eloquent/Model.php(1163): Illuminate/Database/Eloquent/Model->performInsert()
#11 C:/xampp5/htdocs/Project_SIMRS/mediscare/vendor/laravel/framework/src/Illuminate/Database/Eloquent/Builder.php(1128): Illuminate/Database/Eloquent/Model->save()
#12 C:/xampp5/htdocs/Project_SIMRS/mediscare/vendor/laravel/framework/src/Illuminate/Support/helpers.php(399): Illuminate/Database/Eloquent/Builder->{closure:Illuminate/Database/Eloquent/Builder::create():1127}()
#13 C:/xampp5/htdocs/Project_SIMRS/mediscare/vendor/laravel/framework/src/Illuminate/Database/Eloquent/Builder.php(1127): tap()
#14 C:/xampp5/htdocs/Project_SIMRS/mediscare/vendor/laravel/framework/src/Illuminate/Support/Traits/ForwardsCalls.php(23): Illuminate/Database/Eloquent/Builder->create()
#15 C:/xampp5/htdocs/Project_SIMRS/mediscare/vendor/laravel/framework/src/Illuminate/Database/Eloquent/Model.php(2372): Illuminate/Database/Eloquent/Model->forwardCallTo()
#16 C:/xampp5/htdocs/Project_SIMRS/mediscare/vendor/laravel/framework/src/Illuminate/Database/Eloquent/Model.php(2384): Illuminate/Database/Eloquent/Model->__call()
#17 C:/xampp5/htdocs/Project_SIMRS/mediscare/app/Services/RegistrationService.php(50): Illuminate/Database/Eloquent/Model::__callStatic()
#18 C:/xampp5/htdocs/Project_SIMRS/mediscare/vendor/laravel/framework/src/Illuminate/Database/Concerns/ManagesTransactions.php(32): App/Services/RegistrationService->{closure:App/Services/RegistrationService::register():24}()
#19 C:/xampp5/htdocs/Project_SIMRS/mediscare/vendor/laravel/framework/src/Illuminate/Database/DatabaseManager.php(495): Illuminate/Database/Connection->transaction()
#20 C:/xampp5/htdocs/Project_SIMRS/mediscare/vendor/laravel/framework/src/Illuminate/Support/Facades/Facade.php(361): Illuminate/Database/DatabaseManager->__call()
#21 C:/xampp5/htdocs/Project_SIMRS/mediscare/app/Services/RegistrationService.php(24): Illuminate/Support/Facades/Facade::__callStatic()
#22 C:/xampp5/htdocs/Project_SIMRS/mediscare/app/Http/Controllers/Web/RegistrationController.php(55): App/Services/RegistrationService->register()
#23 C:/xampp5/htdocs/Project_SIMRS/mediscare/vendor/laravel/framework/src/Illuminate/Routing/ControllerDispatcher.php(47): App/Http/Controllers/Web/RegistrationController->store()
#24 C:/xampp5/htdocs/Project_SIMRS/mediscare/vendor/laravel/framework/src/Illuminate/Routing/Route.php(266): Illuminate/Routing/ControllerDispatcher->dispatch()
#25 C:/xampp5/htdocs/Project_SIMRS/mediscare/vendor/laravel/framework/src/Illuminate/Routing/Route.php(212): Illuminate/Routing/Route->runController()
#26 C:/xampp5/htdocs/Project_SIMRS/mediscare/vendor/laravel/framework/src/Illuminate/Routing/Router.php(808): Illuminate/Routing/Route->run()
#27 C:/xampp5/htdocs/Project_SIMRS/mediscare/vendor/laravel/framework/src/Illuminate/Pipeline/Pipeline.php(170): Illuminate/Routing/Router->{closure:Illuminate/Routing/Router::runRouteWithinStack():807}()
#28 C:/xampp5/htdocs/Project_SIMRS/mediscare/app/Http/Middleware/CheckPermission.php(28): Illuminate/Pipeline/Pipeline->{closure:Illuminate/Pipeline/Pipeline::prepareDestination():168}()
#29 C:/xampp5/htdocs/Project_SIMRS/mediscare/vendor/laravel/framework/src/Illuminate/Pipeline/Pipeline.php(209): App/Http/Middleware/CheckPermission->handle()
#30 C:/xampp5/htdocs/Project_SIMRS/mediscare/app/Http/Middleware/EnsureSessionIsFresh.php(31): Illuminate/Pipeline/Pipeline->{closure:{closure:Illuminate/Pipeline/Pipeline::carry():184}:185}()
#31 C:/xampp5/htdocs/Project_SIMRS/mediscare/vendor/laravel/framework/src/Illuminate/Pipeline/Pipeline.php(209): App/Http/Middleware/EnsureSessionIsFresh->handle()
#32 C:/xampp5/htdocs/Project_SIMRS/mediscare/vendor/laravel/framework/src/Illuminate/Routing/Middleware/SubstituteBindings.php(51): Illuminate/Pipeline/Pipeline->{closure:{closure:Illuminate/Pipeline/Pipeline::carry():184}:185}()
#33 C:/xampp5/htdocs/Project_SIMRS/mediscare/vendor/laravel/framework/src/Illuminate/Pipeline/Pipeline.php(209): Illuminate/Routing/Middleware/SubstituteBindings->handle()
#34 C:/xampp5/htdocs/Project_SIMRS/mediscare/vendor/laravel/framework/src/Illuminate/Auth/Middleware/Authenticate.php(64): Illuminate/Pipeline/Pipeline->{closure:{closure:Illuminate/Pipeline/Pipeline::carry():184}:185}()
#35 C:/xampp5/htdocs/Project_SIMRS/mediscare/vendor/laravel/framework/src/Illuminate/Pipeline/Pipeline.php(209): Illuminate/Auth/Middleware/Authenticate->handle()
#36 C:/xampp5/htdocs/Project_SIMRS/mediscare/vendor/laravel/framework/src/Illuminate/Foundation/Http/Middleware/VerifyCsrfToken.php(88): Illuminate/Pipeline/Pipeline->{closure:{closure:Illuminate/Pipeline/Pipeline::carry():184}:185}()
#37 C:/xampp5/htdocs/Project_SIMRS/mediscare/vendor/laravel/framework/src/Illuminate/Pipeline/Pipeline.php(209): Illuminate/Foundation/Http/Middleware/VerifyCsrfToken->handle()
#38 C:/xampp5/htdocs/Project_SIMRS/mediscare/vendor/laravel/framework/src/Illuminate/View/Middleware/ShareErrorsFromSession.php(49): Illuminate/Pipeline/Pipeline->{closure:{closure:Illuminate/Pipeline/Pipeline::carry():184}:185}()
#39 C:/xampp5/htdocs/Project_SIMRS/mediscare/vendor/laravel/framework/src/Illuminate/Pipeline/Pipeline.php(209): Illuminate/View/Middleware/ShareErrorsFromSession->handle()
#40 C:/xampp5/htdocs/Project_SIMRS/mediscare/vendor/laravel/framework/src/Illuminate/Session/Middleware/StartSession.php(121): Illuminate/Pipeline/Pipeline->{closure:{closure:Illuminate/Pipeline/Pipeline::carry():184}:185}()
#41 C:/xampp5/htdocs/Project_SIMRS/mediscare/vendor/laravel/framework/src/Illuminate/Session/Middleware/StartSession.php(64): Illuminate/Session/Middleware/StartSession->handleStatefulRequest()
#42 C:/xampp5/htdocs/Project_SIMRS/mediscare/vendor/laravel/framework/src/Illuminate/Pipeline/Pipeline.php(209): Illuminate/Session/Middleware/StartSession->handle()
#43 C:/xampp5/htdocs/Project_SIMRS/mediscare/vendor/laravel/framework/src/Illuminate/Cookie/Middleware/AddQueuedCookiesToResponse.php(37): Illuminate/Pipeline/Pipeline->{closure:{closure:Illuminate/Pipeline/Pipeline::carry():184}:185}()
#44 C:/xampp5/htdocs/Project_SIMRS/mediscare/vendor/laravel/framework/src/Illuminate/Pipeline/Pipeline.php(209): Illuminate/Cookie/Middleware/AddQueuedCookiesToResponse->handle()
#45 C:/xampp5/htdocs/Project_SIMRS/mediscare/vendor/laravel/framework/src/Illuminate/Cookie/Middleware/EncryptCookies.php(75): Illuminate/Pipeline/Pipeline->{closure:{closure:Illuminate/Pipeline/Pipeline::carry():184}:185}()
#46 C:/xampp5/htdocs/Project_SIMRS/mediscare/vendor/laravel/framework/src/Illuminate/Pipeline/Pipeline.php(209): Illuminate/Cookie/Middleware/EncryptCookies->handle()
#47 C:/xampp5/htdocs/Project_SIMRS/mediscare/vendor/laravel/framework/src/Illuminate/Pipeline/Pipeline.php(127): Illuminate/Pipeline/Pipeline->{closure:{closure:Illuminate/Pipeline/Pipeline::carry():184}:185}()
#48 C:/xampp5/htdocs/Project_SIMRS/mediscare/vendor/laravel/framework/src/Illuminate/Routing/Router.php(807): Illuminate/Pipeline/Pipeline->then()
#49 C:/xampp5/htdocs/Project_SIMRS/mediscare/vendor/laravel/framework/src/Illuminate/Routing/Router.php(786): Illuminate/Routing/Router->runRouteWithinStack()
#50 C:/xampp5/htdocs/Project_SIMRS/mediscare/vendor/laravel/framework/src/Illuminate/Routing/Router.php(750): Illuminate/Routing/Router->runRoute()
#51 C:/xampp5/htdocs/Project_SIMRS/mediscare/vendor/laravel/framework/src/Illuminate/Routing/Router.php(739): Illuminate/Routing/Router->dispatchToRoute()
#52 C:/xampp5/htdocs/Project_SIMRS/mediscare/vendor/laravel/framework/src/Illuminate/Foundation/Http/Kernel.php(201): Illuminate/Routing/Router->dispatch()
#53 C:/xampp5/htdocs/Project_SIMRS/mediscare/vendor/laravel/framework/src/Illuminate/Pipeline/Pipeline.php(170): Illuminate/Foundation/Http/Kernel->{closure:Illuminate/Foundation/Http/Kernel::dispatchToRouter():198}()
#54 C:/xampp5/htdocs/Project_SIMRS/mediscare/vendor/laravel/framework/src/Illuminate/Foundation/Http/Middleware/TransformsRequest.php(21): Illuminate/Pipeline/Pipeline->{closure:Illuminate/Pipeline/Pipeline::prepareDestination():168}()
#55 C:/xampp5/htdocs/Project_SIMRS/mediscare/vendor/laravel/framework/src/Illuminate/Foundation/Http/Middleware/ConvertEmptyStringsToNull.php(31): Illuminate/Foundation/Http/Middleware/TransformsRequest->handle()
#56 C:/xampp5/htdocs/Project_SIMRS/mediscare/vendor/laravel/framework/src/Illuminate/Pipeline/Pipeline.php(209): Illuminate/Foundation/Http/Middleware/ConvertEmptyStringsToNull->handle()
#57 C:/xampp5/htdocs/Project_SIMRS/mediscare/vendor/laravel/framework/src/Illuminate/Foundation/Http/Middleware/TransformsRequest.php(21): Illuminate/Pipeline/Pipeline->{closure:{closure:Illuminate/Pipeline/Pipeline::carry():184}:185}()
#58 C:/xampp5/htdocs/Project_SIMRS/mediscare/vendor/laravel/framework/src/Illuminate/Foundation/Http/Middleware/TrimStrings.php(51): Illuminate/Foundation/Http/Middleware/TransformsRequest->handle()
#59 C:/xampp5/htdocs/Project_SIMRS/mediscare/vendor/laravel/framework/src/Illuminate/Pipeline/Pipeline.php(209): Illuminate/Foundation/Http/Middleware/TrimStrings->handle()
#60 C:/xampp5/htdocs/Project_SIMRS/mediscare/vendor/laravel/framework/src/Illuminate/Http/Middleware/ValidatePostSize.php(27): Illuminate/Pipeline/Pipeline->{closure:{closure:Illuminate/Pipeline/Pipeline::carry():184}:185}()
#61 C:/xampp5/htdocs/Project_SIMRS/mediscare/vendor/laravel/framework/src/Illuminate/Pipeline/Pipeline.php(209): Illuminate/Http/Middleware/ValidatePostSize->handle()
#62 C:/xampp5/htdocs/Project_SIMRS/mediscare/vendor/laravel/framework/src/Illuminate/Foundation/Http/Middleware/PreventRequestsDuringMaintenance.php(110): Illuminate/Pipeline/Pipeline->{closure:{closure:Illuminate/Pipeline/Pipeline::carry():184}:185}()
#63 C:/xampp5/htdocs/Project_SIMRS/mediscare/vendor/laravel/framework/src/Illuminate/Pipeline/Pipeline.php(209): Illuminate/Foundation/Http/Middleware/PreventRequestsDuringMaintenance->handle()
#64 C:/xampp5/htdocs/Project_SIMRS/mediscare/vendor/laravel/framework/src/Illuminate/Http/Middleware/HandleCors.php(49): Illuminate/Pipeline/Pipeline->{closure:{closure:Illuminate/Pipeline/Pipeline::carry():184}:185}()
#65 C:/xampp5/htdocs/Project_SIMRS/mediscare/vendor/laravel/framework/src/Illuminate/Pipeline/Pipeline.php(209): Illuminate/Http/Middleware/HandleCors->handle()
#66 C:/xampp5/htdocs/Project_SIMRS/mediscare/vendor/laravel/framework/src/Illuminate/Http/Middleware/TrustProxies.php(58): Illuminate/Pipeline/Pipeline->{closure:{closure:Illuminate/Pipeline/Pipeline::carry():184}:185}()
#67 C:/xampp5/htdocs/Project_SIMRS/mediscare/vendor/laravel/framework/src/Illuminate/Pipeline/Pipeline.php(209): Illuminate/Http/Middleware/TrustProxies->handle()
#68 C:/xampp5/htdocs/Project_SIMRS/mediscare/vendor/laravel/framework/src/Illuminate/Foundation/Http/Middleware/InvokeDeferredCallbacks.php(22): Illuminate/Pipeline/Pipeline->{closure:{closure:Illuminate/Pipeline/Pipeline::carry():184}:185}()
#69 C:/xampp5/htdocs/Project_SIMRS/mediscare/vendor/laravel/framework/src/Illuminate/Pipeline/Pipeline.php(209): Illuminate/Foundation/Http/Middleware/InvokeDeferredCallbacks->handle()
#70 C:/xampp5/htdocs/Project_SIMRS/mediscare/vendor/laravel/framework/src/Illuminate/Pipeline/Pipeline.php(127): Illuminate/Pipeline/Pipeline->{closure:{closure:Illuminate/Pipeline/Pipeline::carry():184}:185}()
#71 C:/xampp5/htdocs/Project_SIMRS/mediscare/vendor/laravel/framework/src/Illuminate/Foundation/Http/Kernel.php(176): Illuminate/Pipeline/Pipeline->then()
#72 C:/xampp5/htdocs/Project_SIMRS/mediscare/vendor/laravel/framework/src/Illuminate/Foundation/Http/Kernel.php(145): Illuminate/Foundation/Http/Kernel->sendRequestThroughRouter()
#73 C:/xampp5/htdocs/Project_SIMRS/mediscare/vendor/laravel/framework/src/Illuminate/Foundation/Testing/Concerns/MakesHttpRequests.php(607): Illuminate/Foundation/Http/Kernel->handle()
#74 C:/xampp5/htdocs/Project_SIMRS/mediscare/vendor/laravel/framework/src/Illuminate/Foundation/Testing/Concerns/MakesHttpRequests.php(397): Illuminate/Foundation/Testing/TestCase->call()
#75 C:/xampp5/htdocs/Project_SIMRS/mediscare/tests/Feature/RegistrationAndQueueTest.php(42): Illuminate/Foundation/Testing/TestCase->post()
#76 C:/xampp5/htdocs/Project_SIMRS/mediscare/vendor/phpunit/phpunit/src/Framework/TestCase.php(1667): Tests/Feature/RegistrationAndQueueTest->test_registering_existing_patient_generates_sequential_queue_numbers()
#77 C:/xampp5/htdocs/Project_SIMRS/mediscare/vendor/phpunit/phpunit/src/Framework/TestCase.php(519): PHPUnit/Framework/TestCase->runTest()
#78 C:/xampp5/htdocs/Project_SIMRS/mediscare/vendor/phpunit/phpunit/src/Framework/TestRunner/TestRunner.php(87): PHPUnit/Framework/TestCase->runBare()
#79 C:/xampp5/htdocs/Project_SIMRS/mediscare/vendor/phpunit/phpunit/src/Framework/TestCase.php(365): PHPUnit/Framework/TestRunner->run()
#80 C:/xampp5/htdocs/Project_SIMRS/mediscare/vendor/phpunit/phpunit/src/Framework/TestSuite.php(369): PHPUnit/Framework/TestCase->run()
#81 C:/xampp5/htdocs/Project_SIMRS/mediscare/vendor/phpunit/phpunit/src/Framework/TestSuite.php(369): PHPUnit/Framework/TestSuite->run()
#82 C:/xampp5/htdocs/Project_SIMRS/mediscare/vendor/phpunit/phpunit/src/Framework/TestSuite.php(369): PHPUnit/Framework/TestSuite->run()
#83 C:/xampp5/htdocs/Project_SIMRS/mediscare/vendor/phpunit/phpunit/src/TextUI/TestRunner.php(64): PHPUnit/Framework/TestSuite->run()
#84 C:/xampp5/htdocs/Project_SIMRS/mediscare/vendor/phpunit/phpunit/src/TextUI/Application.php(211): PHPUnit/TextUI/TestRunner->run()
#85 C:/xampp5/htdocs/Project_SIMRS/mediscare/vendor/phpunit/phpunit/phpunit(104): PHPUnit/TextUI/Application->run()
#86 {main}
"} 
[2026-09-08 23:37:51] local.ERROR: PHP Parse error: Syntax error, unexpected ':' on line 1 {"exception":"[object] (Psy\\Exception\\ParseErrorException(code: 0): PHP Parse error: Syntax error, unexpected ':' on line 1 at C:/xampp5/htdocs/Project_SIMRS/mediscare/vendor/psy/psysh/src/Exception/ParseErrorException.php:44)
[stacktrace]
#0 C:/xampp5/htdocs/Project_SIMRS/mediscare/vendor/psy/psysh/src/CodeCleaner.php(657): Psy/Exception/ParseErrorException::fromParseError()
#1 C:/xampp5/htdocs/Project_SIMRS/mediscare/vendor/psy/psysh/src/CodeCleaner.php(273): Psy/CodeCleaner->parse()
#2 C:/xampp5/htdocs/Project_SIMRS/mediscare/vendor/psy/psysh/src/Shell.php(1399): Psy/CodeCleaner->clean()
#3 C:/xampp5/htdocs/Project_SIMRS/mediscare/vendor/psy/psysh/src/Shell.php(1506): Psy/Shell->appendCode()
#4 C:/xampp5/htdocs/Project_SIMRS/mediscare/vendor/psy/psysh/src/Shell.php(2215): Psy/Shell->setCode()
#5 C:/xampp5/htdocs/Project_SIMRS/mediscare/vendor/laravel/tinker/src/Console/TinkerCommand.php(77): Psy/Shell->execute()
#6 C:/xampp5/htdocs/Project_SIMRS/mediscare/vendor/laravel/framework/src/Illuminate/Container/BoundMethod.php(36): Laravel/Tinker/Console/TinkerCommand->handle()
#7 C:/xampp5/htdocs/Project_SIMRS/mediscare/vendor/laravel/framework/src/Illuminate/Container/Util.php(43): Illuminate/Container/BoundMethod::{closure:Illuminate/Container/BoundMethod::call():35}()
#8 C:/xampp5/htdocs/Project_SIMRS/mediscare/vendor/laravel/framework/src/Illuminate/Container/BoundMethod.php(95): Illuminate/Container/Util::unwrapIfClosure()
#9 C:/xampp5/htdocs/Project_SIMRS/mediscare/vendor/laravel/framework/src/Illuminate/Container/BoundMethod.php(35): Illuminate/Container/BoundMethod::callBoundMethod()
#10 C:/xampp5/htdocs/Project_SIMRS/mediscare/vendor/laravel/framework/src/Illuminate/Container/Container.php(696): Illuminate/Container/BoundMethod::call()
#11 C:/xampp5/htdocs/Project_SIMRS/mediscare/vendor/laravel/framework/src/Illuminate/Console/Command.php(213): Illuminate/Container/Container->call()
#12 C:/xampp5/htdocs/Project_SIMRS/mediscare/vendor/symfony/console/Command/Command.php(341): Illuminate/Console/Command->execute()
#13 C:/xampp5/htdocs/Project_SIMRS/mediscare/vendor/laravel/framework/src/Illuminate/Console/Command.php(182): Symfony/Component/Console/Command/Command->run()
#14 C:/xampp5/htdocs/Project_SIMRS/mediscare/vendor/symfony/console/Application.php(1117): Illuminate/Console/Command->run()
#15 C:/xampp5/htdocs/Project_SIMRS/mediscare/vendor/symfony/console/Application.php(356): Symfony/Component/Console/Application->doRunCommand()
#16 C:/xampp5/htdocs/Project_SIMRS/mediscare/vendor/symfony/console/Application.php(195): Symfony/Component/Console/Application->doRun()
#17 C:/xampp5/htdocs/Project_SIMRS/mediscare/vendor/laravel/framework/src/Illuminate/Foundation/Console/Kernel.php(198): Symfony/Component/Console/Application->run()
#18 C:/xampp5/htdocs/Project_SIMRS/mediscare/vendor/laravel/framework/src/Illuminate/Foundation/Application.php(1235): Illuminate/Foundation/Console/Kernel->handle()
#19 C:/xampp5/htdocs/Project_SIMRS/mediscare/artisan(13): Illuminate/Foundation/Application->handleCommand()
#20 {main}
"} 
[2026-09-08 23:38:45] local.ERROR: Unexpected end of input {"exception":"[object] (InvalidArgumentException(code: 0): Unexpected end of input at C:/xampp5/htdocs/Project_SIMRS/mediscare/vendor/psy/psysh/src/Shell.php:1516)
[stacktrace]
#0 C:/xampp5/htdocs/Project_SIMRS/mediscare/vendor/psy/psysh/src/Shell.php(2215): Psy/Shell->setCode()
#1 C:/xampp5/htdocs/Project_SIMRS/mediscare/vendor/laravel/tinker/src/Console/TinkerCommand.php(77): Psy/Shell->execute()
#2 C:/xampp5/htdocs/Project_SIMRS/mediscare/vendor/laravel/framework/src/Illuminate/Container/BoundMethod.php(36): Laravel/Tinker/Console/TinkerCommand->handle()
#3 C:/xampp5/htdocs/Project_SIMRS/mediscare/vendor/laravel/framework/src/Illuminate/Container/Util.php(43): Illuminate/Container/BoundMethod::{closure:Illuminate/Container/BoundMethod::call():35}()
#4 C:/xampp5/htdocs/Project_SIMRS/mediscare/vendor/laravel/framework/src/Illuminate/Container/BoundMethod.php(95): Illuminate/Container/Util::unwrapIfClosure()
#5 C:/xampp5/htdocs/Project_SIMRS/mediscare/vendor/laravel/framework/src/Illuminate/Container/BoundMethod.php(35): Illuminate/Container/BoundMethod::callBoundMethod()
#6 C:/xampp5/htdocs/Project_SIMRS/mediscare/vendor/laravel/framework/src/Illuminate/Container/Container.php(696): Illuminate/Container/BoundMethod::call()
#7 C:/xampp5/htdocs/Project_SIMRS/mediscare/vendor/laravel/framework/src/Illuminate/Console/Command.php(213): Illuminate/Container/Container->call()
#8 C:/xampp5/htdocs/Project_SIMRS/mediscare/vendor/symfony/console/Command/Command.php(341): Illuminate/Console/Command->execute()
#9 C:/xampp5/htdocs/Project_SIMRS/mediscare/vendor/laravel/framework/src/Illuminate/Console/Command.php(182): Symfony/Component/Console/Command/Command->run()
#10 C:/xampp5/htdocs/Project_SIMRS/mediscare/vendor/symfony/console/Application.php(1117): Illuminate/Console/Command->run()
#11 C:/xampp5/htdocs/Project_SIMRS/mediscare/vendor/symfony/console/Application.php(356): Symfony/Component/Console/Application->doRunCommand()
#12 C:/xampp5/htdocs/Project_SIMRS/mediscare/vendor/symfony/console/Application.php(195): Symfony/Component/Console/Application->doRun()
#13 C:/xampp5/htdocs/Project_SIMRS/mediscare/vendor/laravel/framework/src/Illuminate/Foundation/Console/Kernel.php(198): Symfony/Component/Console/Application->run()
#14 C:/xampp5/htdocs/Project_SIMRS/mediscare/vendor/laravel/framework/src/Illuminate/Foundation/Application.php(1235): Illuminate/Foundation/Console/Kernel->handle()
#15 C:/xampp5/htdocs/Project_SIMRS/mediscare/artisan(13): Illuminate/Foundation/Application->handleCommand()
#16 {main}
"} 
[2026-09-08 23:39:13] local.ERROR: PHP Parse error: Syntax error, unexpected T_NS_SEPARATOR on line 1 {"exception":"[object] (Psy\\Exception\\ParseErrorException(code: 0): PHP Parse error: Syntax error, unexpected T_NS_SEPARATOR on line 1 at C:/xampp5/htdocs/Project_SIMRS/mediscare/vendor/psy/psysh/src/Exception/ParseErrorException.php:44)
[stacktrace]
#0 C:/xampp5/htdocs/Project_SIMRS/mediscare/vendor/psy/psysh/src/CodeCleaner.php(657): Psy/Exception/ParseErrorException::fromParseError()
#1 C:/xampp5/htdocs/Project_SIMRS/mediscare/vendor/psy/psysh/src/CodeCleaner.php(273): Psy/CodeCleaner->parse()
#2 C:/xampp5/htdocs/Project_SIMRS/mediscare/vendor/psy/psysh/src/Shell.php(1399): Psy/CodeCleaner->clean()
#3 C:/xampp5/htdocs/Project_SIMRS/mediscare/vendor/psy/psysh/src/Shell.php(1506): Psy/Shell->appendCode()
#4 C:/xampp5/htdocs/Project_SIMRS/mediscare/vendor/psy/psysh/src/Shell.php(2215): Psy/Shell->setCode()
#5 C:/xampp5/htdocs/Project_SIMRS/mediscare/vendor/laravel/tinker/src/Console/TinkerCommand.php(77): Psy/Shell->execute()
#6 C:/xampp5/htdocs/Project_SIMRS/mediscare/vendor/laravel/framework/src/Illuminate/Container/BoundMethod.php(36): Laravel/Tinker/Console/TinkerCommand->handle()
#7 C:/xampp5/htdocs/Project_SIMRS/mediscare/vendor/laravel/framework/src/Illuminate/Container/Util.php(43): Illuminate/Container/BoundMethod::{closure:Illuminate/Container/BoundMethod::call():35}()
#8 C:/xampp5/htdocs/Project_SIMRS/mediscare/vendor/laravel/framework/src/Illuminate/Container/BoundMethod.php(95): Illuminate/Container/Util::unwrapIfClosure()
#9 C:/xampp5/htdocs/Project_SIMRS/mediscare/vendor/laravel/framework/src/Illuminate/Container/BoundMethod.php(35): Illuminate/Container/BoundMethod::callBoundMethod()
#10 C:/xampp5/htdocs/Project_SIMRS/mediscare/vendor/laravel/framework/src/Illuminate/Container/Container.php(696): Illuminate/Container/BoundMethod::call()
#11 C:/xampp5/htdocs/Project_SIMRS/mediscare/vendor/laravel/framework/src/Illuminate/Console/Command.php(213): Illuminate/Container/Container->call()
#12 C:/xampp5/htdocs/Project_SIMRS/mediscare/vendor/symfony/console/Command/Command.php(341): Illuminate/Console/Command->execute()
#13 C:/xampp5/htdocs/Project_SIMRS/mediscare/vendor/laravel/framework/src/Illuminate/Console/Command.php(182): Symfony/Component/Console/Command/Command->run()
#14 C:/xampp5/htdocs/Project_SIMRS/mediscare/vendor/symfony/console/Application.php(1117): Illuminate/Console/Command->run()
#15 C:/xampp5/htdocs/Project_SIMRS/mediscare/vendor/symfony/console/Application.php(356): Symfony/Component/Console/Application->doRunCommand()
#16 C:/xampp5/htdocs/Project_SIMRS/mediscare/vendor/symfony/console/Application.php(195): Symfony/Component/Console/Application->doRun()
#17 C:/xampp5/htdocs/Project_SIMRS/mediscare/vendor/laravel/framework/src/Illuminate/Foundation/Console/Kernel.php(198): Symfony/Component/Console/Application->run()
#18 C:/xampp5/htdocs/Project_SIMRS/mediscare/vendor/laravel/framework/src/Illuminate/Foundation/Application.php(1235): Illuminate/Foundation/Console/Kernel->handle()
#19 C:/xampp5/htdocs/Project_SIMRS/mediscare/artisan(13): Illuminate/Foundation/Application->handleCommand()
#20 {main}
"} 
[2026-09-08 23:39:34] testing.ERROR: SQLSTATE[23000]: Integrity constraint violation: 19 UNIQUE constraint failed: queues.polyclinic_id, queues.queue_date, queues.queue_number (Connection: sqlite, SQL: insert into "queues" ("appointment_id", "polyclinic_id", "queue_number", "queue_date", "status", "updated_at", "created_at") values (2, 1, A-001, 2026-09-08 00:00:00, waiting, 2026-09-08 23:39:34, 2026-09-08 23:39:34)) {"userId":1,"exception":"[object] (Illuminate\\Database\\UniqueConstraintViolationException(code: 23000): SQLSTATE[23000]: Integrity constraint violation: 19 UNIQUE constraint failed: queues.polyclinic_id, queues.queue_date, queues.queue_number (Connection: sqlite, SQL: insert into \"queues\" (\"appointment_id\", \"polyclinic_id\", \"queue_number\", \"queue_date\", \"status\", \"updated_at\", \"created_at\") values (2, 1, A-001, 2026-09-08 00:00:00, waiting, 2026-09-08 23:39:34, 2026-09-08 23:39:34)) at C:/xampp5/htdocs/Project_SIMRS/mediscare/vendor/laravel/framework/src/Illuminate/Database/Connection.php:820)
[stacktrace]
#0 C:/xampp5/htdocs/Project_SIMRS/mediscare/vendor/laravel/framework/src/Illuminate/Database/Connection.php(779): Illuminate/Database/Connection->runQueryCallback()
#1 C:/xampp5/htdocs/Project_SIMRS/mediscare/vendor/laravel/framework/src/Illuminate/Database/Connection.php(560): Illuminate/Database/Connection->run()
#2 C:/xampp5/htdocs/Project_SIMRS/mediscare/vendor/laravel/framework/src/Illuminate/Database/Connection.php(524): Illuminate/Database/Connection->statement()
#3 C:/xampp5/htdocs/Project_SIMRS/mediscare/vendor/laravel/framework/src/Illuminate/Database/Query/Processors/Processor.php(32): Illuminate/Database/Connection->insert()
#4 C:/xampp5/htdocs/Project_SIMRS/mediscare/vendor/laravel/framework/src/Illuminate/Database/Query/Builder.php(3766): Illuminate/Database/Query/Processors/Processor->processInsertGetId()
#5 C:/xampp5/htdocs/Project_SIMRS/mediscare/vendor/laravel/framework/src/Illuminate/Database/Eloquent/Builder.php(2120): Illuminate/Database/Query/Builder->insertGetId()
#6 C:/xampp5/htdocs/Project_SIMRS/mediscare/vendor/laravel/framework/src/Illuminate/Database/Eloquent/Model.php(1359): Illuminate/Database/Eloquent/Builder->__call()
#7 C:/xampp5/htdocs/Project_SIMRS/mediscare/vendor/laravel/framework/src/Illuminate/Database/Eloquent/Model.php(1324): Illuminate/Database/Eloquent/Model->insertAndSetId()
#8 C:/xampp5/htdocs/Project_SIMRS/mediscare/vendor/laravel/framework/src/Illuminate/Database/Eloquent/Model.php(1163): Illuminate/Database/Eloquent/Model->performInsert()
#9 C:/xampp5/htdocs/Project_SIMRS/mediscare/vendor/laravel/framework/src/Illuminate/Database/Eloquent/Builder.php(1128): Illuminate/Database/Eloquent/Model->save()
#10 C:/xampp5/htdocs/Project_SIMRS/mediscare/vendor/laravel/framework/src/Illuminate/Support/helpers.php(399): Illuminate/Database/Eloquent/Builder->{closure:Illuminate/Database/Eloquent/Builder::create():1127}()
#11 C:/xampp5/htdocs/Project_SIMRS/mediscare/vendor/laravel/framework/src/Illuminate/Database/Eloquent/Builder.php(1127): tap()
#12 C:/xampp5/htdocs/Project_SIMRS/mediscare/vendor/laravel/framework/src/Illuminate/Support/Traits/ForwardsCalls.php(23): Illuminate/Database/Eloquent/Builder->create()
#13 C:/xampp5/htdocs/Project_SIMRS/mediscare/vendor/laravel/framework/src/Illuminate/Database/Eloquent/Model.php(2372): Illuminate/Database/Eloquent/Model->forwardCallTo()
#14 C:/xampp5/htdocs/Project_SIMRS/mediscare/vendor/laravel/framework/src/Illuminate/Database/Eloquent/Model.php(2384): Illuminate/Database/Eloquent/Model->__call()
#15 C:/xampp5/htdocs/Project_SIMRS/mediscare/app/Services/RegistrationService.php(50): Illuminate/Database/Eloquent/Model::__callStatic()
#16 C:/xampp5/htdocs/Project_SIMRS/mediscare/vendor/laravel/framework/src/Illuminate/Database/Concerns/ManagesTransactions.php(32): App/Services/RegistrationService->{closure:App/Services/RegistrationService::register():24}()
#17 C:/xampp5/htdocs/Project_SIMRS/mediscare/vendor/laravel/framework/src/Illuminate/Database/DatabaseManager.php(495): Illuminate/Database/Connection->transaction()
#18 C:/xampp5/htdocs/Project_SIMRS/mediscare/vendor/laravel/framework/src/Illuminate/Support/Facades/Facade.php(361): Illuminate/Database/DatabaseManager->__call()
#19 C:/xampp5/htdocs/Project_SIMRS/mediscare/app/Services/RegistrationService.php(24): Illuminate/Support/Facades/Facade::__callStatic()
#20 C:/xampp5/htdocs/Project_SIMRS/mediscare/app/Http/Controllers/Web/RegistrationController.php(55): App/Services/RegistrationService->register()
#21 C:/xampp5/htdocs/Project_SIMRS/mediscare/vendor/laravel/framework/src/Illuminate/Routing/ControllerDispatcher.php(47): App/Http/Controllers/Web/RegistrationController->store()
#22 C:/xampp5/htdocs/Project_SIMRS/mediscare/vendor/laravel/framework/src/Illuminate/Routing/Route.php(266): Illuminate/Routing/ControllerDispatcher->dispatch()
#23 C:/xampp5/htdocs/Project_SIMRS/mediscare/vendor/laravel/framework/src/Illuminate/Routing/Route.php(212): Illuminate/Routing/Route->runController()
#24 C:/xampp5/htdocs/Project_SIMRS/mediscare/vendor/laravel/framework/src/Illuminate/Routing/Router.php(808): Illuminate/Routing/Route->run()
#25 C:/xampp5/htdocs/Project_SIMRS/mediscare/vendor/laravel/framework/src/Illuminate/Pipeline/Pipeline.php(170): Illuminate/Routing/Router->{closure:Illuminate/Routing/Router::runRouteWithinStack():807}()
#26 C:/xampp5/htdocs/Project_SIMRS/mediscare/app/Http/Middleware/CheckPermission.php(28): Illuminate/Pipeline/Pipeline->{closure:Illuminate/Pipeline/Pipeline::prepareDestination():168}()
#27 C:/xampp5/htdocs/Project_SIMRS/mediscare/vendor/laravel/framework/src/Illuminate/Pipeline/Pipeline.php(209): App/Http/Middleware/CheckPermission->handle()
#28 C:/xampp5/htdocs/Project_SIMRS/mediscare/app/Http/Middleware/EnsureSessionIsFresh.php(31): Illuminate/Pipeline/Pipeline->{closure:{closure:Illuminate/Pipeline/Pipeline::carry():184}:185}()
#29 C:/xampp5/htdocs/Project_SIMRS/mediscare/vendor/laravel/framework/src/Illuminate/Pipeline/Pipeline.php(209): App/Http/Middleware/EnsureSessionIsFresh->handle()
#30 C:/xampp5/htdocs/Project_SIMRS/mediscare/vendor/laravel/framework/src/Illuminate/Routing/Middleware/SubstituteBindings.php(51): Illuminate/Pipeline/Pipeline->{closure:{closure:Illuminate/Pipeline/Pipeline::carry():184}:185}()
#31 C:/xampp5/htdocs/Project_SIMRS/mediscare/vendor/laravel/framework/src/Illuminate/Pipeline/Pipeline.php(209): Illuminate/Routing/Middleware/SubstituteBindings->handle()
#32 C:/xampp5/htdocs/Project_SIMRS/mediscare/vendor/laravel/framework/src/Illuminate/Auth/Middleware/Authenticate.php(64): Illuminate/Pipeline/Pipeline->{closure:{closure:Illuminate/Pipeline/Pipeline::carry():184}:185}()
#33 C:/xampp5/htdocs/Project_SIMRS/mediscare/vendor/laravel/framework/src/Illuminate/Pipeline/Pipeline.php(209): Illuminate/Auth/Middleware/Authenticate->handle()
#34 C:/xampp5/htdocs/Project_SIMRS/mediscare/vendor/laravel/framework/src/Illuminate/Foundation/Http/Middleware/VerifyCsrfToken.php(88): Illuminate/Pipeline/Pipeline->{closure:{closure:Illuminate/Pipeline/Pipeline::carry():184}:185}()
#35 C:/xampp5/htdocs/Project_SIMRS/mediscare/vendor/laravel/framework/src/Illuminate/Pipeline/Pipeline.php(209): Illuminate/Foundation/Http/Middleware/VerifyCsrfToken->handle()
#36 C:/xampp5/htdocs/Project_SIMRS/mediscare/vendor/laravel/framework/src/Illuminate/View/Middleware/ShareErrorsFromSession.php(49): Illuminate/Pipeline/Pipeline->{closure:{closure:Illuminate/Pipeline/Pipeline::carry():184}:185}()
#37 C:/xampp5/htdocs/Project_SIMRS/mediscare/vendor/laravel/framework/src/Illuminate/Pipeline/Pipeline.php(209): Illuminate/View/Middleware/ShareErrorsFromSession->handle()
#38 C:/xampp5/htdocs/Project_SIMRS/mediscare/vendor/laravel/framework/src/Illuminate/Session/Middleware/StartSession.php(121): Illuminate/Pipeline/Pipeline->{closure:{closure:Illuminate/Pipeline/Pipeline::carry():184}:185}()
#39 C:/xampp5/htdocs/Project_SIMRS/mediscare/vendor/laravel/framework/src/Illuminate/Session/Middleware/StartSession.php(64): Illuminate/Session/Middleware/StartSession->handleStatefulRequest()
#40 C:/xampp5/htdocs/Project_SIMRS/mediscare/vendor/laravel/framework/src/Illuminate/Pipeline/Pipeline.php(209): Illuminate/Session/Middleware/StartSession->handle()
#41 C:/xampp5/htdocs/Project_SIMRS/mediscare/vendor/laravel/framework/src/Illuminate/Cookie/Middleware/AddQueuedCookiesToResponse.php(37): Illuminate/Pipeline/Pipeline->{closure:{closure:Illuminate/Pipeline/Pipeline::carry():184}:185}()
#42 C:/xampp5/htdocs/Project_SIMRS/mediscare/vendor/laravel/framework/src/Illuminate/Pipeline/Pipeline.php(209): Illuminate/Cookie/Middleware/AddQueuedCookiesToResponse->handle()
#43 C:/xampp5/htdocs/Project_SIMRS/mediscare/vendor/laravel/framework/src/Illuminate/Cookie/Middleware/EncryptCookies.php(75): Illuminate/Pipeline/Pipeline->{closure:{closure:Illuminate/Pipeline/Pipeline::carry():184}:185}()
#44 C:/xampp5/htdocs/Project_SIMRS/mediscare/vendor/laravel/framework/src/Illuminate/Pipeline/Pipeline.php(209): Illuminate/Cookie/Middleware/EncryptCookies->handle()
#45 C:/xampp5/htdocs/Project_SIMRS/mediscare/vendor/laravel/framework/src/Illuminate/Pipeline/Pipeline.php(127): Illuminate/Pipeline/Pipeline->{closure:{closure:Illuminate/Pipeline/Pipeline::carry():184}:185}()
#46 C:/xampp5/htdocs/Project_SIMRS/mediscare/vendor/laravel/framework/src/Illuminate/Routing/Router.php(807): Illuminate/Pipeline/Pipeline->then()
#47 C:/xampp5/htdocs/Project_SIMRS/mediscare/vendor/laravel/framework/src/Illuminate/Routing/Router.php(786): Illuminate/Routing/Router->runRouteWithinStack()
#48 C:/xampp5/htdocs/Project_SIMRS/mediscare/vendor/laravel/framework/src/Illuminate/Routing/Router.php(750): Illuminate/Routing/Router->runRoute()
#49 C:/xampp5/htdocs/Project_SIMRS/mediscare/vendor/laravel/framework/src/Illuminate/Routing/Router.php(739): Illuminate/Routing/Router->dispatchToRoute()
#50 C:/xampp5/htdocs/Project_SIMRS/mediscare/vendor/laravel/framework/src/Illuminate/Foundation/Http/Kernel.php(201): Illuminate/Routing/Router->dispatch()
#51 C:/xampp5/htdocs/Project_SIMRS/mediscare/vendor/laravel/framework/src/Illuminate/Pipeline/Pipeline.php(170): Illuminate/Foundation/Http/Kernel->{closure:Illuminate/Foundation/Http/Kernel::dispatchToRouter():198}()
#52 C:/xampp5/htdocs/Project_SIMRS/mediscare/vendor/laravel/framework/src/Illuminate/Foundation/Http/Middleware/TransformsRequest.php(21): Illuminate/Pipeline/Pipeline->{closure:Illuminate/Pipeline/Pipeline::prepareDestination():168}()
#53 C:/xampp5/htdocs/Project_SIMRS/mediscare/vendor/laravel/framework/src/Illuminate/Foundation/Http/Middleware/ConvertEmptyStringsToNull.php(31): Illuminate/Foundation/Http/Middleware/TransformsRequest->handle()
#54 C:/xampp5/htdocs/Project_SIMRS/mediscare/vendor/laravel/framework/src/Illuminate/Pipeline/Pipeline.php(209): Illuminate/Foundation/Http/Middleware/ConvertEmptyStringsToNull->handle()
#55 C:/xampp5/htdocs/Project_SIMRS/mediscare/vendor/laravel/framework/src/Illuminate/Foundation/Http/Middleware/TransformsRequest.php(21): Illuminate/Pipeline/Pipeline->{closure:{closure:Illuminate/Pipeline/Pipeline::carry():184}:185}()
#56 C:/xampp5/htdocs/Project_SIMRS/mediscare/vendor/laravel/framework/src/Illuminate/Foundation/Http/Middleware/TrimStrings.php(51): Illuminate/Foundation/Http/Middleware/TransformsRequest->handle()
#57 C:/xampp5/htdocs/Project_SIMRS/mediscare/vendor/laravel/framework/src/Illuminate/Pipeline/Pipeline.php(209): Illuminate/Foundation/Http/Middleware/TrimStrings->handle()
#58 C:/xampp5/htdocs/Project_SIMRS/mediscare/vendor/laravel/framework/src/Illuminate/Http/Middleware/ValidatePostSize.php(27): Illuminate/Pipeline/Pipeline->{closure:{closure:Illuminate/Pipeline/Pipeline::carry():184}:185}()
#59 C:/xampp5/htdocs/Project_SIMRS/mediscare/vendor/laravel/framework/src/Illuminate/Pipeline/Pipeline.php(209): Illuminate/Http/Middleware/ValidatePostSize->handle()
#60 C:/xampp5/htdocs/Project_SIMRS/mediscare/vendor/laravel/framework/src/Illuminate/Foundation/Http/Middleware/PreventRequestsDuringMaintenance.php(110): Illuminate/Pipeline/Pipeline->{closure:{closure:Illuminate/Pipeline/Pipeline::carry():184}:185}()
#61 C:/xampp5/htdocs/Project_SIMRS/mediscare/vendor/laravel/framework/src/Illuminate/Pipeline/Pipeline.php(209): Illuminate/Foundation/Http/Middleware/PreventRequestsDuringMaintenance->handle()
#62 C:/xampp5/htdocs/Project_SIMRS/mediscare/vendor/laravel/framework/src/Illuminate/Http/Middleware/HandleCors.php(49): Illuminate/Pipeline/Pipeline->{closure:{closure:Illuminate/Pipeline/Pipeline::carry():184}:185}()
#63 C:/xampp5/htdocs/Project_SIMRS/mediscare/vendor/laravel/framework/src/Illuminate/Pipeline/Pipeline.php(209): Illuminate/Http/Middleware/HandleCors->handle()
#64 C:/xampp5/htdocs/Project_SIMRS/mediscare/vendor/laravel/framework/src/Illuminate/Http/Middleware/TrustProxies.php(58): Illuminate/Pipeline/Pipeline->{closure:{closure:Illuminate/Pipeline/Pipeline::carry():184}:185}()
#65 C:/xampp5/htdocs/Project_SIMRS/mediscare/vendor/laravel/framework/src/Illuminate/Pipeline/Pipeline.php(209): Illuminate/Http/Middleware/TrustProxies->handle()
#66 C:/xampp5/htdocs/Project_SIMRS/mediscare/vendor/laravel/framework/src/Illuminate/Foundation/Http/Middleware/InvokeDeferredCallbacks.php(22): Illuminate/Pipeline/Pipeline->{closure:{closure:Illuminate/Pipeline/Pipeline::carry():184}:185}()
#67 C:/xampp5/htdocs/Project_SIMRS/mediscare/vendor/laravel/framework/src/Illuminate/Pipeline/Pipeline.php(209): Illuminate/Foundation/Http/Middleware/InvokeDeferredCallbacks->handle()
#68 C:/xampp5/htdocs/Project_SIMRS/mediscare/vendor/laravel/framework/src/Illuminate/Pipeline/Pipeline.php(127): Illuminate/Pipeline/Pipeline->{closure:{closure:Illuminate/Pipeline/Pipeline::carry():184}:185}()
#69 C:/xampp5/htdocs/Project_SIMRS/mediscare/vendor/laravel/framework/src/Illuminate/Foundation/Http/Kernel.php(176): Illuminate/Pipeline/Pipeline->then()
#70 C:/xampp5/htdocs/Project_SIMRS/mediscare/vendor/laravel/framework/src/Illuminate/Foundation/Http/Kernel.php(145): Illuminate/Foundation/Http/Kernel->sendRequestThroughRouter()
#71 C:/xampp5/htdocs/Project_SIMRS/mediscare/vendor/laravel/framework/src/Illuminate/Foundation/Testing/Concerns/MakesHttpRequests.php(607): Illuminate/Foundation/Http/Kernel->handle()
#72 C:/xampp5/htdocs/Project_SIMRS/mediscare/vendor/laravel/framework/src/Illuminate/Foundation/Testing/Concerns/MakesHttpRequests.php(397): Illuminate/Foundation/Testing/TestCase->call()
#73 C:/xampp5/htdocs/Project_SIMRS/mediscare/tests/Feature/RegistrationAndQueueTest.php(42): Illuminate/Foundation/Testing/TestCase->post()
#74 C:/xampp5/htdocs/Project_SIMRS/mediscare/vendor/phpunit/phpunit/src/Framework/TestCase.php(1667): Tests/Feature/RegistrationAndQueueTest->test_registering_existing_patient_generates_sequential_queue_numbers()
#75 C:/xampp5/htdocs/Project_SIMRS/mediscare/vendor/phpunit/phpunit/src/Framework/TestCase.php(519): PHPUnit/Framework/TestCase->runTest()
#76 C:/xampp5/htdocs/Project_SIMRS/mediscare/vendor/phpunit/phpunit/src/Framework/TestRunner/TestRunner.php(87): PHPUnit/Framework/TestCase->runBare()
#77 C:/xampp5/htdocs/Project_SIMRS/mediscare/vendor/phpunit/phpunit/src/Framework/TestCase.php(365): PHPUnit/Framework/TestRunner->run()
#78 C:/xampp5/htdocs/Project_SIMRS/mediscare/vendor/phpunit/phpunit/src/Framework/TestSuite.php(369): PHPUnit/Framework/TestCase->run()
#79 C:/xampp5/htdocs/Project_SIMRS/mediscare/vendor/phpunit/phpunit/src/Framework/TestSuite.php(369): PHPUnit/Framework/TestSuite->run()
#80 C:/xampp5/htdocs/Project_SIMRS/mediscare/vendor/phpunit/phpunit/src/Framework/TestSuite.php(369): PHPUnit/Framework/TestSuite->run()
#81 C:/xampp5/htdocs/Project_SIMRS/mediscare/vendor/phpunit/phpunit/src/TextUI/TestRunner.php(64): PHPUnit/Framework/TestSuite->run()
#82 C:/xampp5/htdocs/Project_SIMRS/mediscare/vendor/phpunit/phpunit/src/TextUI/Application.php(211): PHPUnit/TextUI/TestRunner->run()
#83 C:/xampp5/htdocs/Project_SIMRS/mediscare/vendor/phpunit/phpunit/phpunit(104): PHPUnit/TextUI/Application->run()
#84 {main}

[previous exception] [object] (PDOException(code: 23000): SQLSTATE[23000]: Integrity constraint violation: 19 UNIQUE constraint failed: queues.polyclinic_id, queues.queue_date, queues.queue_number at C:/xampp5/htdocs/Project_SIMRS/mediscare/vendor/laravel/framework/src/Illuminate/Database/Connection.php:571)
[stacktrace]
#0 C:/xampp5/htdocs/Project_SIMRS/mediscare/vendor/laravel/framework/src/Illuminate/Database/Connection.php(571): PDOStatement->execute()
#1 C:/xampp5/htdocs/Project_SIMRS/mediscare/vendor/laravel/framework/src/Illuminate/Database/Connection.php(812): Illuminate/Database/Connection->{closure:Illuminate/Database/Connection::statement():560}()
#2 C:/xampp5/htdocs/Project_SIMRS/mediscare/vendor/laravel/framework/src/Illuminate/Database/Connection.php(779): Illuminate/Database/Connection->runQueryCallback()
#3 C:/xampp5/htdocs/Project_SIMRS/mediscare/vendor/laravel/framework/src/Illuminate/Database/Connection.php(560): Illuminate/Database/Connection->run()
#4 C:/xampp5/htdocs/Project_SIMRS/mediscare/vendor/laravel/framework/src/Illuminate/Database/Connection.php(524): Illuminate/Database/Connection->statement()
#5 C:/xampp5/htdocs/Project_SIMRS/mediscare/vendor/laravel/framework/src/Illuminate/Database/Query/Processors/Processor.php(32): Illuminate/Database/Connection->insert()
#6 C:/xampp5/htdocs/Project_SIMRS/mediscare/vendor/laravel/framework/src/Illuminate/Database/Query/Builder.php(3766): Illuminate/Database/Query/Processors/Processor->processInsertGetId()
#7 C:/xampp5/htdocs/Project_SIMRS/mediscare/vendor/laravel/framework/src/Illuminate/Database/Eloquent/Builder.php(2120): Illuminate/Database/Query/Builder->insertGetId()
#8 C:/xampp5/htdocs/Project_SIMRS/mediscare/vendor/laravel/framework/src/Illuminate/Database/Eloquent/Model.php(1359): Illuminate/Database/Eloquent/Builder->__call()
#9 C:/xampp5/htdocs/Project_SIMRS/mediscare/vendor/laravel/framework/src/Illuminate/Database/Eloquent/Model.php(1324): Illuminate/Database/Eloquent/Model->insertAndSetId()
#10 C:/xampp5/htdocs/Project_SIMRS/mediscare/vendor/laravel/framework/src/Illuminate/Database/Eloquent/Model.php(1163): Illuminate/Database/Eloquent/Model->performInsert()
#11 C:/xampp5/htdocs/Project_SIMRS/mediscare/vendor/laravel/framework/src/Illuminate/Database/Eloquent/Builder.php(1128): Illuminate/Database/Eloquent/Model->save()
#12 C:/xampp5/htdocs/Project_SIMRS/mediscare/vendor/laravel/framework/src/Illuminate/Support/helpers.php(399): Illuminate/Database/Eloquent/Builder->{closure:Illuminate/Database/Eloquent/Builder::create():1127}()
#13 C:/xampp5/htdocs/Project_SIMRS/mediscare/vendor/laravel/framework/src/Illuminate/Database/Eloquent/Builder.php(1127): tap()
#14 C:/xampp5/htdocs/Project_SIMRS/mediscare/vendor/laravel/framework/src/Illuminate/Support/Traits/ForwardsCalls.php(23): Illuminate/Database/Eloquent/Builder->create()
#15 C:/xampp5/htdocs/Project_SIMRS/mediscare/vendor/laravel/framework/src/Illuminate/Database/Eloquent/Model.php(2372): Illuminate/Database/Eloquent/Model->forwardCallTo()
#16 C:/xampp5/htdocs/Project_SIMRS/mediscare/vendor/laravel/framework/src/Illuminate/Database/Eloquent/Model.php(2384): Illuminate/Database/Eloquent/Model->__call()
#17 C:/xampp5/htdocs/Project_SIMRS/mediscare/app/Services/RegistrationService.php(50): Illuminate/Database/Eloquent/Model::__callStatic()
#18 C:/xampp5/htdocs/Project_SIMRS/mediscare/vendor/laravel/framework/src/Illuminate/Database/Concerns/ManagesTransactions.php(32): App/Services/RegistrationService->{closure:App/Services/RegistrationService::register():24}()
#19 C:/xampp5/htdocs/Project_SIMRS/mediscare/vendor/laravel/framework/src/Illuminate/Database/DatabaseManager.php(495): Illuminate/Database/Connection->transaction()
#20 C:/xampp5/htdocs/Project_SIMRS/mediscare/vendor/laravel/framework/src/Illuminate/Support/Facades/Facade.php(361): Illuminate/Database/DatabaseManager->__call()
#21 C:/xampp5/htdocs/Project_SIMRS/mediscare/app/Services/RegistrationService.php(24): Illuminate/Support/Facades/Facade::__callStatic()
#22 C:/xampp5/htdocs/Project_SIMRS/mediscare/app/Http/Controllers/Web/RegistrationController.php(55): App/Services/RegistrationService->register()
#23 C:/xampp5/htdocs/Project_SIMRS/mediscare/vendor/laravel/framework/src/Illuminate/Routing/ControllerDispatcher.php(47): App/Http/Controllers/Web/RegistrationController->store()
#24 C:/xampp5/htdocs/Project_SIMRS/mediscare/vendor/laravel/framework/src/Illuminate/Routing/Route.php(266): Illuminate/Routing/ControllerDispatcher->dispatch()
#25 C:/xampp5/htdocs/Project_SIMRS/mediscare/vendor/laravel/framework/src/Illuminate/Routing/Route.php(212): Illuminate/Routing/Route->runController()
#26 C:/xampp5/htdocs/Project_SIMRS/mediscare/vendor/laravel/framework/src/Illuminate/Routing/Router.php(808): Illuminate/Routing/Route->run()
#27 C:/xampp5/htdocs/Project_SIMRS/mediscare/vendor/laravel/framework/src/Illuminate/Pipeline/Pipeline.php(170): Illuminate/Routing/Router->{closure:Illuminate/Routing/Router::runRouteWithinStack():807}()
#28 C:/xampp5/htdocs/Project_SIMRS/mediscare/app/Http/Middleware/CheckPermission.php(28): Illuminate/Pipeline/Pipeline->{closure:Illuminate/Pipeline/Pipeline::prepareDestination():168}()
#29 C:/xampp5/htdocs/Project_SIMRS/mediscare/vendor/laravel/framework/src/Illuminate/Pipeline/Pipeline.php(209): App/Http/Middleware/CheckPermission->handle()
#30 C:/xampp5/htdocs/Project_SIMRS/mediscare/app/Http/Middleware/EnsureSessionIsFresh.php(31): Illuminate/Pipeline/Pipeline->{closure:{closure:Illuminate/Pipeline/Pipeline::carry():184}:185}()
#31 C:/xampp5/htdocs/Project_SIMRS/mediscare/vendor/laravel/framework/src/Illuminate/Pipeline/Pipeline.php(209): App/Http/Middleware/EnsureSessionIsFresh->handle()
#32 C:/xampp5/htdocs/Project_SIMRS/mediscare/vendor/laravel/framework/src/Illuminate/Routing/Middleware/SubstituteBindings.php(51): Illuminate/Pipeline/Pipeline->{closure:{closure:Illuminate/Pipeline/Pipeline::carry():184}:185}()
#33 C:/xampp5/htdocs/Project_SIMRS/mediscare/vendor/laravel/framework/src/Illuminate/Pipeline/Pipeline.php(209): Illuminate/Routing/Middleware/SubstituteBindings->handle()
#34 C:/xampp5/htdocs/Project_SIMRS/mediscare/vendor/laravel/framework/src/Illuminate/Auth/Middleware/Authenticate.php(64): Illuminate/Pipeline/Pipeline->{closure:{closure:Illuminate/Pipeline/Pipeline::carry():184}:185}()
#35 C:/xampp5/htdocs/Project_SIMRS/mediscare/vendor/laravel/framework/src/Illuminate/Pipeline/Pipeline.php(209): Illuminate/Auth/Middleware/Authenticate->handle()
#36 C:/xampp5/htdocs/Project_SIMRS/mediscare/vendor/laravel/framework/src/Illuminate/Foundation/Http/Middleware/VerifyCsrfToken.php(88): Illuminate/Pipeline/Pipeline->{closure:{closure:Illuminate/Pipeline/Pipeline::carry():184}:185}()
#37 C:/xampp5/htdocs/Project_SIMRS/mediscare/vendor/laravel/framework/src/Illuminate/Pipeline/Pipeline.php(209): Illuminate/Foundation/Http/Middleware/VerifyCsrfToken->handle()
#38 C:/xampp5/htdocs/Project_SIMRS/mediscare/vendor/laravel/framework/src/Illuminate/View/Middleware/ShareErrorsFromSession.php(49): Illuminate/Pipeline/Pipeline->{closure:{closure:Illuminate/Pipeline/Pipeline::carry():184}:185}()
#39 C:/xampp5/htdocs/Project_SIMRS/mediscare/vendor/laravel/framework/src/Illuminate/Pipeline/Pipeline.php(209): Illuminate/View/Middleware/ShareErrorsFromSession->handle()
#40 C:/xampp5/htdocs/Project_SIMRS/mediscare/vendor/laravel/framework/src/Illuminate/Session/Middleware/StartSession.php(121): Illuminate/Pipeline/Pipeline->{closure:{closure:Illuminate/Pipeline/Pipeline::carry():184}:185}()
#41 C:/xampp5/htdocs/Project_SIMRS/mediscare/vendor/laravel/framework/src/Illuminate/Session/Middleware/StartSession.php(64): Illuminate/Session/Middleware/StartSession->handleStatefulRequest()
#42 C:/xampp5/htdocs/Project_SIMRS/mediscare/vendor/laravel/framework/src/Illuminate/Pipeline/Pipeline.php(209): Illuminate/Session/Middleware/StartSession->handle()
#43 C:/xampp5/htdocs/Project_SIMRS/mediscare/vendor/laravel/framework/src/Illuminate/Cookie/Middleware/AddQueuedCookiesToResponse.php(37): Illuminate/Pipeline/Pipeline->{closure:{closure:Illuminate/Pipeline/Pipeline::carry():184}:185}()
#44 C:/xampp5/htdocs/Project_SIMRS/mediscare/vendor/laravel/framework/src/Illuminate/Pipeline/Pipeline.php(209): Illuminate/Cookie/Middleware/AddQueuedCookiesToResponse->handle()
#45 C:/xampp5/htdocs/Project_SIMRS/mediscare/vendor/laravel/framework/src/Illuminate/Cookie/Middleware/EncryptCookies.php(75): Illuminate/Pipeline/Pipeline->{closure:{closure:Illuminate/Pipeline/Pipeline::carry():184}:185}()
#46 C:/xampp5/htdocs/Project_SIMRS/mediscare/vendor/laravel/framework/src/Illuminate/Pipeline/Pipeline.php(209): Illuminate/Cookie/Middleware/EncryptCookies->handle()
#47 C:/xampp5/htdocs/Project_SIMRS/mediscare/vendor/laravel/framework/src/Illuminate/Pipeline/Pipeline.php(127): Illuminate/Pipeline/Pipeline->{closure:{closure:Illuminate/Pipeline/Pipeline::carry():184}:185}()
#48 C:/xampp5/htdocs/Project_SIMRS/mediscare/vendor/laravel/framework/src/Illuminate/Routing/Router.php(807): Illuminate/Pipeline/Pipeline->then()
#49 C:/xampp5/htdocs/Project_SIMRS/mediscare/vendor/laravel/framework/src/Illuminate/Routing/Router.php(786): Illuminate/Routing/Router->runRouteWithinStack()
#50 C:/xampp5/htdocs/Project_SIMRS/mediscare/vendor/laravel/framework/src/Illuminate/Routing/Router.php(750): Illuminate/Routing/Router->runRoute()
#51 C:/xampp5/htdocs/Project_SIMRS/mediscare/vendor/laravel/framework/src/Illuminate/Routing/Router.php(739): Illuminate/Routing/Router->dispatchToRoute()
#52 C:/xampp5/htdocs/Project_SIMRS/mediscare/vendor/laravel/framework/src/Illuminate/Foundation/Http/Kernel.php(201): Illuminate/Routing/Router->dispatch()
#53 C:/xampp5/htdocs/Project_SIMRS/mediscare/vendor/laravel/framework/src/Illuminate/Pipeline/Pipeline.php(170): Illuminate/Foundation/Http/Kernel->{closure:Illuminate/Foundation/Http/Kernel::dispatchToRouter():198}()
#54 C:/xampp5/htdocs/Project_SIMRS/mediscare/vendor/laravel/framework/src/Illuminate/Foundation/Http/Middleware/TransformsRequest.php(21): Illuminate/Pipeline/Pipeline->{closure:Illuminate/Pipeline/Pipeline::prepareDestination():168}()
#55 C:/xampp5/htdocs/Project_SIMRS/mediscare/vendor/laravel/framework/src/Illuminate/Foundation/Http/Middleware/ConvertEmptyStringsToNull.php(31): Illuminate/Foundation/Http/Middleware/TransformsRequest->handle()
#56 C:/xampp5/htdocs/Project_SIMRS/mediscare/vendor/laravel/framework/src/Illuminate/Pipeline/Pipeline.php(209): Illuminate/Foundation/Http/Middleware/ConvertEmptyStringsToNull->handle()
#57 C:/xampp5/htdocs/Project_SIMRS/mediscare/vendor/laravel/framework/src/Illuminate/Foundation/Http/Middleware/TransformsRequest.php(21): Illuminate/Pipeline/Pipeline->{closure:{closure:Illuminate/Pipeline/Pipeline::carry():184}:185}()
#58 C:/xampp5/htdocs/Project_SIMRS/mediscare/vendor/laravel/framework/src/Illuminate/Foundation/Http/Middleware/TrimStrings.php(51): Illuminate/Foundation/Http/Middleware/TransformsRequest->handle()
#59 C:/xampp5/htdocs/Project_SIMRS/mediscare/vendor/laravel/framework/src/Illuminate/Pipeline/Pipeline.php(209): Illuminate/Foundation/Http/Middleware/TrimStrings->handle()
#60 C:/xampp5/htdocs/Project_SIMRS/mediscare/vendor/laravel/framework/src/Illuminate/Http/Middleware/ValidatePostSize.php(27): Illuminate/Pipeline/Pipeline->{closure:{closure:Illuminate/Pipeline/Pipeline::carry():184}:185}()
#61 C:/xampp5/htdocs/Project_SIMRS/mediscare/vendor/laravel/framework/src/Illuminate/Pipeline/Pipeline.php(209): Illuminate/Http/Middleware/ValidatePostSize->handle()
#62 C:/xampp5/htdocs/Project_SIMRS/mediscare/vendor/laravel/framework/src/Illuminate/Foundation/Http/Middleware/PreventRequestsDuringMaintenance.php(110): Illuminate/Pipeline/Pipeline->{closure:{closure:Illuminate/Pipeline/Pipeline::carry():184}:185}()
#63 C:/xampp5/htdocs/Project_SIMRS/mediscare/vendor/laravel/framework/src/Illuminate/Pipeline/Pipeline.php(209): Illuminate/Foundation/Http/Middleware/PreventRequestsDuringMaintenance->handle()
#64 C:/xampp5/htdocs/Project_SIMRS/mediscare/vendor/laravel/framework/src/Illuminate/Http/Middleware/HandleCors.php(49): Illuminate/Pipeline/Pipeline->{closure:{closure:Illuminate/Pipeline/Pipeline::carry():184}:185}()
#65 C:/xampp5/htdocs/Project_SIMRS/mediscare/vendor/laravel/framework/src/Illuminate/Pipeline/Pipeline.php(209): Illuminate/Http/Middleware/HandleCors->handle()
#66 C:/xampp5/htdocs/Project_SIMRS/mediscare/vendor/laravel/framework/src/Illuminate/Http/Middleware/TrustProxies.php(58): Illuminate/Pipeline/Pipeline->{closure:{closure:Illuminate/Pipeline/Pipeline::carry():184}:185}()
#67 C:/xampp5/htdocs/Project_SIMRS/mediscare/vendor/laravel/framework/src/Illuminate/Pipeline/Pipeline.php(209): Illuminate/Http/Middleware/TrustProxies->handle()
#68 C:/xampp5/htdocs/Project_SIMRS/mediscare/vendor/laravel/framework/src/Illuminate/Foundation/Http/Middleware/InvokeDeferredCallbacks.php(22): Illuminate/Pipeline/Pipeline->{closure:{closure:Illuminate/Pipeline/Pipeline::carry():184}:185}()
#69 C:/xampp5/htdocs/Project_SIMRS/mediscare/vendor/laravel/framework/src/Illuminate/Pipeline/Pipeline.php(209): Illuminate/Foundation/Http/Middleware/InvokeDeferredCallbacks->handle()
#70 C:/xampp5/htdocs/Project_SIMRS/mediscare/vendor/laravel/framework/src/Illuminate/Pipeline/Pipeline.php(127): Illuminate/Pipeline/Pipeline->{closure:{closure:Illuminate/Pipeline/Pipeline::carry():184}:185}()
#71 C:/xampp5/htdocs/Project_SIMRS/mediscare/vendor/laravel/framework/src/Illuminate/Foundation/Http/Kernel.php(176): Illuminate/Pipeline/Pipeline->then()
#72 C:/xampp5/htdocs/Project_SIMRS/mediscare/vendor/laravel/framework/src/Illuminate/Foundation/Http/Kernel.php(145): Illuminate/Foundation/Http/Kernel->sendRequestThroughRouter()
#73 C:/xampp5/htdocs/Project_SIMRS/mediscare/vendor/laravel/framework/src/Illuminate/Foundation/Testing/Concerns/MakesHttpRequests.php(607): Illuminate/Foundation/Http/Kernel->handle()
#74 C:/xampp5/htdocs/Project_SIMRS/mediscare/vendor/laravel/framework/src/Illuminate/Foundation/Testing/Concerns/MakesHttpRequests.php(397): Illuminate/Foundation/Testing/TestCase->call()
#75 C:/xampp5/htdocs/Project_SIMRS/mediscare/tests/Feature/RegistrationAndQueueTest.php(42): Illuminate/Foundation/Testing/TestCase->post()
#76 C:/xampp5/htdocs/Project_SIMRS/mediscare/vendor/phpunit/phpunit/src/Framework/TestCase.php(1667): Tests/Feature/RegistrationAndQueueTest->test_registering_existing_patient_generates_sequential_queue_numbers()
#77 C:/xampp5/htdocs/Project_SIMRS/mediscare/vendor/phpunit/phpunit/src/Framework/TestCase.php(519): PHPUnit/Framework/TestCase->runTest()
#78 C:/xampp5/htdocs/Project_SIMRS/mediscare/vendor/phpunit/phpunit/src/Framework/TestRunner/TestRunner.php(87): PHPUnit/Framework/TestCase->runBare()
#79 C:/xampp5/htdocs/Project_SIMRS/mediscare/vendor/phpunit/phpunit/src/Framework/TestCase.php(365): PHPUnit/Framework/TestRunner->run()
#80 C:/xampp5/htdocs/Project_SIMRS/mediscare/vendor/phpunit/phpunit/src/Framework/TestSuite.php(369): PHPUnit/Framework/TestCase->run()
#81 C:/xampp5/htdocs/Project_SIMRS/mediscare/vendor/phpunit/phpunit/src/Framework/TestSuite.php(369): PHPUnit/Framework/TestSuite->run()
#82 C:/xampp5/htdocs/Project_SIMRS/mediscare/vendor/phpunit/phpunit/src/Framework/TestSuite.php(369): PHPUnit/Framework/TestSuite->run()
#83 C:/xampp5/htdocs/Project_SIMRS/mediscare/vendor/phpunit/phpunit/src/TextUI/TestRunner.php(64): PHPUnit/Framework/TestSuite->run()
#84 C:/xampp5/htdocs/Project_SIMRS/mediscare/vendor/phpunit/phpunit/src/TextUI/Application.php(211): PHPUnit/TextUI/TestRunner->run()
#85 C:/xampp5/htdocs/Project_SIMRS/mediscare/vendor/phpunit/phpunit/phpunit(104): PHPUnit/TextUI/Application->run()
#86 {main}
"} 
[2026-09-08 23:40:19] testing.ERROR: SQLSTATE[23000]: Integrity constraint violation: 19 UNIQUE constraint failed: queues.polyclinic_id, queues.queue_date, queues.queue_number (Connection: sqlite, SQL: insert into "queues" ("appointment_id", "polyclinic_id", "queue_number", "queue_date", "status", "updated_at", "created_at") values (2, 1, A-001, 2026-09-08 00:00:00, waiting, 2026-09-08 23:40:19, 2026-09-08 23:40:19)) {"userId":1,"exception":"[object] (Illuminate\\Database\\UniqueConstraintViolationException(code: 23000): SQLSTATE[23000]: Integrity constraint violation: 19 UNIQUE constraint failed: queues.polyclinic_id, queues.queue_date, queues.queue_number (Connection: sqlite, SQL: insert into \"queues\" (\"appointment_id\", \"polyclinic_id\", \"queue_number\", \"queue_date\", \"status\", \"updated_at\", \"created_at\") values (2, 1, A-001, 2026-09-08 00:00:00, waiting, 2026-09-08 23:40:19, 2026-09-08 23:40:19)) at C:/xampp5/htdocs/Project_SIMRS/mediscare/vendor/laravel/framework/src/Illuminate/Database/Connection.php:820)
[stacktrace]
#0 C:/xampp5/htdocs/Project_SIMRS/mediscare/vendor/laravel/framework/src/Illuminate/Database/Connection.php(779): Illuminate/Database/Connection->runQueryCallback()
#1 C:/xampp5/htdocs/Project_SIMRS/mediscare/vendor/laravel/framework/src/Illuminate/Database/Connection.php(560): Illuminate/Database/Connection->run()
#2 C:/xampp5/htdocs/Project_SIMRS/mediscare/vendor/laravel/framework/src/Illuminate/Database/Connection.php(524): Illuminate/Database/Connection->statement()
#3 C:/xampp5/htdocs/Project_SIMRS/mediscare/vendor/laravel/framework/src/Illuminate/Database/Query/Processors/Processor.php(32): Illuminate/Database/Connection->insert()
#4 C:/xampp5/htdocs/Project_SIMRS/mediscare/vendor/laravel/framework/src/Illuminate/Database/Query/Builder.php(3766): Illuminate/Database/Query/Processors/Processor->processInsertGetId()
#5 C:/xampp5/htdocs/Project_SIMRS/mediscare/vendor/laravel/framework/src/Illuminate/Database/Eloquent/Builder.php(2120): Illuminate/Database/Query/Builder->insertGetId()
#6 C:/xampp5/htdocs/Project_SIMRS/mediscare/vendor/laravel/framework/src/Illuminate/Database/Eloquent/Model.php(1359): Illuminate/Database/Eloquent/Builder->__call()
#7 C:/xampp5/htdocs/Project_SIMRS/mediscare/vendor/laravel/framework/src/Illuminate/Database/Eloquent/Model.php(1324): Illuminate/Database/Eloquent/Model->insertAndSetId()
#8 C:/xampp5/htdocs/Project_SIMRS/mediscare/vendor/laravel/framework/src/Illuminate/Database/Eloquent/Model.php(1163): Illuminate/Database/Eloquent/Model->performInsert()
#9 C:/xampp5/htdocs/Project_SIMRS/mediscare/vendor/laravel/framework/src/Illuminate/Database/Eloquent/Builder.php(1128): Illuminate/Database/Eloquent/Model->save()
#10 C:/xampp5/htdocs/Project_SIMRS/mediscare/vendor/laravel/framework/src/Illuminate/Support/helpers.php(399): Illuminate/Database/Eloquent/Builder->{closure:Illuminate/Database/Eloquent/Builder::create():1127}()
#11 C:/xampp5/htdocs/Project_SIMRS/mediscare/vendor/laravel/framework/src/Illuminate/Database/Eloquent/Builder.php(1127): tap()
#12 C:/xampp5/htdocs/Project_SIMRS/mediscare/vendor/laravel/framework/src/Illuminate/Support/Traits/ForwardsCalls.php(23): Illuminate/Database/Eloquent/Builder->create()
#13 C:/xampp5/htdocs/Project_SIMRS/mediscare/vendor/laravel/framework/src/Illuminate/Database/Eloquent/Model.php(2372): Illuminate/Database/Eloquent/Model->forwardCallTo()
#14 C:/xampp5/htdocs/Project_SIMRS/mediscare/vendor/laravel/framework/src/Illuminate/Database/Eloquent/Model.php(2384): Illuminate/Database/Eloquent/Model->__call()
#15 C:/xampp5/htdocs/Project_SIMRS/mediscare/app/Services/RegistrationService.php(50): Illuminate/Database/Eloquent/Model::__callStatic()
#16 C:/xampp5/htdocs/Project_SIMRS/mediscare/vendor/laravel/framework/src/Illuminate/Database/Concerns/ManagesTransactions.php(32): App/Services/RegistrationService->{closure:App/Services/RegistrationService::register():24}()
#17 C:/xampp5/htdocs/Project_SIMRS/mediscare/vendor/laravel/framework/src/Illuminate/Database/DatabaseManager.php(495): Illuminate/Database/Connection->transaction()
#18 C:/xampp5/htdocs/Project_SIMRS/mediscare/vendor/laravel/framework/src/Illuminate/Support/Facades/Facade.php(361): Illuminate/Database/DatabaseManager->__call()
#19 C:/xampp5/htdocs/Project_SIMRS/mediscare/app/Services/RegistrationService.php(24): Illuminate/Support/Facades/Facade::__callStatic()
#20 C:/xampp5/htdocs/Project_SIMRS/mediscare/app/Http/Controllers/Web/RegistrationController.php(55): App/Services/RegistrationService->register()
#21 C:/xampp5/htdocs/Project_SIMRS/mediscare/vendor/laravel/framework/src/Illuminate/Routing/ControllerDispatcher.php(47): App/Http/Controllers/Web/RegistrationController->store()
#22 C:/xampp5/htdocs/Project_SIMRS/mediscare/vendor/laravel/framework/src/Illuminate/Routing/Route.php(266): Illuminate/Routing/ControllerDispatcher->dispatch()
#23 C:/xampp5/htdocs/Project_SIMRS/mediscare/vendor/laravel/framework/src/Illuminate/Routing/Route.php(212): Illuminate/Routing/Route->runController()
#24 C:/xampp5/htdocs/Project_SIMRS/mediscare/vendor/laravel/framework/src/Illuminate/Routing/Router.php(808): Illuminate/Routing/Route->run()
#25 C:/xampp5/htdocs/Project_SIMRS/mediscare/vendor/laravel/framework/src/Illuminate/Pipeline/Pipeline.php(170): Illuminate/Routing/Router->{closure:Illuminate/Routing/Router::runRouteWithinStack():807}()
#26 C:/xampp5/htdocs/Project_SIMRS/mediscare/app/Http/Middleware/CheckPermission.php(28): Illuminate/Pipeline/Pipeline->{closure:Illuminate/Pipeline/Pipeline::prepareDestination():168}()
#27 C:/xampp5/htdocs/Project_SIMRS/mediscare/vendor/laravel/framework/src/Illuminate/Pipeline/Pipeline.php(209): App/Http/Middleware/CheckPermission->handle()
#28 C:/xampp5/htdocs/Project_SIMRS/mediscare/app/Http/Middleware/EnsureSessionIsFresh.php(31): Illuminate/Pipeline/Pipeline->{closure:{closure:Illuminate/Pipeline/Pipeline::carry():184}:185}()
#29 C:/xampp5/htdocs/Project_SIMRS/mediscare/vendor/laravel/framework/src/Illuminate/Pipeline/Pipeline.php(209): App/Http/Middleware/EnsureSessionIsFresh->handle()
#30 C:/xampp5/htdocs/Project_SIMRS/mediscare/vendor/laravel/framework/src/Illuminate/Routing/Middleware/SubstituteBindings.php(51): Illuminate/Pipeline/Pipeline->{closure:{closure:Illuminate/Pipeline/Pipeline::carry():184}:185}()
#31 C:/xampp5/htdocs/Project_SIMRS/mediscare/vendor/laravel/framework/src/Illuminate/Pipeline/Pipeline.php(209): Illuminate/Routing/Middleware/SubstituteBindings->handle()
#32 C:/xampp5/htdocs/Project_SIMRS/mediscare/vendor/laravel/framework/src/Illuminate/Auth/Middleware/Authenticate.php(64): Illuminate/Pipeline/Pipeline->{closure:{closure:Illuminate/Pipeline/Pipeline::carry():184}:185}()
#33 C:/xampp5/htdocs/Project_SIMRS/mediscare/vendor/laravel/framework/src/Illuminate/Pipeline/Pipeline.php(209): Illuminate/Auth/Middleware/Authenticate->handle()
#34 C:/xampp5/htdocs/Project_SIMRS/mediscare/vendor/laravel/framework/src/Illuminate/Foundation/Http/Middleware/VerifyCsrfToken.php(88): Illuminate/Pipeline/Pipeline->{closure:{closure:Illuminate/Pipeline/Pipeline::carry():184}:185}()
#35 C:/xampp5/htdocs/Project_SIMRS/mediscare/vendor/laravel/framework/src/Illuminate/Pipeline/Pipeline.php(209): Illuminate/Foundation/Http/Middleware/VerifyCsrfToken->handle()
#36 C:/xampp5/htdocs/Project_SIMRS/mediscare/vendor/laravel/framework/src/Illuminate/View/Middleware/ShareErrorsFromSession.php(49): Illuminate/Pipeline/Pipeline->{closure:{closure:Illuminate/Pipeline/Pipeline::carry():184}:185}()
#37 C:/xampp5/htdocs/Project_SIMRS/mediscare/vendor/laravel/framework/src/Illuminate/Pipeline/Pipeline.php(209): Illuminate/View/Middleware/ShareErrorsFromSession->handle()
#38 C:/xampp5/htdocs/Project_SIMRS/mediscare/vendor/laravel/framework/src/Illuminate/Session/Middleware/StartSession.php(121): Illuminate/Pipeline/Pipeline->{closure:{closure:Illuminate/Pipeline/Pipeline::carry():184}:185}()
#39 C:/xampp5/htdocs/Project_SIMRS/mediscare/vendor/laravel/framework/src/Illuminate/Session/Middleware/StartSession.php(64): Illuminate/Session/Middleware/StartSession->handleStatefulRequest()
#40 C:/xampp5/htdocs/Project_SIMRS/mediscare/vendor/laravel/framework/src/Illuminate/Pipeline/Pipeline.php(209): Illuminate/Session/Middleware/StartSession->handle()
#41 C:/xampp5/htdocs/Project_SIMRS/mediscare/vendor/laravel/framework/src/Illuminate/Cookie/Middleware/AddQueuedCookiesToResponse.php(37): Illuminate/Pipeline/Pipeline->{closure:{closure:Illuminate/Pipeline/Pipeline::carry():184}:185}()
#42 C:/xampp5/htdocs/Project_SIMRS/mediscare/vendor/laravel/framework/src/Illuminate/Pipeline/Pipeline.php(209): Illuminate/Cookie/Middleware/AddQueuedCookiesToResponse->handle()
#43 C:/xampp5/htdocs/Project_SIMRS/mediscare/vendor/laravel/framework/src/Illuminate/Cookie/Middleware/EncryptCookies.php(75): Illuminate/Pipeline/Pipeline->{closure:{closure:Illuminate/Pipeline/Pipeline::carry():184}:185}()
#44 C:/xampp5/htdocs/Project_SIMRS/mediscare/vendor/laravel/framework/src/Illuminate/Pipeline/Pipeline.php(209): Illuminate/Cookie/Middleware/EncryptCookies->handle()
#45 C:/xampp5/htdocs/Project_SIMRS/mediscare/vendor/laravel/framework/src/Illuminate/Pipeline/Pipeline.php(127): Illuminate/Pipeline/Pipeline->{closure:{closure:Illuminate/Pipeline/Pipeline::carry():184}:185}()
#46 C:/xampp5/htdocs/Project_SIMRS/mediscare/vendor/laravel/framework/src/Illuminate/Routing/Router.php(807): Illuminate/Pipeline/Pipeline->then()
#47 C:/xampp5/htdocs/Project_SIMRS/mediscare/vendor/laravel/framework/src/Illuminate/Routing/Router.php(786): Illuminate/Routing/Router->runRouteWithinStack()
#48 C:/xampp5/htdocs/Project_SIMRS/mediscare/vendor/laravel/framework/src/Illuminate/Routing/Router.php(750): Illuminate/Routing/Router->runRoute()
#49 C:/xampp5/htdocs/Project_SIMRS/mediscare/vendor/laravel/framework/src/Illuminate/Routing/Router.php(739): Illuminate/Routing/Router->dispatchToRoute()
#50 C:/xampp5/htdocs/Project_SIMRS/mediscare/vendor/laravel/framework/src/Illuminate/Foundation/Http/Kernel.php(201): Illuminate/Routing/Router->dispatch()
#51 C:/xampp5/htdocs/Project_SIMRS/mediscare/vendor/laravel/framework/src/Illuminate/Pipeline/Pipeline.php(170): Illuminate/Foundation/Http/Kernel->{closure:Illuminate/Foundation/Http/Kernel::dispatchToRouter():198}()
#52 C:/xampp5/htdocs/Project_SIMRS/mediscare/vendor/laravel/framework/src/Illuminate/Foundation/Http/Middleware/TransformsRequest.php(21): Illuminate/Pipeline/Pipeline->{closure:Illuminate/Pipeline/Pipeline::prepareDestination():168}()
#53 C:/xampp5/htdocs/Project_SIMRS/mediscare/vendor/laravel/framework/src/Illuminate/Foundation/Http/Middleware/ConvertEmptyStringsToNull.php(31): Illuminate/Foundation/Http/Middleware/TransformsRequest->handle()
#54 C:/xampp5/htdocs/Project_SIMRS/mediscare/vendor/laravel/framework/src/Illuminate/Pipeline/Pipeline.php(209): Illuminate/Foundation/Http/Middleware/ConvertEmptyStringsToNull->handle()
#55 C:/xampp5/htdocs/Project_SIMRS/mediscare/vendor/laravel/framework/src/Illuminate/Foundation/Http/Middleware/TransformsRequest.php(21): Illuminate/Pipeline/Pipeline->{closure:{closure:Illuminate/Pipeline/Pipeline::carry():184}:185}()
#56 C:/xampp5/htdocs/Project_SIMRS/mediscare/vendor/laravel/framework/src/Illuminate/Foundation/Http/Middleware/TrimStrings.php(51): Illuminate/Foundation/Http/Middleware/TransformsRequest->handle()
#57 C:/xampp5/htdocs/Project_SIMRS/mediscare/vendor/laravel/framework/src/Illuminate/Pipeline/Pipeline.php(209): Illuminate/Foundation/Http/Middleware/TrimStrings->handle()
#58 C:/xampp5/htdocs/Project_SIMRS/mediscare/vendor/laravel/framework/src/Illuminate/Http/Middleware/ValidatePostSize.php(27): Illuminate/Pipeline/Pipeline->{closure:{closure:Illuminate/Pipeline/Pipeline::carry():184}:185}()
#59 C:/xampp5/htdocs/Project_SIMRS/mediscare/vendor/laravel/framework/src/Illuminate/Pipeline/Pipeline.php(209): Illuminate/Http/Middleware/ValidatePostSize->handle()
#60 C:/xampp5/htdocs/Project_SIMRS/mediscare/vendor/laravel/framework/src/Illuminate/Foundation/Http/Middleware/PreventRequestsDuringMaintenance.php(110): Illuminate/Pipeline/Pipeline->{closure:{closure:Illuminate/Pipeline/Pipeline::carry():184}:185}()
#61 C:/xampp5/htdocs/Project_SIMRS/mediscare/vendor/laravel/framework/src/Illuminate/Pipeline/Pipeline.php(209): Illuminate/Foundation/Http/Middleware/PreventRequestsDuringMaintenance->handle()
#62 C:/xampp5/htdocs/Project_SIMRS/mediscare/vendor/laravel/framework/src/Illuminate/Http/Middleware/HandleCors.php(49): Illuminate/Pipeline/Pipeline->{closure:{closure:Illuminate/Pipeline/Pipeline::carry():184}:185}()
#63 C:/xampp5/htdocs/Project_SIMRS/mediscare/vendor/laravel/framework/src/Illuminate/Pipeline/Pipeline.php(209): Illuminate/Http/Middleware/HandleCors->handle()
#64 C:/xampp5/htdocs/Project_SIMRS/mediscare/vendor/laravel/framework/src/Illuminate/Http/Middleware/TrustProxies.php(58): Illuminate/Pipeline/Pipeline->{closure:{closure:Illuminate/Pipeline/Pipeline::carry():184}:185}()
#65 C:/xampp5/htdocs/Project_SIMRS/mediscare/vendor/laravel/framework/src/Illuminate/Pipeline/Pipeline.php(209): Illuminate/Http/Middleware/TrustProxies->handle()
#66 C:/xampp5/htdocs/Project_SIMRS/mediscare/vendor/laravel/framework/src/Illuminate/Foundation/Http/Middleware/InvokeDeferredCallbacks.php(22): Illuminate/Pipeline/Pipeline->{closure:{closure:Illuminate/Pipeline/Pipeline::carry():184}:185}()
#67 C:/xampp5/htdocs/Project_SIMRS/mediscare/vendor/laravel/framework/src/Illuminate/Pipeline/Pipeline.php(209): Illuminate/Foundation/Http/Middleware/InvokeDeferredCallbacks->handle()
#68 C:/xampp5/htdocs/Project_SIMRS/mediscare/vendor/laravel/framework/src/Illuminate/Pipeline/Pipeline.php(127): Illuminate/Pipeline/Pipeline->{closure:{closure:Illuminate/Pipeline/Pipeline::carry():184}:185}()
#69 C:/xampp5/htdocs/Project_SIMRS/mediscare/vendor/laravel/framework/src/Illuminate/Foundation/Http/Kernel.php(176): Illuminate/Pipeline/Pipeline->then()
#70 C:/xampp5/htdocs/Project_SIMRS/mediscare/vendor/laravel/framework/src/Illuminate/Foundation/Http/Kernel.php(145): Illuminate/Foundation/Http/Kernel->sendRequestThroughRouter()
#71 C:/xampp5/htdocs/Project_SIMRS/mediscare/vendor/laravel/framework/src/Illuminate/Foundation/Testing/Concerns/MakesHttpRequests.php(607): Illuminate/Foundation/Http/Kernel->handle()
#72 C:/xampp5/htdocs/Project_SIMRS/mediscare/vendor/laravel/framework/src/Illuminate/Foundation/Testing/Concerns/MakesHttpRequests.php(397): Illuminate/Foundation/Testing/TestCase->call()
#73 C:/xampp5/htdocs/Project_SIMRS/mediscare/tests/Feature/RegistrationAndQueueTest.php(42): Illuminate/Foundation/Testing/TestCase->post()
#74 C:/xampp5/htdocs/Project_SIMRS/mediscare/vendor/phpunit/phpunit/src/Framework/TestCase.php(1667): Tests/Feature/RegistrationAndQueueTest->test_registering_existing_patient_generates_sequential_queue_numbers()
#75 C:/xampp5/htdocs/Project_SIMRS/mediscare/vendor/phpunit/phpunit/src/Framework/TestCase.php(519): PHPUnit/Framework/TestCase->runTest()
#76 C:/xampp5/htdocs/Project_SIMRS/mediscare/vendor/phpunit/phpunit/src/Framework/TestRunner/TestRunner.php(87): PHPUnit/Framework/TestCase->runBare()
#77 C:/xampp5/htdocs/Project_SIMRS/mediscare/vendor/phpunit/phpunit/src/Framework/TestCase.php(365): PHPUnit/Framework/TestRunner->run()
#78 C:/xampp5/htdocs/Project_SIMRS/mediscare/vendor/phpunit/phpunit/src/Framework/TestSuite.php(369): PHPUnit/Framework/TestCase->run()
#79 C:/xampp5/htdocs/Project_SIMRS/mediscare/vendor/phpunit/phpunit/src/Framework/TestSuite.php(369): PHPUnit/Framework/TestSuite->run()
#80 C:/xampp5/htdocs/Project_SIMRS/mediscare/vendor/phpunit/phpunit/src/TextUI/TestRunner.php(64): PHPUnit/Framework/TestSuite->run()
#81 C:/xampp5/htdocs/Project_SIMRS/mediscare/vendor/phpunit/phpunit/src/TextUI/Application.php(211): PHPUnit/TextUI/TestRunner->run()
#82 C:/xampp5/htdocs/Project_SIMRS/mediscare/vendor/phpunit/phpunit/phpunit(104): PHPUnit/TextUI/Application->run()
#83 {main}

[previous exception] [object] (PDOException(code: 23000): SQLSTATE[23000]: Integrity constraint violation: 19 UNIQUE constraint failed: queues.polyclinic_id, queues.queue_date, queues.queue_number at C:/xampp5/htdocs/Project_SIMRS/mediscare/vendor/laravel/framework/src/Illuminate/Database/Connection.php:571)
[stacktrace]
#0 C:/xampp5/htdocs/Project_SIMRS/mediscare/vendor/laravel/framework/src/Illuminate/Database/Connection.php(571): PDOStatement->execute()
#1 C:/xampp5/htdocs/Project_SIMRS/mediscare/vendor/laravel/framework/src/Illuminate/Database/Connection.php(812): Illuminate/Database/Connection->{closure:Illuminate/Database/Connection::statement():560}()
#2 C:/xampp5/htdocs/Project_SIMRS/mediscare/vendor/laravel/framework/src/Illuminate/Database/Connection.php(779): Illuminate/Database/Connection->runQueryCallback()
#3 C:/xampp5/htdocs/Project_SIMRS/mediscare/vendor/laravel/framework/src/Illuminate/Database/Connection.php(560): Illuminate/Database/Connection->run()
#4 C:/xampp5/htdocs/Project_SIMRS/mediscare/vendor/laravel/framework/src/Illuminate/Database/Connection.php(524): Illuminate/Database/Connection->statement()
#5 C:/xampp5/htdocs/Project_SIMRS/mediscare/vendor/laravel/framework/src/Illuminate/Database/Query/Processors/Processor.php(32): Illuminate/Database/Connection->insert()
#6 C:/xampp5/htdocs/Project_SIMRS/mediscare/vendor/laravel/framework/src/Illuminate/Database/Query/Builder.php(3766): Illuminate/Database/Query/Processors/Processor->processInsertGetId()
#7 C:/xampp5/htdocs/Project_SIMRS/mediscare/vendor/laravel/framework/src/Illuminate/Database/Eloquent/Builder.php(2120): Illuminate/Database/Query/Builder->insertGetId()
#8 C:/xampp5/htdocs/Project_SIMRS/mediscare/vendor/laravel/framework/src/Illuminate/Database/Eloquent/Model.php(1359): Illuminate/Database/Eloquent/Builder->__call()
#9 C:/xampp5/htdocs/Project_SIMRS/mediscare/vendor/laravel/framework/src/Illuminate/Database/Eloquent/Model.php(1324): Illuminate/Database/Eloquent/Model->insertAndSetId()
#10 C:/xampp5/htdocs/Project_SIMRS/mediscare/vendor/laravel/framework/src/Illuminate/Database/Eloquent/Model.php(1163): Illuminate/Database/Eloquent/Model->performInsert()
#11 C:/xampp5/htdocs/Project_SIMRS/mediscare/vendor/laravel/framework/src/Illuminate/Database/Eloquent/Builder.php(1128): Illuminate/Database/Eloquent/Model->save()
#12 C:/xampp5/htdocs/Project_SIMRS/mediscare/vendor/laravel/framework/src/Illuminate/Support/helpers.php(399): Illuminate/Database/Eloquent/Builder->{closure:Illuminate/Database/Eloquent/Builder::create():1127}()
#13 C:/xampp5/htdocs/Project_SIMRS/mediscare/vendor/laravel/framework/src/Illuminate/Database/Eloquent/Builder.php(1127): tap()
#14 C:/xampp5/htdocs/Project_SIMRS/mediscare/vendor/laravel/framework/src/Illuminate/Support/Traits/ForwardsCalls.php(23): Illuminate/Database/Eloquent/Builder->create()
#15 C:/xampp5/htdocs/Project_SIMRS/mediscare/vendor/laravel/framework/src/Illuminate/Database/Eloquent/Model.php(2372): Illuminate/Database/Eloquent/Model->forwardCallTo()
#16 C:/xampp5/htdocs/Project_SIMRS/mediscare/vendor/laravel/framework/src/Illuminate/Database/Eloquent/Model.php(2384): Illuminate/Database/Eloquent/Model->__call()
#17 C:/xampp5/htdocs/Project_SIMRS/mediscare/app/Services/RegistrationService.php(50): Illuminate/Database/Eloquent/Model::__callStatic()
#18 C:/xampp5/htdocs/Project_SIMRS/mediscare/vendor/laravel/framework/src/Illuminate/Database/Concerns/ManagesTransactions.php(32): App/Services/RegistrationService->{closure:App/Services/RegistrationService::register():24}()
#19 C:/xampp5/htdocs/Project_SIMRS/mediscare/vendor/laravel/framework/src/Illuminate/Database/DatabaseManager.php(495): Illuminate/Database/Connection->transaction()
#20 C:/xampp5/htdocs/Project_SIMRS/mediscare/vendor/laravel/framework/src/Illuminate/Support/Facades/Facade.php(361): Illuminate/Database/DatabaseManager->__call()
#21 C:/xampp5/htdocs/Project_SIMRS/mediscare/app/Services/RegistrationService.php(24): Illuminate/Support/Facades/Facade::__callStatic()
#22 C:/xampp5/htdocs/Project_SIMRS/mediscare/app/Http/Controllers/Web/RegistrationController.php(55): App/Services/RegistrationService->register()
#23 C:/xampp5/htdocs/Project_SIMRS/mediscare/vendor/laravel/framework/src/Illuminate/Routing/ControllerDispatcher.php(47): App/Http/Controllers/Web/RegistrationController->store()
#24 C:/xampp5/htdocs/Project_SIMRS/mediscare/vendor/laravel/framework/src/Illuminate/Routing/Route.php(266): Illuminate/Routing/ControllerDispatcher->dispatch()
#25 C:/xampp5/htdocs/Project_SIMRS/mediscare/vendor/laravel/framework/src/Illuminate/Routing/Route.php(212): Illuminate/Routing/Route->runController()
#26 C:/xampp5/htdocs/Project_SIMRS/mediscare/vendor/laravel/framework/src/Illuminate/Routing/Router.php(808): Illuminate/Routing/Route->run()
#27 C:/xampp5/htdocs/Project_SIMRS/mediscare/vendor/laravel/framework/src/Illuminate/Pipeline/Pipeline.php(170): Illuminate/Routing/Router->{closure:Illuminate/Routing/Router::runRouteWithinStack():807}()
#28 C:/xampp5/htdocs/Project_SIMRS/mediscare/app/Http/Middleware/CheckPermission.php(28): Illuminate/Pipeline/Pipeline->{closure:Illuminate/Pipeline/Pipeline::prepareDestination():168}()
#29 C:/xampp5/htdocs/Project_SIMRS/mediscare/vendor/laravel/framework/src/Illuminate/Pipeline/Pipeline.php(209): App/Http/Middleware/CheckPermission->handle()
#30 C:/xampp5/htdocs/Project_SIMRS/mediscare/app/Http/Middleware/EnsureSessionIsFresh.php(31): Illuminate/Pipeline/Pipeline->{closure:{closure:Illuminate/Pipeline/Pipeline::carry():184}:185}()
#31 C:/xampp5/htdocs/Project_SIMRS/mediscare/vendor/laravel/framework/src/Illuminate/Pipeline/Pipeline.php(209): App/Http/Middleware/EnsureSessionIsFresh->handle()
#32 C:/xampp5/htdocs/Project_SIMRS/mediscare/vendor/laravel/framework/src/Illuminate/Routing/Middleware/SubstituteBindings.php(51): Illuminate/Pipeline/Pipeline->{closure:{closure:Illuminate/Pipeline/Pipeline::carry():184}:185}()
#33 C:/xampp5/htdocs/Project_SIMRS/mediscare/vendor/laravel/framework/src/Illuminate/Pipeline/Pipeline.php(209): Illuminate/Routing/Middleware/SubstituteBindings->handle()
#34 C:/xampp5/htdocs/Project_SIMRS/mediscare/vendor/laravel/framework/src/Illuminate/Auth/Middleware/Authenticate.php(64): Illuminate/Pipeline/Pipeline->{closure:{closure:Illuminate/Pipeline/Pipeline::carry():184}:185}()
#35 C:/xampp5/htdocs/Project_SIMRS/mediscare/vendor/laravel/framework/src/Illuminate/Pipeline/Pipeline.php(209): Illuminate/Auth/Middleware/Authenticate->handle()
#36 C:/xampp5/htdocs/Project_SIMRS/mediscare/vendor/laravel/framework/src/Illuminate/Foundation/Http/Middleware/VerifyCsrfToken.php(88): Illuminate/Pipeline/Pipeline->{closure:{closure:Illuminate/Pipeline/Pipeline::carry():184}:185}()
#37 C:/xampp5/htdocs/Project_SIMRS/mediscare/vendor/laravel/framework/src/Illuminate/Pipeline/Pipeline.php(209): Illuminate/Foundation/Http/Middleware/VerifyCsrfToken->handle()
#38 C:/xampp5/htdocs/Project_SIMRS/mediscare/vendor/laravel/framework/src/Illuminate/View/Middleware/ShareErrorsFromSession.php(49): Illuminate/Pipeline/Pipeline->{closure:{closure:Illuminate/Pipeline/Pipeline::carry():184}:185}()
#39 C:/xampp5/htdocs/Project_SIMRS/mediscare/vendor/laravel/framework/src/Illuminate/Pipeline/Pipeline.php(209): Illuminate/View/Middleware/ShareErrorsFromSession->handle()
#40 C:/xampp5/htdocs/Project_SIMRS/mediscare/vendor/laravel/framework/src/Illuminate/Session/Middleware/StartSession.php(121): Illuminate/Pipeline/Pipeline->{closure:{closure:Illuminate/Pipeline/Pipeline::carry():184}:185}()
#41 C:/xampp5/htdocs/Project_SIMRS/mediscare/vendor/laravel/framework/src/Illuminate/Session/Middleware/StartSession.php(64): Illuminate/Session/Middleware/StartSession->handleStatefulRequest()
#42 C:/xampp5/htdocs/Project_SIMRS/mediscare/vendor/laravel/framework/src/Illuminate/Pipeline/Pipeline.php(209): Illuminate/Session/Middleware/StartSession->handle()
#43 C:/xampp5/htdocs/Project_SIMRS/mediscare/vendor/laravel/framework/src/Illuminate/Cookie/Middleware/AddQueuedCookiesToResponse.php(37): Illuminate/Pipeline/Pipeline->{closure:{closure:Illuminate/Pipeline/Pipeline::carry():184}:185}()
#44 C:/xampp5/htdocs/Project_SIMRS/mediscare/vendor/laravel/framework/src/Illuminate/Pipeline/Pipeline.php(209): Illuminate/Cookie/Middleware/AddQueuedCookiesToResponse->handle()
#45 C:/xampp5/htdocs/Project_SIMRS/mediscare/vendor/laravel/framework/src/Illuminate/Cookie/Middleware/EncryptCookies.php(75): Illuminate/Pipeline/Pipeline->{closure:{closure:Illuminate/Pipeline/Pipeline::carry():184}:185}()
#46 C:/xampp5/htdocs/Project_SIMRS/mediscare/vendor/laravel/framework/src/Illuminate/Pipeline/Pipeline.php(209): Illuminate/Cookie/Middleware/EncryptCookies->handle()
#47 C:/xampp5/htdocs/Project_SIMRS/mediscare/vendor/laravel/framework/src/Illuminate/Pipeline/Pipeline.php(127): Illuminate/Pipeline/Pipeline->{closure:{closure:Illuminate/Pipeline/Pipeline::carry():184}:185}()
#48 C:/xampp5/htdocs/Project_SIMRS/mediscare/vendor/laravel/framework/src/Illuminate/Routing/Router.php(807): Illuminate/Pipeline/Pipeline->then()
#49 C:/xampp5/htdocs/Project_SIMRS/mediscare/vendor/laravel/framework/src/Illuminate/Routing/Router.php(786): Illuminate/Routing/Router->runRouteWithinStack()
#50 C:/xampp5/htdocs/Project_SIMRS/mediscare/vendor/laravel/framework/src/Illuminate/Routing/Router.php(750): Illuminate/Routing/Router->runRoute()
#51 C:/xampp5/htdocs/Project_SIMRS/mediscare/vendor/laravel/framework/src/Illuminate/Routing/Router.php(739): Illuminate/Routing/Router->dispatchToRoute()
#52 C:/xampp5/htdocs/Project_SIMRS/mediscare/vendor/laravel/framework/src/Illuminate/Foundation/Http/Kernel.php(201): Illuminate/Routing/Router->dispatch()
#53 C:/xampp5/htdocs/Project_SIMRS/mediscare/vendor/laravel/framework/src/Illuminate/Pipeline/Pipeline.php(170): Illuminate/Foundation/Http/Kernel->{closure:Illuminate/Foundation/Http/Kernel::dispatchToRouter():198}()
#54 C:/xampp5/htdocs/Project_SIMRS/mediscare/vendor/laravel/framework/src/Illuminate/Foundation/Http/Middleware/TransformsRequest.php(21): Illuminate/Pipeline/Pipeline->{closure:Illuminate/Pipeline/Pipeline::prepareDestination():168}()
#55 C:/xampp5/htdocs/Project_SIMRS/mediscare/vendor/laravel/framework/src/Illuminate/Foundation/Http/Middleware/ConvertEmptyStringsToNull.php(31): Illuminate/Foundation/Http/Middleware/TransformsRequest->handle()
#56 C:/xampp5/htdocs/Project_SIMRS/mediscare/vendor/laravel/framework/src/Illuminate/Pipeline/Pipeline.php(209): Illuminate/Foundation/Http/Middleware/ConvertEmptyStringsToNull->handle()
#57 C:/xampp5/htdocs/Project_SIMRS/mediscare/vendor/laravel/framework/src/Illuminate/Foundation/Http/Middleware/TransformsRequest.php(21): Illuminate/Pipeline/Pipeline->{closure:{closure:Illuminate/Pipeline/Pipeline::carry():184}:185}()
#58 C:/xampp5/htdocs/Project_SIMRS/mediscare/vendor/laravel/framework/src/Illuminate/Foundation/Http/Middleware/TrimStrings.php(51): Illuminate/Foundation/Http/Middleware/TransformsRequest->handle()
#59 C:/xampp5/htdocs/Project_SIMRS/mediscare/vendor/laravel/framework/src/Illuminate/Pipeline/Pipeline.php(209): Illuminate/Foundation/Http/Middleware/TrimStrings->handle()
#60 C:/xampp5/htdocs/Project_SIMRS/mediscare/vendor/laravel/framework/src/Illuminate/Http/Middleware/ValidatePostSize.php(27): Illuminate/Pipeline/Pipeline->{closure:{closure:Illuminate/Pipeline/Pipeline::carry():184}:185}()
#61 C:/xampp5/htdocs/Project_SIMRS/mediscare/vendor/laravel/framework/src/Illuminate/Pipeline/Pipeline.php(209): Illuminate/Http/Middleware/ValidatePostSize->handle()
#62 C:/xampp5/htdocs/Project_SIMRS/mediscare/vendor/laravel/framework/src/Illuminate/Foundation/Http/Middleware/PreventRequestsDuringMaintenance.php(110): Illuminate/Pipeline/Pipeline->{closure:{closure:Illuminate/Pipeline/Pipeline::carry():184}:185}()
#63 C:/xampp5/htdocs/Project_SIMRS/mediscare/vendor/laravel/framework/src/Illuminate/Pipeline/Pipeline.php(209): Illuminate/Foundation/Http/Middleware/PreventRequestsDuringMaintenance->handle()
#64 C:/xampp5/htdocs/Project_SIMRS/mediscare/vendor/laravel/framework/src/Illuminate/Http/Middleware/HandleCors.php(49): Illuminate/Pipeline/Pipeline->{closure:{closure:Illuminate/Pipeline/Pipeline::carry():184}:185}()
#65 C:/xampp5/htdocs/Project_SIMRS/mediscare/vendor/laravel/framework/src/Illuminate/Pipeline/Pipeline.php(209): Illuminate/Http/Middleware/HandleCors->handle()
#66 C:/xampp5/htdocs/Project_SIMRS/mediscare/vendor/laravel/framework/src/Illuminate/Http/Middleware/TrustProxies.php(58): Illuminate/Pipeline/Pipeline->{closure:{closure:Illuminate/Pipeline/Pipeline::carry():184}:185}()
#67 C:/xampp5/htdocs/Project_SIMRS/mediscare/vendor/laravel/framework/src/Illuminate/Pipeline/Pipeline.php(209): Illuminate/Http/Middleware/TrustProxies->handle()
#68 C:/xampp5/htdocs/Project_SIMRS/mediscare/vendor/laravel/framework/src/Illuminate/Foundation/Http/Middleware/InvokeDeferredCallbacks.php(22): Illuminate/Pipeline/Pipeline->{closure:{closure:Illuminate/Pipeline/Pipeline::carry():184}:185}()
#69 C:/xampp5/htdocs/Project_SIMRS/mediscare/vendor/laravel/framework/src/Illuminate/Pipeline/Pipeline.php(209): Illuminate/Foundation/Http/Middleware/InvokeDeferredCallbacks->handle()
#70 C:/xampp5/htdocs/Project_SIMRS/mediscare/vendor/laravel/framework/src/Illuminate/Pipeline/Pipeline.php(127): Illuminate/Pipeline/Pipeline->{closure:{closure:Illuminate/Pipeline/Pipeline::carry():184}:185}()
#71 C:/xampp5/htdocs/Project_SIMRS/mediscare/vendor/laravel/framework/src/Illuminate/Foundation/Http/Kernel.php(176): Illuminate/Pipeline/Pipeline->then()
#72 C:/xampp5/htdocs/Project_SIMRS/mediscare/vendor/laravel/framework/src/Illuminate/Foundation/Http/Kernel.php(145): Illuminate/Foundation/Http/Kernel->sendRequestThroughRouter()
#73 C:/xampp5/htdocs/Project_SIMRS/mediscare/vendor/laravel/framework/src/Illuminate/Foundation/Testing/Concerns/MakesHttpRequests.php(607): Illuminate/Foundation/Http/Kernel->handle()
#74 C:/xampp5/htdocs/Project_SIMRS/mediscare/vendor/laravel/framework/src/Illuminate/Foundation/Testing/Concerns/MakesHttpRequests.php(397): Illuminate/Foundation/Testing/TestCase->call()
#75 C:/xampp5/htdocs/Project_SIMRS/mediscare/tests/Feature/RegistrationAndQueueTest.php(42): Illuminate/Foundation/Testing/TestCase->post()
#76 C:/xampp5/htdocs/Project_SIMRS/mediscare/vendor/phpunit/phpunit/src/Framework/TestCase.php(1667): Tests/Feature/RegistrationAndQueueTest->test_registering_existing_patient_generates_sequential_queue_numbers()
#77 C:/xampp5/htdocs/Project_SIMRS/mediscare/vendor/phpunit/phpunit/src/Framework/TestCase.php(519): PHPUnit/Framework/TestCase->runTest()
#78 C:/xampp5/htdocs/Project_SIMRS/mediscare/vendor/phpunit/phpunit/src/Framework/TestRunner/TestRunner.php(87): PHPUnit/Framework/TestCase->runBare()
#79 C:/xampp5/htdocs/Project_SIMRS/mediscare/vendor/phpunit/phpunit/src/Framework/TestCase.php(365): PHPUnit/Framework/TestRunner->run()
#80 C:/xampp5/htdocs/Project_SIMRS/mediscare/vendor/phpunit/phpunit/src/Framework/TestSuite.php(369): PHPUnit/Framework/TestCase->run()
#81 C:/xampp5/htdocs/Project_SIMRS/mediscare/vendor/phpunit/phpunit/src/Framework/TestSuite.php(369): PHPUnit/Framework/TestSuite->run()
#82 C:/xampp5/htdocs/Project_SIMRS/mediscare/vendor/phpunit/phpunit/src/TextUI/TestRunner.php(64): PHPUnit/Framework/TestSuite->run()
#83 C:/xampp5/htdocs/Project_SIMRS/mediscare/vendor/phpunit/phpunit/src/TextUI/Application.php(211): PHPUnit/TextUI/TestRunner->run()
#84 C:/xampp5/htdocs/Project_SIMRS/mediscare/vendor/phpunit/phpunit/phpunit(104): PHPUnit/TextUI/Application->run()
#85 {main}
"} 
[2026-09-08 23:41:19] testing.ERROR: SQLSTATE[23000]: Integrity constraint violation: 19 UNIQUE constraint failed: queues.polyclinic_id, queues.queue_date, queues.queue_number (Connection: sqlite, SQL: insert into "queues" ("appointment_id", "polyclinic_id", "queue_number", "queue_date", "status", "updated_at", "created_at") values (2, 1, A-001, 2026-09-08 00:00:00, waiting, 2026-09-08 23:41:19, 2026-09-08 23:41:19)) {"userId":1,"exception":"[object] (Illuminate\\Database\\UniqueConstraintViolationException(code: 23000): SQLSTATE[23000]: Integrity constraint violation: 19 UNIQUE constraint failed: queues.polyclinic_id, queues.queue_date, queues.queue_number (Connection: sqlite, SQL: insert into \"queues\" (\"appointment_id\", \"polyclinic_id\", \"queue_number\", \"queue_date\", \"status\", \"updated_at\", \"created_at\") values (2, 1, A-001, 2026-09-08 00:00:00, waiting, 2026-09-08 23:41:19, 2026-09-08 23:41:19)) at C:/xampp5/htdocs/Project_SIMRS/mediscare/vendor/laravel/framework/src/Illuminate/Database/Connection.php:820)
[stacktrace]
#0 C:/xampp5/htdocs/Project_SIMRS/mediscare/vendor/laravel/framework/src/Illuminate/Database/Connection.php(779): Illuminate/Database/Connection->runQueryCallback()
#1 C:/xampp5/htdocs/Project_SIMRS/mediscare/vendor/laravel/framework/src/Illuminate/Database/Connection.php(560): Illuminate/Database/Connection->run()
#2 C:/xampp5/htdocs/Project_SIMRS/mediscare/vendor/laravel/framework/src/Illuminate/Database/Connection.php(524): Illuminate/Database/Connection->statement()
#3 C:/xampp5/htdocs/Project_SIMRS/mediscare/vendor/laravel/framework/src/Illuminate/Database/Query/Processors/Processor.php(32): Illuminate/Database/Connection->insert()
#4 C:/xampp5/htdocs/Project_SIMRS/mediscare/vendor/laravel/framework/src/Illuminate/Database/Query/Builder.php(3766): Illuminate/Database/Query/Processors/Processor->processInsertGetId()
#5 C:/xampp5/htdocs/Project_SIMRS/mediscare/vendor/laravel/framework/src/Illuminate/Database/Eloquent/Builder.php(2120): Illuminate/Database/Query/Builder->insertGetId()
#6 C:/xampp5/htdocs/Project_SIMRS/mediscare/vendor/laravel/framework/src/Illuminate/Database/Eloquent/Model.php(1359): Illuminate/Database/Eloquent/Builder->__call()
#7 C:/xampp5/htdocs/Project_SIMRS/mediscare/vendor/laravel/framework/src/Illuminate/Database/Eloquent/Model.php(1324): Illuminate/Database/Eloquent/Model->insertAndSetId()
#8 C:/xampp5/htdocs/Project_SIMRS/mediscare/vendor/laravel/framework/src/Illuminate/Database/Eloquent/Model.php(1163): Illuminate/Database/Eloquent/Model->performInsert()
#9 C:/xampp5/htdocs/Project_SIMRS/mediscare/vendor/laravel/framework/src/Illuminate/Database/Eloquent/Builder.php(1128): Illuminate/Database/Eloquent/Model->save()
#10 C:/xampp5/htdocs/Project_SIMRS/mediscare/vendor/laravel/framework/src/Illuminate/Support/helpers.php(399): Illuminate/Database/Eloquent/Builder->{closure:Illuminate/Database/Eloquent/Builder::create():1127}()
#11 C:/xampp5/htdocs/Project_SIMRS/mediscare/vendor/laravel/framework/src/Illuminate/Database/Eloquent/Builder.php(1127): tap()
#12 C:/xampp5/htdocs/Project_SIMRS/mediscare/vendor/laravel/framework/src/Illuminate/Support/Traits/ForwardsCalls.php(23): Illuminate/Database/Eloquent/Builder->create()
#13 C:/xampp5/htdocs/Project_SIMRS/mediscare/vendor/laravel/framework/src/Illuminate/Database/Eloquent/Model.php(2372): Illuminate/Database/Eloquent/Model->forwardCallTo()
#14 C:/xampp5/htdocs/Project_SIMRS/mediscare/vendor/laravel/framework/src/Illuminate/Database/Eloquent/Model.php(2384): Illuminate/Database/Eloquent/Model->__call()
#15 C:/xampp5/htdocs/Project_SIMRS/mediscare/app/Services/RegistrationService.php(50): Illuminate/Database/Eloquent/Model::__callStatic()
#16 C:/xampp5/htdocs/Project_SIMRS/mediscare/vendor/laravel/framework/src/Illuminate/Database/Concerns/ManagesTransactions.php(32): App/Services/RegistrationService->{closure:App/Services/RegistrationService::register():24}()
#17 C:/xampp5/htdocs/Project_SIMRS/mediscare/vendor/laravel/framework/src/Illuminate/Database/DatabaseManager.php(495): Illuminate/Database/Connection->transaction()
#18 C:/xampp5/htdocs/Project_SIMRS/mediscare/vendor/laravel/framework/src/Illuminate/Support/Facades/Facade.php(361): Illuminate/Database/DatabaseManager->__call()
#19 C:/xampp5/htdocs/Project_SIMRS/mediscare/app/Services/RegistrationService.php(24): Illuminate/Support/Facades/Facade::__callStatic()
#20 C:/xampp5/htdocs/Project_SIMRS/mediscare/app/Http/Controllers/Web/RegistrationController.php(55): App/Services/RegistrationService->register()
#21 C:/xampp5/htdocs/Project_SIMRS/mediscare/vendor/laravel/framework/src/Illuminate/Routing/ControllerDispatcher.php(47): App/Http/Controllers/Web/RegistrationController->store()
#22 C:/xampp5/htdocs/Project_SIMRS/mediscare/vendor/laravel/framework/src/Illuminate/Routing/Route.php(266): Illuminate/Routing/ControllerDispatcher->dispatch()
#23 C:/xampp5/htdocs/Project_SIMRS/mediscare/vendor/laravel/framework/src/Illuminate/Routing/Route.php(212): Illuminate/Routing/Route->runController()
#24 C:/xampp5/htdocs/Project_SIMRS/mediscare/vendor/laravel/framework/src/Illuminate/Routing/Router.php(808): Illuminate/Routing/Route->run()
#25 C:/xampp5/htdocs/Project_SIMRS/mediscare/vendor/laravel/framework/src/Illuminate/Pipeline/Pipeline.php(170): Illuminate/Routing/Router->{closure:Illuminate/Routing/Router::runRouteWithinStack():807}()
#26 C:/xampp5/htdocs/Project_SIMRS/mediscare/app/Http/Middleware/CheckPermission.php(28): Illuminate/Pipeline/Pipeline->{closure:Illuminate/Pipeline/Pipeline::prepareDestination():168}()
#27 C:/xampp5/htdocs/Project_SIMRS/mediscare/vendor/laravel/framework/src/Illuminate/Pipeline/Pipeline.php(209): App/Http/Middleware/CheckPermission->handle()
#28 C:/xampp5/htdocs/Project_SIMRS/mediscare/app/Http/Middleware/EnsureSessionIsFresh.php(31): Illuminate/Pipeline/Pipeline->{closure:{closure:Illuminate/Pipeline/Pipeline::carry():184}:185}()
#29 C:/xampp5/htdocs/Project_SIMRS/mediscare/vendor/laravel/framework/src/Illuminate/Pipeline/Pipeline.php(209): App/Http/Middleware/EnsureSessionIsFresh->handle()
#30 C:/xampp5/htdocs/Project_SIMRS/mediscare/vendor/laravel/framework/src/Illuminate/Routing/Middleware/SubstituteBindings.php(51): Illuminate/Pipeline/Pipeline->{closure:{closure:Illuminate/Pipeline/Pipeline::carry():184}:185}()
#31 C:/xampp5/htdocs/Project_SIMRS/mediscare/vendor/laravel/framework/src/Illuminate/Pipeline/Pipeline.php(209): Illuminate/Routing/Middleware/SubstituteBindings->handle()
#32 C:/xampp5/htdocs/Project_SIMRS/mediscare/vendor/laravel/framework/src/Illuminate/Auth/Middleware/Authenticate.php(64): Illuminate/Pipeline/Pipeline->{closure:{closure:Illuminate/Pipeline/Pipeline::carry():184}:185}()
#33 C:/xampp5/htdocs/Project_SIMRS/mediscare/vendor/laravel/framework/src/Illuminate/Pipeline/Pipeline.php(209): Illuminate/Auth/Middleware/Authenticate->handle()
#34 C:/xampp5/htdocs/Project_SIMRS/mediscare/vendor/laravel/framework/src/Illuminate/Foundation/Http/Middleware/VerifyCsrfToken.php(88): Illuminate/Pipeline/Pipeline->{closure:{closure:Illuminate/Pipeline/Pipeline::carry():184}:185}()
#35 C:/xampp5/htdocs/Project_SIMRS/mediscare/vendor/laravel/framework/src/Illuminate/Pipeline/Pipeline.php(209): Illuminate/Foundation/Http/Middleware/VerifyCsrfToken->handle()
#36 C:/xampp5/htdocs/Project_SIMRS/mediscare/vendor/laravel/framework/src/Illuminate/View/Middleware/ShareErrorsFromSession.php(49): Illuminate/Pipeline/Pipeline->{closure:{closure:Illuminate/Pipeline/Pipeline::carry():184}:185}()
#37 C:/xampp5/htdocs/Project_SIMRS/mediscare/vendor/laravel/framework/src/Illuminate/Pipeline/Pipeline.php(209): Illuminate/View/Middleware/ShareErrorsFromSession->handle()
#38 C:/xampp5/htdocs/Project_SIMRS/mediscare/vendor/laravel/framework/src/Illuminate/Session/Middleware/StartSession.php(121): Illuminate/Pipeline/Pipeline->{closure:{closure:Illuminate/Pipeline/Pipeline::carry():184}:185}()
#39 C:/xampp5/htdocs/Project_SIMRS/mediscare/vendor/laravel/framework/src/Illuminate/Session/Middleware/StartSession.php(64): Illuminate/Session/Middleware/StartSession->handleStatefulRequest()
#40 C:/xampp5/htdocs/Project_SIMRS/mediscare/vendor/laravel/framework/src/Illuminate/Pipeline/Pipeline.php(209): Illuminate/Session/Middleware/StartSession->handle()
#41 C:/xampp5/htdocs/Project_SIMRS/mediscare/vendor/laravel/framework/src/Illuminate/Cookie/Middleware/AddQueuedCookiesToResponse.php(37): Illuminate/Pipeline/Pipeline->{closure:{closure:Illuminate/Pipeline/Pipeline::carry():184}:185}()
#42 C:/xampp5/htdocs/Project_SIMRS/mediscare/vendor/laravel/framework/src/Illuminate/Pipeline/Pipeline.php(209): Illuminate/Cookie/Middleware/AddQueuedCookiesToResponse->handle()
#43 C:/xampp5/htdocs/Project_SIMRS/mediscare/vendor/laravel/framework/src/Illuminate/Cookie/Middleware/EncryptCookies.php(75): Illuminate/Pipeline/Pipeline->{closure:{closure:Illuminate/Pipeline/Pipeline::carry():184}:185}()
#44 C:/xampp5/htdocs/Project_SIMRS/mediscare/vendor/laravel/framework/src/Illuminate/Pipeline/Pipeline.php(209): Illuminate/Cookie/Middleware/EncryptCookies->handle()
#45 C:/xampp5/htdocs/Project_SIMRS/mediscare/vendor/laravel/framework/src/Illuminate/Pipeline/Pipeline.php(127): Illuminate/Pipeline/Pipeline->{closure:{closure:Illuminate/Pipeline/Pipeline::carry():184}:185}()
#46 C:/xampp5/htdocs/Project_SIMRS/mediscare/vendor/laravel/framework/src/Illuminate/Routing/Router.php(807): Illuminate/Pipeline/Pipeline->then()
#47 C:/xampp5/htdocs/Project_SIMRS/mediscare/vendor/laravel/framework/src/Illuminate/Routing/Router.php(786): Illuminate/Routing/Router->runRouteWithinStack()
#48 C:/xampp5/htdocs/Project_SIMRS/mediscare/vendor/laravel/framework/src/Illuminate/Routing/Router.php(750): Illuminate/Routing/Router->runRoute()
#49 C:/xampp5/htdocs/Project_SIMRS/mediscare/vendor/laravel/framework/src/Illuminate/Routing/Router.php(739): Illuminate/Routing/Router->dispatchToRoute()
#50 C:/xampp5/htdocs/Project_SIMRS/mediscare/vendor/laravel/framework/src/Illuminate/Foundation/Http/Kernel.php(201): Illuminate/Routing/Router->dispatch()
#51 C:/xampp5/htdocs/Project_SIMRS/mediscare/vendor/laravel/framework/src/Illuminate/Pipeline/Pipeline.php(170): Illuminate/Foundation/Http/Kernel->{closure:Illuminate/Foundation/Http/Kernel::dispatchToRouter():198}()
#52 C:/xampp5/htdocs/Project_SIMRS/mediscare/vendor/laravel/framework/src/Illuminate/Foundation/Http/Middleware/TransformsRequest.php(21): Illuminate/Pipeline/Pipeline->{closure:Illuminate/Pipeline/Pipeline::prepareDestination():168}()
#53 C:/xampp5/htdocs/Project_SIMRS/mediscare/vendor/laravel/framework/src/Illuminate/Foundation/Http/Middleware/ConvertEmptyStringsToNull.php(31): Illuminate/Foundation/Http/Middleware/TransformsRequest->handle()
#54 C:/xampp5/htdocs/Project_SIMRS/mediscare/vendor/laravel/framework/src/Illuminate/Pipeline/Pipeline.php(209): Illuminate/Foundation/Http/Middleware/ConvertEmptyStringsToNull->handle()
#55 C:/xampp5/htdocs/Project_SIMRS/mediscare/vendor/laravel/framework/src/Illuminate/Foundation/Http/Middleware/TransformsRequest.php(21): Illuminate/Pipeline/Pipeline->{closure:{closure:Illuminate/Pipeline/Pipeline::carry():184}:185}()
#56 C:/xampp5/htdocs/Project_SIMRS/mediscare/vendor/laravel/framework/src/Illuminate/Foundation/Http/Middleware/TrimStrings.php(51): Illuminate/Foundation/Http/Middleware/TransformsRequest->handle()
#57 C:/xampp5/htdocs/Project_SIMRS/mediscare/vendor/laravel/framework/src/Illuminate/Pipeline/Pipeline.php(209): Illuminate/Foundation/Http/Middleware/TrimStrings->handle()
#58 C:/xampp5/htdocs/Project_SIMRS/mediscare/vendor/laravel/framework/src/Illuminate/Http/Middleware/ValidatePostSize.php(27): Illuminate/Pipeline/Pipeline->{closure:{closure:Illuminate/Pipeline/Pipeline::carry():184}:185}()
#59 C:/xampp5/htdocs/Project_SIMRS/mediscare/vendor/laravel/framework/src/Illuminate/Pipeline/Pipeline.php(209): Illuminate/Http/Middleware/ValidatePostSize->handle()
#60 C:/xampp5/htdocs/Project_SIMRS/mediscare/vendor/laravel/framework/src/Illuminate/Foundation/Http/Middleware/PreventRequestsDuringMaintenance.php(110): Illuminate/Pipeline/Pipeline->{closure:{closure:Illuminate/Pipeline/Pipeline::carry():184}:185}()
#61 C:/xampp5/htdocs/Project_SIMRS/mediscare/vendor/laravel/framework/src/Illuminate/Pipeline/Pipeline.php(209): Illuminate/Foundation/Http/Middleware/PreventRequestsDuringMaintenance->handle()
#62 C:/xampp5/htdocs/Project_SIMRS/mediscare/vendor/laravel/framework/src/Illuminate/Http/Middleware/HandleCors.php(49): Illuminate/Pipeline/Pipeline->{closure:{closure:Illuminate/Pipeline/Pipeline::carry():184}:185}()
#63 C:/xampp5/htdocs/Project_SIMRS/mediscare/vendor/laravel/framework/src/Illuminate/Pipeline/Pipeline.php(209): Illuminate/Http/Middleware/HandleCors->handle()
#64 C:/xampp5/htdocs/Project_SIMRS/mediscare/vendor/laravel/framework/src/Illuminate/Http/Middleware/TrustProxies.php(58): Illuminate/Pipeline/Pipeline->{closure:{closure:Illuminate/Pipeline/Pipeline::carry():184}:185}()
#65 C:/xampp5/htdocs/Project_SIMRS/mediscare/vendor/laravel/framework/src/Illuminate/Pipeline/Pipeline.php(209): Illuminate/Http/Middleware/TrustProxies->handle()
#66 C:/xampp5/htdocs/Project_SIMRS/mediscare/vendor/laravel/framework/src/Illuminate/Foundation/Http/Middleware/InvokeDeferredCallbacks.php(22): Illuminate/Pipeline/Pipeline->{closure:{closure:Illuminate/Pipeline/Pipeline::carry():184}:185}()
#67 C:/xampp5/htdocs/Project_SIMRS/mediscare/vendor/laravel/framework/src/Illuminate/Pipeline/Pipeline.php(209): Illuminate/Foundation/Http/Middleware/InvokeDeferredCallbacks->handle()
#68 C:/xampp5/htdocs/Project_SIMRS/mediscare/vendor/laravel/framework/src/Illuminate/Pipeline/Pipeline.php(127): Illuminate/Pipeline/Pipeline->{closure:{closure:Illuminate/Pipeline/Pipeline::carry():184}:185}()
#69 C:/xampp5/htdocs/Project_SIMRS/mediscare/vendor/laravel/framework/src/Illuminate/Foundation/Http/Kernel.php(176): Illuminate/Pipeline/Pipeline->then()
#70 C:/xampp5/htdocs/Project_SIMRS/mediscare/vendor/laravel/framework/src/Illuminate/Foundation/Http/Kernel.php(145): Illuminate/Foundation/Http/Kernel->sendRequestThroughRouter()
#71 C:/xampp5/htdocs/Project_SIMRS/mediscare/vendor/laravel/framework/src/Illuminate/Foundation/Testing/Concerns/MakesHttpRequests.php(607): Illuminate/Foundation/Http/Kernel->handle()
#72 C:/xampp5/htdocs/Project_SIMRS/mediscare/vendor/laravel/framework/src/Illuminate/Foundation/Testing/Concerns/MakesHttpRequests.php(397): Illuminate/Foundation/Testing/TestCase->call()
#73 C:/xampp5/htdocs/Project_SIMRS/mediscare/tests/Feature/RegistrationAndQueueTest.php(42): Illuminate/Foundation/Testing/TestCase->post()
#74 C:/xampp5/htdocs/Project_SIMRS/mediscare/vendor/phpunit/phpunit/src/Framework/TestCase.php(1667): Tests/Feature/RegistrationAndQueueTest->test_registering_existing_patient_generates_sequential_queue_numbers()
#75 C:/xampp5/htdocs/Project_SIMRS/mediscare/vendor/phpunit/phpunit/src/Framework/TestCase.php(519): PHPUnit/Framework/TestCase->runTest()
#76 C:/xampp5/htdocs/Project_SIMRS/mediscare/vendor/phpunit/phpunit/src/Framework/TestRunner/TestRunner.php(87): PHPUnit/Framework/TestCase->runBare()
#77 C:/xampp5/htdocs/Project_SIMRS/mediscare/vendor/phpunit/phpunit/src/Framework/TestCase.php(365): PHPUnit/Framework/TestRunner->run()
#78 C:/xampp5/htdocs/Project_SIMRS/mediscare/vendor/phpunit/phpunit/src/Framework/TestSuite.php(369): PHPUnit/Framework/TestCase->run()
#79 C:/xampp5/htdocs/Project_SIMRS/mediscare/vendor/phpunit/phpunit/src/Framework/TestSuite.php(369): PHPUnit/Framework/TestSuite->run()
#80 C:/xampp5/htdocs/Project_SIMRS/mediscare/vendor/phpunit/phpunit/src/Framework/TestSuite.php(369): PHPUnit/Framework/TestSuite->run()
#81 C:/xampp5/htdocs/Project_SIMRS/mediscare/vendor/phpunit/phpunit/src/TextUI/TestRunner.php(64): PHPUnit/Framework/TestSuite->run()
#82 C:/xampp5/htdocs/Project_SIMRS/mediscare/vendor/phpunit/phpunit/src/TextUI/Application.php(211): PHPUnit/TextUI/TestRunner->run()
#83 C:/xampp5/htdocs/Project_SIMRS/mediscare/vendor/phpunit/phpunit/phpunit(104): PHPUnit/TextUI/Application->run()
#84 {main}

[previous exception] [object] (PDOException(code: 23000): SQLSTATE[23000]: Integrity constraint violation: 19 UNIQUE constraint failed: queues.polyclinic_id, queues.queue_date, queues.queue_number at C:/xampp5/htdocs/Project_SIMRS/mediscare/vendor/laravel/framework/src/Illuminate/Database/Connection.php:571)
[stacktrace]
#0 C:/xampp5/htdocs/Project_SIMRS/mediscare/vendor/laravel/framework/src/Illuminate/Database/Connection.php(571): PDOStatement->execute()
#1 C:/xampp5/htdocs/Project_SIMRS/mediscare/vendor/laravel/framework/src/Illuminate/Database/Connection.php(812): Illuminate/Database/Connection->{closure:Illuminate/Database/Connection::statement():560}()
#2 C:/xampp5/htdocs/Project_SIMRS/mediscare/vendor/laravel/framework/src/Illuminate/Database/Connection.php(779): Illuminate/Database/Connection->runQueryCallback()
#3 C:/xampp5/htdocs/Project_SIMRS/mediscare/vendor/laravel/framework/src/Illuminate/Database/Connection.php(560): Illuminate/Database/Connection->run()
#4 C:/xampp5/htdocs/Project_SIMRS/mediscare/vendor/laravel/framework/src/Illuminate/Database/Connection.php(524): Illuminate/Database/Connection->statement()
#5 C:/xampp5/htdocs/Project_SIMRS/mediscare/vendor/laravel/framework/src/Illuminate/Database/Query/Processors/Processor.php(32): Illuminate/Database/Connection->insert()
#6 C:/xampp5/htdocs/Project_SIMRS/mediscare/vendor/laravel/framework/src/Illuminate/Database/Query/Builder.php(3766): Illuminate/Database/Query/Processors/Processor->processInsertGetId()
#7 C:/xampp5/htdocs/Project_SIMRS/mediscare/vendor/laravel/framework/src/Illuminate/Database/Eloquent/Builder.php(2120): Illuminate/Database/Query/Builder->insertGetId()
#8 C:/xampp5/htdocs/Project_SIMRS/mediscare/vendor/laravel/framework/src/Illuminate/Database/Eloquent/Model.php(1359): Illuminate/Database/Eloquent/Builder->__call()
#9 C:/xampp5/htdocs/Project_SIMRS/mediscare/vendor/laravel/framework/src/Illuminate/Database/Eloquent/Model.php(1324): Illuminate/Database/Eloquent/Model->insertAndSetId()
#10 C:/xampp5/htdocs/Project_SIMRS/mediscare/vendor/laravel/framework/src/Illuminate/Database/Eloquent/Model.php(1163): Illuminate/Database/Eloquent/Model->performInsert()
#11 C:/xampp5/htdocs/Project_SIMRS/mediscare/vendor/laravel/framework/src/Illuminate/Database/Eloquent/Builder.php(1128): Illuminate/Database/Eloquent/Model->save()
#12 C:/xampp5/htdocs/Project_SIMRS/mediscare/vendor/laravel/framework/src/Illuminate/Support/helpers.php(399): Illuminate/Database/Eloquent/Builder->{closure:Illuminate/Database/Eloquent/Builder::create():1127}()
#13 C:/xampp5/htdocs/Project_SIMRS/mediscare/vendor/laravel/framework/src/Illuminate/Database/Eloquent/Builder.php(1127): tap()
#14 C:/xampp5/htdocs/Project_SIMRS/mediscare/vendor/laravel/framework/src/Illuminate/Support/Traits/ForwardsCalls.php(23): Illuminate/Database/Eloquent/Builder->create()
#15 C:/xampp5/htdocs/Project_SIMRS/mediscare/vendor/laravel/framework/src/Illuminate/Database/Eloquent/Model.php(2372): Illuminate/Database/Eloquent/Model->forwardCallTo()
#16 C:/xampp5/htdocs/Project_SIMRS/mediscare/vendor/laravel/framework/src/Illuminate/Database/Eloquent/Model.php(2384): Illuminate/Database/Eloquent/Model->__call()
#17 C:/xampp5/htdocs/Project_SIMRS/mediscare/app/Services/RegistrationService.php(50): Illuminate/Database/Eloquent/Model::__callStatic()
#18 C:/xampp5/htdocs/Project_SIMRS/mediscare/vendor/laravel/framework/src/Illuminate/Database/Concerns/ManagesTransactions.php(32): App/Services/RegistrationService->{closure:App/Services/RegistrationService::register():24}()
#19 C:/xampp5/htdocs/Project_SIMRS/mediscare/vendor/laravel/framework/src/Illuminate/Database/DatabaseManager.php(495): Illuminate/Database/Connection->transaction()
#20 C:/xampp5/htdocs/Project_SIMRS/mediscare/vendor/laravel/framework/src/Illuminate/Support/Facades/Facade.php(361): Illuminate/Database/DatabaseManager->__call()
#21 C:/xampp5/htdocs/Project_SIMRS/mediscare/app/Services/RegistrationService.php(24): Illuminate/Support/Facades/Facade::__callStatic()
#22 C:/xampp5/htdocs/Project_SIMRS/mediscare/app/Http/Controllers/Web/RegistrationController.php(55): App/Services/RegistrationService->register()
#23 C:/xampp5/htdocs/Project_SIMRS/mediscare/vendor/laravel/framework/src/Illuminate/Routing/ControllerDispatcher.php(47): App/Http/Controllers/Web/RegistrationController->store()
#24 C:/xampp5/htdocs/Project_SIMRS/mediscare/vendor/laravel/framework/src/Illuminate/Routing/Route.php(266): Illuminate/Routing/ControllerDispatcher->dispatch()
#25 C:/xampp5/htdocs/Project_SIMRS/mediscare/vendor/laravel/framework/src/Illuminate/Routing/Route.php(212): Illuminate/Routing/Route->runController()
#26 C:/xampp5/htdocs/Project_SIMRS/mediscare/vendor/laravel/framework/src/Illuminate/Routing/Router.php(808): Illuminate/Routing/Route->run()
#27 C:/xampp5/htdocs/Project_SIMRS/mediscare/vendor/laravel/framework/src/Illuminate/Pipeline/Pipeline.php(170): Illuminate/Routing/Router->{closure:Illuminate/Routing/Router::runRouteWithinStack():807}()
#28 C:/xampp5/htdocs/Project_SIMRS/mediscare/app/Http/Middleware/CheckPermission.php(28): Illuminate/Pipeline/Pipeline->{closure:Illuminate/Pipeline/Pipeline::prepareDestination():168}()
#29 C:/xampp5/htdocs/Project_SIMRS/mediscare/vendor/laravel/framework/src/Illuminate/Pipeline/Pipeline.php(209): App/Http/Middleware/CheckPermission->handle()
#30 C:/xampp5/htdocs/Project_SIMRS/mediscare/app/Http/Middleware/EnsureSessionIsFresh.php(31): Illuminate/Pipeline/Pipeline->{closure:{closure:Illuminate/Pipeline/Pipeline::carry():184}:185}()
#31 C:/xampp5/htdocs/Project_SIMRS/mediscare/vendor/laravel/framework/src/Illuminate/Pipeline/Pipeline.php(209): App/Http/Middleware/EnsureSessionIsFresh->handle()
#32 C:/xampp5/htdocs/Project_SIMRS/mediscare/vendor/laravel/framework/src/Illuminate/Routing/Middleware/SubstituteBindings.php(51): Illuminate/Pipeline/Pipeline->{closure:{closure:Illuminate/Pipeline/Pipeline::carry():184}:185}()
#33 C:/xampp5/htdocs/Project_SIMRS/mediscare/vendor/laravel/framework/src/Illuminate/Pipeline/Pipeline.php(209): Illuminate/Routing/Middleware/SubstituteBindings->handle()
#34 C:/xampp5/htdocs/Project_SIMRS/mediscare/vendor/laravel/framework/src/Illuminate/Auth/Middleware/Authenticate.php(64): Illuminate/Pipeline/Pipeline->{closure:{closure:Illuminate/Pipeline/Pipeline::carry():184}:185}()
#35 C:/xampp5/htdocs/Project_SIMRS/mediscare/vendor/laravel/framework/src/Illuminate/Pipeline/Pipeline.php(209): Illuminate/Auth/Middleware/Authenticate->handle()
#36 C:/xampp5/htdocs/Project_SIMRS/mediscare/vendor/laravel/framework/src/Illuminate/Foundation/Http/Middleware/VerifyCsrfToken.php(88): Illuminate/Pipeline/Pipeline->{closure:{closure:Illuminate/Pipeline/Pipeline::carry():184}:185}()
#37 C:/xampp5/htdocs/Project_SIMRS/mediscare/vendor/laravel/framework/src/Illuminate/Pipeline/Pipeline.php(209): Illuminate/Foundation/Http/Middleware/VerifyCsrfToken->handle()
#38 C:/xampp5/htdocs/Project_SIMRS/mediscare/vendor/laravel/framework/src/Illuminate/View/Middleware/ShareErrorsFromSession.php(49): Illuminate/Pipeline/Pipeline->{closure:{closure:Illuminate/Pipeline/Pipeline::carry():184}:185}()
#39 C:/xampp5/htdocs/Project_SIMRS/mediscare/vendor/laravel/framework/src/Illuminate/Pipeline/Pipeline.php(209): Illuminate/View/Middleware/ShareErrorsFromSession->handle()
#40 C:/xampp5/htdocs/Project_SIMRS/mediscare/vendor/laravel/framework/src/Illuminate/Session/Middleware/StartSession.php(121): Illuminate/Pipeline/Pipeline->{closure:{closure:Illuminate/Pipeline/Pipeline::carry():184}:185}()
#41 C:/xampp5/htdocs/Project_SIMRS/mediscare/vendor/laravel/framework/src/Illuminate/Session/Middleware/StartSession.php(64): Illuminate/Session/Middleware/StartSession->handleStatefulRequest()
#42 C:/xampp5/htdocs/Project_SIMRS/mediscare/vendor/laravel/framework/src/Illuminate/Pipeline/Pipeline.php(209): Illuminate/Session/Middleware/StartSession->handle()
#43 C:/xampp5/htdocs/Project_SIMRS/mediscare/vendor/laravel/framework/src/Illuminate/Cookie/Middleware/AddQueuedCookiesToResponse.php(37): Illuminate/Pipeline/Pipeline->{closure:{closure:Illuminate/Pipeline/Pipeline::carry():184}:185}()
#44 C:/xampp5/htdocs/Project_SIMRS/mediscare/vendor/laravel/framework/src/Illuminate/Pipeline/Pipeline.php(209): Illuminate/Cookie/Middleware/AddQueuedCookiesToResponse->handle()
#45 C:/xampp5/htdocs/Project_SIMRS/mediscare/vendor/laravel/framework/src/Illuminate/Cookie/Middleware/EncryptCookies.php(75): Illuminate/Pipeline/Pipeline->{closure:{closure:Illuminate/Pipeline/Pipeline::carry():184}:185}()
#46 C:/xampp5/htdocs/Project_SIMRS/mediscare/vendor/laravel/framework/src/Illuminate/Pipeline/Pipeline.php(209): Illuminate/Cookie/Middleware/EncryptCookies->handle()
#47 C:/xampp5/htdocs/Project_SIMRS/mediscare/vendor/laravel/framework/src/Illuminate/Pipeline/Pipeline.php(127): Illuminate/Pipeline/Pipeline->{closure:{closure:Illuminate/Pipeline/Pipeline::carry():184}:185}()
#48 C:/xampp5/htdocs/Project_SIMRS/mediscare/vendor/laravel/framework/src/Illuminate/Routing/Router.php(807): Illuminate/Pipeline/Pipeline->then()
#49 C:/xampp5/htdocs/Project_SIMRS/mediscare/vendor/laravel/framework/src/Illuminate/Routing/Router.php(786): Illuminate/Routing/Router->runRouteWithinStack()
#50 C:/xampp5/htdocs/Project_SIMRS/mediscare/vendor/laravel/framework/src/Illuminate/Routing/Router.php(750): Illuminate/Routing/Router->runRoute()
#51 C:/xampp5/htdocs/Project_SIMRS/mediscare/vendor/laravel/framework/src/Illuminate/Routing/Router.php(739): Illuminate/Routing/Router->dispatchToRoute()
#52 C:/xampp5/htdocs/Project_SIMRS/mediscare/vendor/laravel/framework/src/Illuminate/Foundation/Http/Kernel.php(201): Illuminate/Routing/Router->dispatch()
#53 C:/xampp5/htdocs/Project_SIMRS/mediscare/vendor/laravel/framework/src/Illuminate/Pipeline/Pipeline.php(170): Illuminate/Foundation/Http/Kernel->{closure:Illuminate/Foundation/Http/Kernel::dispatchToRouter():198}()
#54 C:/xampp5/htdocs/Project_SIMRS/mediscare/vendor/laravel/framework/src/Illuminate/Foundation/Http/Middleware/TransformsRequest.php(21): Illuminate/Pipeline/Pipeline->{closure:Illuminate/Pipeline/Pipeline::prepareDestination():168}()
#55 C:/xampp5/htdocs/Project_SIMRS/mediscare/vendor/laravel/framework/src/Illuminate/Foundation/Http/Middleware/ConvertEmptyStringsToNull.php(31): Illuminate/Foundation/Http/Middleware/TransformsRequest->handle()
#56 C:/xampp5/htdocs/Project_SIMRS/mediscare/vendor/laravel/framework/src/Illuminate/Pipeline/Pipeline.php(209): Illuminate/Foundation/Http/Middleware/ConvertEmptyStringsToNull->handle()
#57 C:/xampp5/htdocs/Project_SIMRS/mediscare/vendor/laravel/framework/src/Illuminate/Foundation/Http/Middleware/TransformsRequest.php(21): Illuminate/Pipeline/Pipeline->{closure:{closure:Illuminate/Pipeline/Pipeline::carry():184}:185}()
#58 C:/xampp5/htdocs/Project_SIMRS/mediscare/vendor/laravel/framework/src/Illuminate/Foundation/Http/Middleware/TrimStrings.php(51): Illuminate/Foundation/Http/Middleware/TransformsRequest->handle()
#59 C:/xampp5/htdocs/Project_SIMRS/mediscare/vendor/laravel/framework/src/Illuminate/Pipeline/Pipeline.php(209): Illuminate/Foundation/Http/Middleware/TrimStrings->handle()
#60 C:/xampp5/htdocs/Project_SIMRS/mediscare/vendor/laravel/framework/src/Illuminate/Http/Middleware/ValidatePostSize.php(27): Illuminate/Pipeline/Pipeline->{closure:{closure:Illuminate/Pipeline/Pipeline::carry():184}:185}()
#61 C:/xampp5/htdocs/Project_SIMRS/mediscare/vendor/laravel/framework/src/Illuminate/Pipeline/Pipeline.php(209): Illuminate/Http/Middleware/ValidatePostSize->handle()
#62 C:/xampp5/htdocs/Project_SIMRS/mediscare/vendor/laravel/framework/src/Illuminate/Foundation/Http/Middleware/PreventRequestsDuringMaintenance.php(110): Illuminate/Pipeline/Pipeline->{closure:{closure:Illuminate/Pipeline/Pipeline::carry():184}:185}()
#63 C:/xampp5/htdocs/Project_SIMRS/mediscare/vendor/laravel/framework/src/Illuminate/Pipeline/Pipeline.php(209): Illuminate/Foundation/Http/Middleware/PreventRequestsDuringMaintenance->handle()
#64 C:/xampp5/htdocs/Project_SIMRS/mediscare/vendor/laravel/framework/src/Illuminate/Http/Middleware/HandleCors.php(49): Illuminate/Pipeline/Pipeline->{closure:{closure:Illuminate/Pipeline/Pipeline::carry():184}:185}()
#65 C:/xampp5/htdocs/Project_SIMRS/mediscare/vendor/laravel/framework/src/Illuminate/Pipeline/Pipeline.php(209): Illuminate/Http/Middleware/HandleCors->handle()
#66 C:/xampp5/htdocs/Project_SIMRS/mediscare/vendor/laravel/framework/src/Illuminate/Http/Middleware/TrustProxies.php(58): Illuminate/Pipeline/Pipeline->{closure:{closure:Illuminate/Pipeline/Pipeline::carry():184}:185}()
#67 C:/xampp5/htdocs/Project_SIMRS/mediscare/vendor/laravel/framework/src/Illuminate/Pipeline/Pipeline.php(209): Illuminate/Http/Middleware/TrustProxies->handle()
#68 C:/xampp5/htdocs/Project_SIMRS/mediscare/vendor/laravel/framework/src/Illuminate/Foundation/Http/Middleware/InvokeDeferredCallbacks.php(22): Illuminate/Pipeline/Pipeline->{closure:{closure:Illuminate/Pipeline/Pipeline::carry():184}:185}()
#69 C:/xampp5/htdocs/Project_SIMRS/mediscare/vendor/laravel/framework/src/Illuminate/Pipeline/Pipeline.php(209): Illuminate/Foundation/Http/Middleware/InvokeDeferredCallbacks->handle()
#70 C:/xampp5/htdocs/Project_SIMRS/mediscare/vendor/laravel/framework/src/Illuminate/Pipeline/Pipeline.php(127): Illuminate/Pipeline/Pipeline->{closure:{closure:Illuminate/Pipeline/Pipeline::carry():184}:185}()
#71 C:/xampp5/htdocs/Project_SIMRS/mediscare/vendor/laravel/framework/src/Illuminate/Foundation/Http/Kernel.php(176): Illuminate/Pipeline/Pipeline->then()
#72 C:/xampp5/htdocs/Project_SIMRS/mediscare/vendor/laravel/framework/src/Illuminate/Foundation/Http/Kernel.php(145): Illuminate/Foundation/Http/Kernel->sendRequestThroughRouter()
#73 C:/xampp5/htdocs/Project_SIMRS/mediscare/vendor/laravel/framework/src/Illuminate/Foundation/Testing/Concerns/MakesHttpRequests.php(607): Illuminate/Foundation/Http/Kernel->handle()
#74 C:/xampp5/htdocs/Project_SIMRS/mediscare/vendor/laravel/framework/src/Illuminate/Foundation/Testing/Concerns/MakesHttpRequests.php(397): Illuminate/Foundation/Testing/TestCase->call()
#75 C:/xampp5/htdocs/Project_SIMRS/mediscare/tests/Feature/RegistrationAndQueueTest.php(42): Illuminate/Foundation/Testing/TestCase->post()
#76 C:/xampp5/htdocs/Project_SIMRS/mediscare/vendor/phpunit/phpunit/src/Framework/TestCase.php(1667): Tests/Feature/RegistrationAndQueueTest->test_registering_existing_patient_generates_sequential_queue_numbers()
#77 C:/xampp5/htdocs/Project_SIMRS/mediscare/vendor/phpunit/phpunit/src/Framework/TestCase.php(519): PHPUnit/Framework/TestCase->runTest()
#78 C:/xampp5/htdocs/Project_SIMRS/mediscare/vendor/phpunit/phpunit/src/Framework/TestRunner/TestRunner.php(87): PHPUnit/Framework/TestCase->runBare()
#79 C:/xampp5/htdocs/Project_SIMRS/mediscare/vendor/phpunit/phpunit/src/Framework/TestCase.php(365): PHPUnit/Framework/TestRunner->run()
#80 C:/xampp5/htdocs/Project_SIMRS/mediscare/vendor/phpunit/phpunit/src/Framework/TestSuite.php(369): PHPUnit/Framework/TestCase->run()
#81 C:/xampp5/htdocs/Project_SIMRS/mediscare/vendor/phpunit/phpunit/src/Framework/TestSuite.php(369): PHPUnit/Framework/TestSuite->run()
#82 C:/xampp5/htdocs/Project_SIMRS/mediscare/vendor/phpunit/phpunit/src/Framework/TestSuite.php(369): PHPUnit/Framework/TestSuite->run()
#83 C:/xampp5/htdocs/Project_SIMRS/mediscare/vendor/phpunit/phpunit/src/TextUI/TestRunner.php(64): PHPUnit/Framework/TestSuite->run()
#84 C:/xampp5/htdocs/Project_SIMRS/mediscare/vendor/phpunit/phpunit/src/TextUI/Application.php(211): PHPUnit/TextUI/TestRunner->run()
#85 C:/xampp5/htdocs/Project_SIMRS/mediscare/vendor/phpunit/phpunit/phpunit(104): PHPUnit/TextUI/Application->run()
#86 {main}
"} 
[2026-09-11 15:24:01] local.ERROR: Vite manifest not found at: C:\xampp5\htdocs\Project_SIMRS\mediscare\public\build/manifest.json (View: C:\xampp5\htdocs\Project_SIMRS\mediscare\resources\views\components\layouts\guest.blade.php) (View: C:\xampp5\htdocs\Project_SIMRS\mediscare\resources\views\components\layouts\guest.blade.php) {"exception":"[object] (Illuminate\\View\\ViewException(code: 0): Vite manifest not found at: C:\\xampp5\\htdocs\\Project_SIMRS\\mediscare\\public\\build/manifest.json (View: C:\\xampp5\\htdocs\\Project_SIMRS\\mediscare\\resources\\views\\components\\layouts\\guest.blade.php) (View: C:\\xampp5\\htdocs\\Project_SIMRS\\mediscare\\resources\\views\\components\\layouts\\guest.blade.php) at C:/xampp5/htdocs/Project_SIMRS/mediscare/vendor/laravel/framework/src/Illuminate/Foundation/Vite.php:934)
[stacktrace]
#0 C:/xampp5/htdocs/Project_SIMRS/mediscare/vendor/laravel/framework/src/Illuminate/View/Engines/PhpEngine.php(60): Illuminate/View/Engines/CompilerEngine->handleViewException()
#1 C:/xampp5/htdocs/Project_SIMRS/mediscare/vendor/laravel/framework/src/Illuminate/View/Engines/CompilerEngine.php(75): Illuminate/View/Engines/PhpEngine->evaluatePath()
#2 C:/xampp5/htdocs/Project_SIMRS/mediscare/vendor/laravel/framework/src/Illuminate/View/View.php(209): Illuminate/View/Engines/CompilerEngine->get()
#3 C:/xampp5/htdocs/Project_SIMRS/mediscare/vendor/laravel/framework/src/Illuminate/View/View.php(192): Illuminate/View/View->getContents()
#4 C:/xampp5/htdocs/Project_SIMRS/mediscare/vendor/laravel/framework/src/Illuminate/View/View.php(161): Illuminate/View/View->renderContents()
#5 C:/xampp5/htdocs/Project_SIMRS/mediscare/vendor/laravel/framework/src/Illuminate/Http/Response.php(79): Illuminate/View/View->render()
#6 C:/xampp5/htdocs/Project_SIMRS/mediscare/vendor/laravel/framework/src/Illuminate/Http/Response.php(35): Illuminate/Http/Response->setContent()
#7 C:/xampp5/htdocs/Project_SIMRS/mediscare/vendor/laravel/framework/src/Illuminate/Routing/Router.php(920): Illuminate/Http/Response->__construct()
#8 C:/xampp5/htdocs/Project_SIMRS/mediscare/vendor/laravel/framework/src/Illuminate/Routing/Router.php(887): Illuminate/Routing/Router::toResponse()
#9 C:/xampp5/htdocs/Project_SIMRS/mediscare/vendor/laravel/framework/src/Illuminate/Routing/Router.php(807): Illuminate/Routing/Router->prepareResponse()
#10 C:/xampp5/htdocs/Project_SIMRS/mediscare/vendor/laravel/framework/src/Illuminate/Pipeline/Pipeline.php(170): Illuminate/Routing/Router->{closure:Illuminate/Routing/Router::runRouteWithinStack():807}()
#11 C:/xampp5/htdocs/Project_SIMRS/mediscare/vendor/laravel/framework/src/Illuminate/Auth/Middleware/RedirectIfAuthenticated.php(35): Illuminate/Pipeline/Pipeline->{closure:Illuminate/Pipeline/Pipeline::prepareDestination():168}()
#12 C:/xampp5/htdocs/Project_SIMRS/mediscare/vendor/laravel/framework/src/Illuminate/Pipeline/Pipeline.php(209): Illuminate/Auth/Middleware/RedirectIfAuthenticated->handle()
#13 C:/xampp5/htdocs/Project_SIMRS/mediscare/vendor/laravel/framework/src/Illuminate/Routing/Middleware/SubstituteBindings.php(51): Illuminate/Pipeline/Pipeline->{closure:{closure:Illuminate/Pipeline/Pipeline::carry():184}:185}()
#14 C:/xampp5/htdocs/Project_SIMRS/mediscare/vendor/laravel/framework/src/Illuminate/Pipeline/Pipeline.php(209): Illuminate/Routing/Middleware/SubstituteBindings->handle()
#15 C:/xampp5/htdocs/Project_SIMRS/mediscare/vendor/laravel/framework/src/Illuminate/Foundation/Http/Middleware/VerifyCsrfToken.php(88): Illuminate/Pipeline/Pipeline->{closure:{closure:Illuminate/Pipeline/Pipeline::carry():184}:185}()
#16 C:/xampp5/htdocs/Project_SIMRS/mediscare/vendor/laravel/framework/src/Illuminate/Pipeline/Pipeline.php(209): Illuminate/Foundation/Http/Middleware/VerifyCsrfToken->handle()
#17 C:/xampp5/htdocs/Project_SIMRS/mediscare/vendor/laravel/framework/src/Illuminate/View/Middleware/ShareErrorsFromSession.php(49): Illuminate/Pipeline/Pipeline->{closure:{closure:Illuminate/Pipeline/Pipeline::carry():184}:185}()
#18 C:/xampp5/htdocs/Project_SIMRS/mediscare/vendor/laravel/framework/src/Illuminate/Pipeline/Pipeline.php(209): Illuminate/View/Middleware/ShareErrorsFromSession->handle()
#19 C:/xampp5/htdocs/Project_SIMRS/mediscare/vendor/laravel/framework/src/Illuminate/Session/Middleware/StartSession.php(121): Illuminate/Pipeline/Pipeline->{closure:{closure:Illuminate/Pipeline/Pipeline::carry():184}:185}()
#20 C:/xampp5/htdocs/Project_SIMRS/mediscare/vendor/laravel/framework/src/Illuminate/Session/Middleware/StartSession.php(64): Illuminate/Session/Middleware/StartSession->handleStatefulRequest()
#21 C:/xampp5/htdocs/Project_SIMRS/mediscare/vendor/laravel/framework/src/Illuminate/Pipeline/Pipeline.php(209): Illuminate/Session/Middleware/StartSession->handle()
#22 C:/xampp5/htdocs/Project_SIMRS/mediscare/vendor/laravel/framework/src/Illuminate/Cookie/Middleware/AddQueuedCookiesToResponse.php(37): Illuminate/Pipeline/Pipeline->{closure:{closure:Illuminate/Pipeline/Pipeline::carry():184}:185}()
#23 C:/xampp5/htdocs/Project_SIMRS/mediscare/vendor/laravel/framework/src/Illuminate/Pipeline/Pipeline.php(209): Illuminate/Cookie/Middleware/AddQueuedCookiesToResponse->handle()
#24 C:/xampp5/htdocs/Project_SIMRS/mediscare/vendor/laravel/framework/src/Illuminate/Cookie/Middleware/EncryptCookies.php(75): Illuminate/Pipeline/Pipeline->{closure:{closure:Illuminate/Pipeline/Pipeline::carry():184}:185}()
#25 C:/xampp5/htdocs/Project_SIMRS/mediscare/vendor/laravel/framework/src/Illuminate/Pipeline/Pipeline.php(209): Illuminate/Cookie/Middleware/EncryptCookies->handle()
#26 C:/xampp5/htdocs/Project_SIMRS/mediscare/vendor/laravel/framework/src/Illuminate/Pipeline/Pipeline.php(127): Illuminate/Pipeline/Pipeline->{closure:{closure:Illuminate/Pipeline/Pipeline::carry():184}:185}()
#27 C:/xampp5/htdocs/Project_SIMRS/mediscare/vendor/laravel/framework/src/Illuminate/Routing/Router.php(807): Illuminate/Pipeline/Pipeline->then()
#28 C:/xampp5/htdocs/Project_SIMRS/mediscare/vendor/laravel/framework/src/Illuminate/Routing/Router.php(786): Illuminate/Routing/Router->runRouteWithinStack()
#29 C:/xampp5/htdocs/Project_SIMRS/mediscare/vendor/laravel/framework/src/Illuminate/Routing/Router.php(750): Illuminate/Routing/Router->runRoute()
#30 C:/xampp5/htdocs/Project_SIMRS/mediscare/vendor/laravel/framework/src/Illuminate/Routing/Router.php(739): Illuminate/Routing/Router->dispatchToRoute()
#31 C:/xampp5/htdocs/Project_SIMRS/mediscare/vendor/laravel/framework/src/Illuminate/Foundation/Http/Kernel.php(201): Illuminate/Routing/Router->dispatch()
#32 C:/xampp5/htdocs/Project_SIMRS/mediscare/vendor/laravel/framework/src/Illuminate/Pipeline/Pipeline.php(170): Illuminate/Foundation/Http/Kernel->{closure:Illuminate/Foundation/Http/Kernel::dispatchToRouter():198}()
#33 C:/xampp5/htdocs/Project_SIMRS/mediscare/vendor/laravel/framework/src/Illuminate/Foundation/Http/Middleware/TransformsRequest.php(21): Illuminate/Pipeline/Pipeline->{closure:Illuminate/Pipeline/Pipeline::prepareDestination():168}()
#34 C:/xampp5/htdocs/Project_SIMRS/mediscare/vendor/laravel/framework/src/Illuminate/Foundation/Http/Middleware/ConvertEmptyStringsToNull.php(31): Illuminate/Foundation/Http/Middleware/TransformsRequest->handle()
#35 C:/xampp5/htdocs/Project_SIMRS/mediscare/vendor/laravel/framework/src/Illuminate/Pipeline/Pipeline.php(209): Illuminate/Foundation/Http/Middleware/ConvertEmptyStringsToNull->handle()
#36 C:/xampp5/htdocs/Project_SIMRS/mediscare/vendor/laravel/framework/src/Illuminate/Foundation/Http/Middleware/TransformsRequest.php(21): Illuminate/Pipeline/Pipeline->{closure:{closure:Illuminate/Pipeline/Pipeline::carry():184}:185}()
#37 C:/xampp5/htdocs/Project_SIMRS/mediscare/vendor/laravel/framework/src/Illuminate/Foundation/Http/Middleware/TrimStrings.php(51): Illuminate/Foundation/Http/Middleware/TransformsRequest->handle()
#38 C:/xampp5/htdocs/Project_SIMRS/mediscare/vendor/laravel/framework/src/Illuminate/Pipeline/Pipeline.php(209): Illuminate/Foundation/Http/Middleware/TrimStrings->handle()
#39 C:/xampp5/htdocs/Project_SIMRS/mediscare/vendor/laravel/framework/src/Illuminate/Http/Middleware/ValidatePostSize.php(27): Illuminate/Pipeline/Pipeline->{closure:{closure:Illuminate/Pipeline/Pipeline::carry():184}:185}()
#40 C:/xampp5/htdocs/Project_SIMRS/mediscare/vendor/laravel/framework/src/Illuminate/Pipeline/Pipeline.php(209): Illuminate/Http/Middleware/ValidatePostSize->handle()
#41 C:/xampp5/htdocs/Project_SIMRS/mediscare/vendor/laravel/framework/src/Illuminate/Foundation/Http/Middleware/PreventRequestsDuringMaintenance.php(110): Illuminate/Pipeline/Pipeline->{closure:{closure:Illuminate/Pipeline/Pipeline::carry():184}:185}()
#42 C:/xampp5/htdocs/Project_SIMRS/mediscare/vendor/laravel/framework/src/Illuminate/Pipeline/Pipeline.php(209): Illuminate/Foundation/Http/Middleware/PreventRequestsDuringMaintenance->handle()
#43 C:/xampp5/htdocs/Project_SIMRS/mediscare/vendor/laravel/framework/src/Illuminate/Http/Middleware/HandleCors.php(49): Illuminate/Pipeline/Pipeline->{closure:{closure:Illuminate/Pipeline/Pipeline::carry():184}:185}()
#44 C:/xampp5/htdocs/Project_SIMRS/mediscare/vendor/laravel/framework/src/Illuminate/Pipeline/Pipeline.php(209): Illuminate/Http/Middleware/HandleCors->handle()
#45 C:/xampp5/htdocs/Project_SIMRS/mediscare/vendor/laravel/framework/src/Illuminate/Http/Middleware/TrustProxies.php(58): Illuminate/Pipeline/Pipeline->{closure:{closure:Illuminate/Pipeline/Pipeline::carry():184}:185}()
#46 C:/xampp5/htdocs/Project_SIMRS/mediscare/vendor/laravel/framework/src/Illuminate/Pipeline/Pipeline.php(209): Illuminate/Http/Middleware/TrustProxies->handle()
#47 C:/xampp5/htdocs/Project_SIMRS/mediscare/vendor/laravel/framework/src/Illuminate/Foundation/Http/Middleware/InvokeDeferredCallbacks.php(22): Illuminate/Pipeline/Pipeline->{closure:{closure:Illuminate/Pipeline/Pipeline::carry():184}:185}()
#48 C:/xampp5/htdocs/Project_SIMRS/mediscare/vendor/laravel/framework/src/Illuminate/Pipeline/Pipeline.php(209): Illuminate/Foundation/Http/Middleware/InvokeDeferredCallbacks->handle()
#49 C:/xampp5/htdocs/Project_SIMRS/mediscare/vendor/laravel/framework/src/Illuminate/Pipeline/Pipeline.php(127): Illuminate/Pipeline/Pipeline->{closure:{closure:Illuminate/Pipeline/Pipeline::carry():184}:185}()
#50 C:/xampp5/htdocs/Project_SIMRS/mediscare/vendor/laravel/framework/src/Illuminate/Foundation/Http/Kernel.php(176): Illuminate/Pipeline/Pipeline->then()
#51 C:/xampp5/htdocs/Project_SIMRS/mediscare/vendor/laravel/framework/src/Illuminate/Foundation/Http/Kernel.php(145): Illuminate/Foundation/Http/Kernel->sendRequestThroughRouter()
#52 C:/xampp5/htdocs/Project_SIMRS/mediscare/vendor/laravel/framework/src/Illuminate/Foundation/Application.php(1220): Illuminate/Foundation/Http/Kernel->handle()
#53 C:/xampp5/htdocs/Project_SIMRS/mediscare/public/index.php(17): Illuminate/Foundation/Application->handleRequest()
#54 C:/xampp5/htdocs/Project_SIMRS/mediscare/vendor/laravel/framework/src/Illuminate/Foundation/resources/server.php(23): require_once('...')
#55 {main}

[previous exception] [object] (Illuminate\\View\\ViewException(code: 0): Vite manifest not found at: C:\\xampp5\\htdocs\\Project_SIMRS\\mediscare\\public\\build/manifest.json (View: C:\\xampp5\\htdocs\\Project_SIMRS\\mediscare\\resources\\views\\components\\layouts\\guest.blade.php) at C:/xampp5/htdocs/Project_SIMRS/mediscare/vendor/laravel/framework/src/Illuminate/Foundation/Vite.php:934)
[stacktrace]
#0 C:/xampp5/htdocs/Project_SIMRS/mediscare/vendor/laravel/framework/src/Illuminate/View/Engines/PhpEngine.php(60): Illuminate/View/Engines/CompilerEngine->handleViewException()
#1 C:/xampp5/htdocs/Project_SIMRS/mediscare/vendor/laravel/framework/src/Illuminate/View/Engines/CompilerEngine.php(75): Illuminate/View/Engines/PhpEngine->evaluatePath()
#2 C:/xampp5/htdocs/Project_SIMRS/mediscare/vendor/laravel/framework/src/Illuminate/View/View.php(209): Illuminate/View/Engines/CompilerEngine->get()
#3 C:/xampp5/htdocs/Project_SIMRS/mediscare/vendor/laravel/framework/src/Illuminate/View/View.php(192): Illuminate/View/View->getContents()
#4 C:/xampp5/htdocs/Project_SIMRS/mediscare/vendor/laravel/framework/src/Illuminate/View/View.php(161): Illuminate/View/View->renderContents()
#5 C:/xampp5/htdocs/Project_SIMRS/mediscare/vendor/laravel/framework/src/Illuminate/View/Concerns/ManagesComponents.php(103): Illuminate/View/View->render()
#6 C:/xampp5/htdocs/Project_SIMRS/mediscare/storage/framework/views/7323ee8176da48975ef9291a412cb58d.php(48): Illuminate/View/Factory->renderComponent()
#7 C:/xampp5/htdocs/Project_SIMRS/mediscare/vendor/laravel/framework/src/Illuminate/Filesystem/Filesystem.php(123): require('...')
#8 C:/xampp5/htdocs/Project_SIMRS/mediscare/vendor/laravel/framework/src/Illuminate/Filesystem/Filesystem.php(124): Illuminate/Filesystem/Filesystem::{closure:Illuminate/Filesystem/Filesystem::getRequire():120}()
#9 C:/xampp5/htdocs/Project_SIMRS/mediscare/vendor/laravel/framework/src/Illuminate/View/Engines/PhpEngine.php(58): Illuminate/Filesystem/Filesystem->getRequire()
#10 C:/xampp5/htdocs/Project_SIMRS/mediscare/vendor/laravel/framework/src/Illuminate/View/Engines/CompilerEngine.php(75): Illuminate/View/Engines/PhpEngine->evaluatePath()
#11 C:/xampp5/htdocs/Project_SIMRS/mediscare/vendor/laravel/framework/src/Illuminate/View/View.php(209): Illuminate/View/Engines/CompilerEngine->get()
#12 C:/xampp5/htdocs/Project_SIMRS/mediscare/vendor/laravel/framework/src/Illuminate/View/View.php(192): Illuminate/View/View->getContents()
#13 C:/xampp5/htdocs/Project_SIMRS/mediscare/vendor/laravel/framework/src/Illuminate/View/View.php(161): Illuminate/View/View->renderContents()
#14 C:/xampp5/htdocs/Project_SIMRS/mediscare/vendor/laravel/framework/src/Illuminate/Http/Response.php(79): Illuminate/View/View->render()
#15 C:/xampp5/htdocs/Project_SIMRS/mediscare/vendor/laravel/framework/src/Illuminate/Http/Response.php(35): Illuminate/Http/Response->setContent()
#16 C:/xampp5/htdocs/Project_SIMRS/mediscare/vendor/laravel/framework/src/Illuminate/Routing/Router.php(920): Illuminate/Http/Response->__construct()
#17 C:/xampp5/htdocs/Project_SIMRS/mediscare/vendor/laravel/framework/src/Illuminate/Routing/Router.php(887): Illuminate/Routing/Router::toResponse()
#18 C:/xampp5/htdocs/Project_SIMRS/mediscare/vendor/laravel/framework/src/Illuminate/Routing/Router.php(807): Illuminate/Routing/Router->prepareResponse()
#19 C:/xampp5/htdocs/Project_SIMRS/mediscare/vendor/laravel/framework/src/Illuminate/Pipeline/Pipeline.php(170): Illuminate/Routing/Router->{closure:Illuminate/Routing/Router::runRouteWithinStack():807}()
#20 C:/xampp5/htdocs/Project_SIMRS/mediscare/vendor/laravel/framework/src/Illuminate/Auth/Middleware/RedirectIfAuthenticated.php(35): Illuminate/Pipeline/Pipeline->{closure:Illuminate/Pipeline/Pipeline::prepareDestination():168}()
#21 C:/xampp5/htdocs/Project_SIMRS/mediscare/vendor/laravel/framework/src/Illuminate/Pipeline/Pipeline.php(209): Illuminate/Auth/Middleware/RedirectIfAuthenticated->handle()
#22 C:/xampp5/htdocs/Project_SIMRS/mediscare/vendor/laravel/framework/src/Illuminate/Routing/Middleware/SubstituteBindings.php(51): Illuminate/Pipeline/Pipeline->{closure:{closure:Illuminate/Pipeline/Pipeline::carry():184}:185}()
#23 C:/xampp5/htdocs/Project_SIMRS/mediscare/vendor/laravel/framework/src/Illuminate/Pipeline/Pipeline.php(209): Illuminate/Routing/Middleware/SubstituteBindings->handle()
#24 C:/xampp5/htdocs/Project_SIMRS/mediscare/vendor/laravel/framework/src/Illuminate/Foundation/Http/Middleware/VerifyCsrfToken.php(88): Illuminate/Pipeline/Pipeline->{closure:{closure:Illuminate/Pipeline/Pipeline::carry():184}:185}()
#25 C:/xampp5/htdocs/Project_SIMRS/mediscare/vendor/laravel/framework/src/Illuminate/Pipeline/Pipeline.php(209): Illuminate/Foundation/Http/Middleware/VerifyCsrfToken->handle()
#26 C:/xampp5/htdocs/Project_SIMRS/mediscare/vendor/laravel/framework/src/Illuminate/View/Middleware/ShareErrorsFromSession.php(49): Illuminate/Pipeline/Pipeline->{closure:{closure:Illuminate/Pipeline/Pipeline::carry():184}:185}()
#27 C:/xampp5/htdocs/Project_SIMRS/mediscare/vendor/laravel/framework/src/Illuminate/Pipeline/Pipeline.php(209): Illuminate/View/Middleware/ShareErrorsFromSession->handle()
#28 C:/xampp5/htdocs/Project_SIMRS/mediscare/vendor/laravel/framework/src/Illuminate/Session/Middleware/StartSession.php(121): Illuminate/Pipeline/Pipeline->{closure:{closure:Illuminate/Pipeline/Pipeline::carry():184}:185}()
#29 C:/xampp5/htdocs/Project_SIMRS/mediscare/vendor/laravel/framework/src/Illuminate/Session/Middleware/StartSession.php(64): Illuminate/Session/Middleware/StartSession->handleStatefulRequest()
#30 C:/xampp5/htdocs/Project_SIMRS/mediscare/vendor/laravel/framework/src/Illuminate/Pipeline/Pipeline.php(209): Illuminate/Session/Middleware/StartSession->handle()
#31 C:/xampp5/htdocs/Project_SIMRS/mediscare/vendor/laravel/framework/src/Illuminate/Cookie/Middleware/AddQueuedCookiesToResponse.php(37): Illuminate/Pipeline/Pipeline->{closure:{closure:Illuminate/Pipeline/Pipeline::carry():184}:185}()
#32 C:/xampp5/htdocs/Project_SIMRS/mediscare/vendor/laravel/framework/src/Illuminate/Pipeline/Pipeline.php(209): Illuminate/Cookie/Middleware/AddQueuedCookiesToResponse->handle()
#33 C:/xampp5/htdocs/Project_SIMRS/mediscare/vendor/laravel/framework/src/Illuminate/Cookie/Middleware/EncryptCookies.php(75): Illuminate/Pipeline/Pipeline->{closure:{closure:Illuminate/Pipeline/Pipeline::carry():184}:185}()
#34 C:/xampp5/htdocs/Project_SIMRS/mediscare/vendor/laravel/framework/src/Illuminate/Pipeline/Pipeline.php(209): Illuminate/Cookie/Middleware/EncryptCookies->handle()
#35 C:/xampp5/htdocs/Project_SIMRS/mediscare/vendor/laravel/framework/src/Illuminate/Pipeline/Pipeline.php(127): Illuminate/Pipeline/Pipeline->{closure:{closure:Illuminate/Pipeline/Pipeline::carry():184}:185}()
#36 C:/xampp5/htdocs/Project_SIMRS/mediscare/vendor/laravel/framework/src/Illuminate/Routing/Router.php(807): Illuminate/Pipeline/Pipeline->then()
#37 C:/xampp5/htdocs/Project_SIMRS/mediscare/vendor/laravel/framework/src/Illuminate/Routing/Router.php(786): Illuminate/Routing/Router->runRouteWithinStack()
#38 C:/xampp5/htdocs/Project_SIMRS/mediscare/vendor/laravel/framework/src/Illuminate/Routing/Router.php(750): Illuminate/Routing/Router->runRoute()
#39 C:/xampp5/htdocs/Project_SIMRS/mediscare/vendor/laravel/framework/src/Illuminate/Routing/Router.php(739): Illuminate/Routing/Router->dispatchToRoute()
#40 C:/xampp5/htdocs/Project_SIMRS/mediscare/vendor/laravel/framework/src/Illuminate/Foundation/Http/Kernel.php(201): Illuminate/Routing/Router->dispatch()
#41 C:/xampp5/htdocs/Project_SIMRS/mediscare/vendor/laravel/framework/src/Illuminate/Pipeline/Pipeline.php(170): Illuminate/Foundation/Http/Kernel->{closure:Illuminate/Foundation/Http/Kernel::dispatchToRouter():198}()
#42 C:/xampp5/htdocs/Project_SIMRS/mediscare/vendor/laravel/framework/src/Illuminate/Foundation/Http/Middleware/TransformsRequest.php(21): Illuminate/Pipeline/Pipeline->{closure:Illuminate/Pipeline/Pipeline::prepareDestination():168}()
#43 C:/xampp5/htdocs/Project_SIMRS/mediscare/vendor/laravel/framework/src/Illuminate/Foundation/Http/Middleware/ConvertEmptyStringsToNull.php(31): Illuminate/Foundation/Http/Middleware/TransformsRequest->handle()
#44 C:/xampp5/htdocs/Project_SIMRS/mediscare/vendor/laravel/framework/src/Illuminate/Pipeline/Pipeline.php(209): Illuminate/Foundation/Http/Middleware/ConvertEmptyStringsToNull->handle()
#45 C:/xampp5/htdocs/Project_SIMRS/mediscare/vendor/laravel/framework/src/Illuminate/Foundation/Http/Middleware/TransformsRequest.php(21): Illuminate/Pipeline/Pipeline->{closure:{closure:Illuminate/Pipeline/Pipeline::carry():184}:185}()
#46 C:/xampp5/htdocs/Project_SIMRS/mediscare/vendor/laravel/framework/src/Illuminate/Foundation/Http/Middleware/TrimStrings.php(51): Illuminate/Foundation/Http/Middleware/TransformsRequest->handle()
#47 C:/xampp5/htdocs/Project_SIMRS/mediscare/vendor/laravel/framework/src/Illuminate/Pipeline/Pipeline.php(209): Illuminate/Foundation/Http/Middleware/TrimStrings->handle()
#48 C:/xampp5/htdocs/Project_SIMRS/mediscare/vendor/laravel/framework/src/Illuminate/Http/Middleware/ValidatePostSize.php(27): Illuminate/Pipeline/Pipeline->{closure:{closure:Illuminate/Pipeline/Pipeline::carry():184}:185}()
#49 C:/xampp5/htdocs/Project_SIMRS/mediscare/vendor/laravel/framework/src/Illuminate/Pipeline/Pipeline.php(209): Illuminate/Http/Middleware/ValidatePostSize->handle()
#50 C:/xampp5/htdocs/Project_SIMRS/mediscare/vendor/laravel/framework/src/Illuminate/Foundation/Http/Middleware/PreventRequestsDuringMaintenance.php(110): Illuminate/Pipeline/Pipeline->{closure:{closure:Illuminate/Pipeline/Pipeline::carry():184}:185}()
#51 C:/xampp5/htdocs/Project_SIMRS/mediscare/vendor/laravel/framework/src/Illuminate/Pipeline/Pipeline.php(209): Illuminate/Foundation/Http/Middleware/PreventRequestsDuringMaintenance->handle()
#52 C:/xampp5/htdocs/Project_SIMRS/mediscare/vendor/laravel/framework/src/Illuminate/Http/Middleware/HandleCors.php(49): Illuminate/Pipeline/Pipeline->{closure:{closure:Illuminate/Pipeline/Pipeline::carry():184}:185}()
#53 C:/xampp5/htdocs/Project_SIMRS/mediscare/vendor/laravel/framework/src/Illuminate/Pipeline/Pipeline.php(209): Illuminate/Http/Middleware/HandleCors->handle()
#54 C:/xampp5/htdocs/Project_SIMRS/mediscare/vendor/laravel/framework/src/Illuminate/Http/Middleware/TrustProxies.php(58): Illuminate/Pipeline/Pipeline->{closure:{closure:Illuminate/Pipeline/Pipeline::carry():184}:185}()
#55 C:/xampp5/htdocs/Project_SIMRS/mediscare/vendor/laravel/framework/src/Illuminate/Pipeline/Pipeline.php(209): Illuminate/Http/Middleware/TrustProxies->handle()
#56 C:/xampp5/htdocs/Project_SIMRS/mediscare/vendor/laravel/framework/src/Illuminate/Foundation/Http/Middleware/InvokeDeferredCallbacks.php(22): Illuminate/Pipeline/Pipeline->{closure:{closure:Illuminate/Pipeline/Pipeline::carry():184}:185}()
#57 C:/xampp5/htdocs/Project_SIMRS/mediscare/vendor/laravel/framework/src/Illuminate/Pipeline/Pipeline.php(209): Illuminate/Foundation/Http/Middleware/InvokeDeferredCallbacks->handle()
#58 C:/xampp5/htdocs/Project_SIMRS/mediscare/vendor/laravel/framework/src/Illuminate/Pipeline/Pipeline.php(127): Illuminate/Pipeline/Pipeline->{closure:{closure:Illuminate/Pipeline/Pipeline::carry():184}:185}()
#59 C:/xampp5/htdocs/Project_SIMRS/mediscare/vendor/laravel/framework/src/Illuminate/Foundation/Http/Kernel.php(176): Illuminate/Pipeline/Pipeline->then()
#60 C:/xampp5/htdocs/Project_SIMRS/mediscare/vendor/laravel/framework/src/Illuminate/Foundation/Http/Kernel.php(145): Illuminate/Foundation/Http/Kernel->sendRequestThroughRouter()
#61 C:/xampp5/htdocs/Project_SIMRS/mediscare/vendor/laravel/framework/src/Illuminate/Foundation/Application.php(1220): Illuminate/Foundation/Http/Kernel->handle()
#62 C:/xampp5/htdocs/Project_SIMRS/mediscare/public/index.php(17): Illuminate/Foundation/Application->handleRequest()
#63 C:/xampp5/htdocs/Project_SIMRS/mediscare/vendor/laravel/framework/src/Illuminate/Foundation/resources/server.php(23): require_once('...')
#64 {main}

[previous exception] [object] (Illuminate\\Foundation\\ViteManifestNotFoundException(code: 0): Vite manifest not found at: C:\\xampp5\\htdocs\\Project_SIMRS\\mediscare\\public\\build/manifest.json at C:/xampp5/htdocs/Project_SIMRS/mediscare/vendor/laravel/framework/src/Illuminate/Foundation/Vite.php:934)
[stacktrace]
#0 C:/xampp5/htdocs/Project_SIMRS/mediscare/vendor/laravel/framework/src/Illuminate/Foundation/Vite.php(384): Illuminate/Foundation/Vite->manifest()
#1 C:/xampp5/htdocs/Project_SIMRS/mediscare/storage/framework/views/7358c2c26c99da99ae31173bb12e9b73.php(12): Illuminate/Foundation/Vite->__invoke()
#2 C:/xampp5/htdocs/Project_SIMRS/mediscare/vendor/laravel/framework/src/Illuminate/Filesystem/Filesystem.php(123): require('...')
#3 C:/xampp5/htdocs/Project_SIMRS/mediscare/vendor/laravel/framework/src/Illuminate/Filesystem/Filesystem.php(124): Illuminate/Filesystem/Filesystem::{closure:Illuminate/Filesystem/Filesystem::getRequire():120}()
#4 C:/xampp5/htdocs/Project_SIMRS/mediscare/vendor/laravel/framework/src/Illuminate/View/Engines/PhpEngine.php(58): Illuminate/Filesystem/Filesystem->getRequire()
#5 C:/xampp5/htdocs/Project_SIMRS/mediscare/vendor/laravel/framework/src/Illuminate/View/Engines/CompilerEngine.php(75): Illuminate/View/Engines/PhpEngine->evaluatePath()
#6 C:/xampp5/htdocs/Project_SIMRS/mediscare/vendor/laravel/framework/src/Illuminate/View/View.php(209): Illuminate/View/Engines/CompilerEngine->get()
#7 C:/xampp5/htdocs/Project_SIMRS/mediscare/vendor/laravel/framework/src/Illuminate/View/View.php(192): Illuminate/View/View->getContents()
#8 C:/xampp5/htdocs/Project_SIMRS/mediscare/vendor/laravel/framework/src/Illuminate/View/View.php(161): Illuminate/View/View->renderContents()
#9 C:/xampp5/htdocs/Project_SIMRS/mediscare/vendor/laravel/framework/src/Illuminate/View/Concerns/ManagesComponents.php(103): Illuminate/View/View->render()
#10 C:/xampp5/htdocs/Project_SIMRS/mediscare/storage/framework/views/7323ee8176da48975ef9291a412cb58d.php(48): Illuminate/View/Factory->renderComponent()
#11 C:/xampp5/htdocs/Project_SIMRS/mediscare/vendor/laravel/framework/src/Illuminate/Filesystem/Filesystem.php(123): require('...')
#12 C:/xampp5/htdocs/Project_SIMRS/mediscare/vendor/laravel/framework/src/Illuminate/Filesystem/Filesystem.php(124): Illuminate/Filesystem/Filesystem::{closure:Illuminate/Filesystem/Filesystem::getRequire():120}()
#13 C:/xampp5/htdocs/Project_SIMRS/mediscare/vendor/laravel/framework/src/Illuminate/View/Engines/PhpEngine.php(58): Illuminate/Filesystem/Filesystem->getRequire()
#14 C:/xampp5/htdocs/Project_SIMRS/mediscare/vendor/laravel/framework/src/Illuminate/View/Engines/CompilerEngine.php(75): Illuminate/View/Engines/PhpEngine->evaluatePath()
#15 C:/xampp5/htdocs/Project_SIMRS/mediscare/vendor/laravel/framework/src/Illuminate/View/View.php(209): Illuminate/View/Engines/CompilerEngine->get()
#16 C:/xampp5/htdocs/Project_SIMRS/mediscare/vendor/laravel/framework/src/Illuminate/View/View.php(192): Illuminate/View/View->getContents()
#17 C:/xampp5/htdocs/Project_SIMRS/mediscare/vendor/laravel/framework/src/Illuminate/View/View.php(161): Illuminate/View/View->renderContents()
#18 C:/xampp5/htdocs/Project_SIMRS/mediscare/vendor/laravel/framework/src/Illuminate/Http/Response.php(79): Illuminate/View/View->render()
#19 C:/xampp5/htdocs/Project_SIMRS/mediscare/vendor/laravel/framework/src/Illuminate/Http/Response.php(35): Illuminate/Http/Response->setContent()
#20 C:/xampp5/htdocs/Project_SIMRS/mediscare/vendor/laravel/framework/src/Illuminate/Routing/Router.php(920): Illuminate/Http/Response->__construct()
#21 C:/xampp5/htdocs/Project_SIMRS/mediscare/vendor/laravel/framework/src/Illuminate/Routing/Router.php(887): Illuminate/Routing/Router::toResponse()
#22 C:/xampp5/htdocs/Project_SIMRS/mediscare/vendor/laravel/framework/src/Illuminate/Routing/Router.php(807): Illuminate/Routing/Router->prepareResponse()
#23 C:/xampp5/htdocs/Project_SIMRS/mediscare/vendor/laravel/framework/src/Illuminate/Pipeline/Pipeline.php(170): Illuminate/Routing/Router->{closure:Illuminate/Routing/Router::runRouteWithinStack():807}()
#24 C:/xampp5/htdocs/Project_SIMRS/mediscare/vendor/laravel/framework/src/Illuminate/Auth/Middleware/RedirectIfAuthenticated.php(35): Illuminate/Pipeline/Pipeline->{closure:Illuminate/Pipeline/Pipeline::prepareDestination():168}()
#25 C:/xampp5/htdocs/Project_SIMRS/mediscare/vendor/laravel/framework/src/Illuminate/Pipeline/Pipeline.php(209): Illuminate/Auth/Middleware/RedirectIfAuthenticated->handle()
#26 C:/xampp5/htdocs/Project_SIMRS/mediscare/vendor/laravel/framework/src/Illuminate/Routing/Middleware/SubstituteBindings.php(51): Illuminate/Pipeline/Pipeline->{closure:{closure:Illuminate/Pipeline/Pipeline::carry():184}:185}()
#27 C:/xampp5/htdocs/Project_SIMRS/mediscare/vendor/laravel/framework/src/Illuminate/Pipeline/Pipeline.php(209): Illuminate/Routing/Middleware/SubstituteBindings->handle()
#28 C:/xampp5/htdocs/Project_SIMRS/mediscare/vendor/laravel/framework/src/Illuminate/Foundation/Http/Middleware/VerifyCsrfToken.php(88): Illuminate/Pipeline/Pipeline->{closure:{closure:Illuminate/Pipeline/Pipeline::carry():184}:185}()
#29 C:/xampp5/htdocs/Project_SIMRS/mediscare/vendor/laravel/framework/src/Illuminate/Pipeline/Pipeline.php(209): Illuminate/Foundation/Http/Middleware/VerifyCsrfToken->handle()
#30 C:/xampp5/htdocs/Project_SIMRS/mediscare/vendor/laravel/framework/src/Illuminate/View/Middleware/ShareErrorsFromSession.php(49): Illuminate/Pipeline/Pipeline->{closure:{closure:Illuminate/Pipeline/Pipeline::carry():184}:185}()
#31 C:/xampp5/htdocs/Project_SIMRS/mediscare/vendor/laravel/framework/src/Illuminate/Pipeline/Pipeline.php(209): Illuminate/View/Middleware/ShareErrorsFromSession->handle()
#32 C:/xampp5/htdocs/Project_SIMRS/mediscare/vendor/laravel/framework/src/Illuminate/Session/Middleware/StartSession.php(121): Illuminate/Pipeline/Pipeline->{closure:{closure:Illuminate/Pipeline/Pipeline::carry():184}:185}()
#33 C:/xampp5/htdocs/Project_SIMRS/mediscare/vendor/laravel/framework/src/Illuminate/Session/Middleware/StartSession.php(64): Illuminate/Session/Middleware/StartSession->handleStatefulRequest()
#34 C:/xampp5/htdocs/Project_SIMRS/mediscare/vendor/laravel/framework/src/Illuminate/Pipeline/Pipeline.php(209): Illuminate/Session/Middleware/StartSession->handle()
#35 C:/xampp5/htdocs/Project_SIMRS/mediscare/vendor/laravel/framework/src/Illuminate/Cookie/Middleware/AddQueuedCookiesToResponse.php(37): Illuminate/Pipeline/Pipeline->{closure:{closure:Illuminate/Pipeline/Pipeline::carry():184}:185}()
#36 C:/xampp5/htdocs/Project_SIMRS/mediscare/vendor/laravel/framework/src/Illuminate/Pipeline/Pipeline.php(209): Illuminate/Cookie/Middleware/AddQueuedCookiesToResponse->handle()
#37 C:/xampp5/htdocs/Project_SIMRS/mediscare/vendor/laravel/framework/src/Illuminate/Cookie/Middleware/EncryptCookies.php(75): Illuminate/Pipeline/Pipeline->{closure:{closure:Illuminate/Pipeline/Pipeline::carry():184}:185}()
#38 C:/xampp5/htdocs/Project_SIMRS/mediscare/vendor/laravel/framework/src/Illuminate/Pipeline/Pipeline.php(209): Illuminate/Cookie/Middleware/EncryptCookies->handle()
#39 C:/xampp5/htdocs/Project_SIMRS/mediscare/vendor/laravel/framework/src/Illuminate/Pipeline/Pipeline.php(127): Illuminate/Pipeline/Pipeline->{closure:{closure:Illuminate/Pipeline/Pipeline::carry():184}:185}()
#40 C:/xampp5/htdocs/Project_SIMRS/mediscare/vendor/laravel/framework/src/Illuminate/Routing/Router.php(807): Illuminate/Pipeline/Pipeline->then()
#41 C:/xampp5/htdocs/Project_SIMRS/mediscare/vendor/laravel/framework/src/Illuminate/Routing/Router.php(786): Illuminate/Routing/Router->runRouteWithinStack()
#42 C:/xampp5/htdocs/Project_SIMRS/mediscare/vendor/laravel/framework/src/Illuminate/Routing/Router.php(750): Illuminate/Routing/Router->runRoute()
#43 C:/xampp5/htdocs/Project_SIMRS/mediscare/vendor/laravel/framework/src/Illuminate/Routing/Router.php(739): Illuminate/Routing/Router->dispatchToRoute()
#44 C:/xampp5/htdocs/Project_SIMRS/mediscare/vendor/laravel/framework/src/Illuminate/Foundation/Http/Kernel.php(201): Illuminate/Routing/Router->dispatch()
#45 C:/xampp5/htdocs/Project_SIMRS/mediscare/vendor/laravel/framework/src/Illuminate/Pipeline/Pipeline.php(170): Illuminate/Foundation/Http/Kernel->{closure:Illuminate/Foundation/Http/Kernel::dispatchToRouter():198}()
#46 C:/xampp5/htdocs/Project_SIMRS/mediscare/vendor/laravel/framework/src/Illuminate/Foundation/Http/Middleware/TransformsRequest.php(21): Illuminate/Pipeline/Pipeline->{closure:Illuminate/Pipeline/Pipeline::prepareDestination():168}()
#47 C:/xampp5/htdocs/Project_SIMRS/mediscare/vendor/laravel/framework/src/Illuminate/Foundation/Http/Middleware/ConvertEmptyStringsToNull.php(31): Illuminate/Foundation/Http/Middleware/TransformsRequest->handle()
#48 C:/xampp5/htdocs/Project_SIMRS/mediscare/vendor/laravel/framework/src/Illuminate/Pipeline/Pipeline.php(209): Illuminate/Foundation/Http/Middleware/ConvertEmptyStringsToNull->handle()
#49 C:/xampp5/htdocs/Project_SIMRS/mediscare/vendor/laravel/framework/src/Illuminate/Foundation/Http/Middleware/TransformsRequest.php(21): Illuminate/Pipeline/Pipeline->{closure:{closure:Illuminate/Pipeline/Pipeline::carry():184}:185}()
#50 C:/xampp5/htdocs/Project_SIMRS/mediscare/vendor/laravel/framework/src/Illuminate/Foundation/Http/Middleware/TrimStrings.php(51): Illuminate/Foundation/Http/Middleware/TransformsRequest->handle()
#51 C:/xampp5/htdocs/Project_SIMRS/mediscare/vendor/laravel/framework/src/Illuminate/Pipeline/Pipeline.php(209): Illuminate/Foundation/Http/Middleware/TrimStrings->handle()
#52 C:/xampp5/htdocs/Project_SIMRS/mediscare/vendor/laravel/framework/src/Illuminate/Http/Middleware/ValidatePostSize.php(27): Illuminate/Pipeline/Pipeline->{closure:{closure:Illuminate/Pipeline/Pipeline::carry():184}:185}()
#53 C:/xampp5/htdocs/Project_SIMRS/mediscare/vendor/laravel/framework/src/Illuminate/Pipeline/Pipeline.php(209): Illuminate/Http/Middleware/ValidatePostSize->handle()
#54 C:/xampp5/htdocs/Project_SIMRS/mediscare/vendor/laravel/framework/src/Illuminate/Foundation/Http/Middleware/PreventRequestsDuringMaintenance.php(110): Illuminate/Pipeline/Pipeline->{closure:{closure:Illuminate/Pipeline/Pipeline::carry():184}:185}()
#55 C:/xampp5/htdocs/Project_SIMRS/mediscare/vendor/laravel/framework/src/Illuminate/Pipeline/Pipeline.php(209): Illuminate/Foundation/Http/Middleware/PreventRequestsDuringMaintenance->handle()
#56 C:/xampp5/htdocs/Project_SIMRS/mediscare/vendor/laravel/framework/src/Illuminate/Http/Middleware/HandleCors.php(49): Illuminate/Pipeline/Pipeline->{closure:{closure:Illuminate/Pipeline/Pipeline::carry():184}:185}()
#57 C:/xampp5/htdocs/Project_SIMRS/mediscare/vendor/laravel/framework/src/Illuminate/Pipeline/Pipeline.php(209): Illuminate/Http/Middleware/HandleCors->handle()
#58 C:/xampp5/htdocs/Project_SIMRS/mediscare/vendor/laravel/framework/src/Illuminate/Http/Middleware/TrustProxies.php(58): Illuminate/Pipeline/Pipeline->{closure:{closure:Illuminate/Pipeline/Pipeline::carry():184}:185}()
#59 C:/xampp5/htdocs/Project_SIMRS/mediscare/vendor/laravel/framework/src/Illuminate/Pipeline/Pipeline.php(209): Illuminate/Http/Middleware/TrustProxies->handle()
#60 C:/xampp5/htdocs/Project_SIMRS/mediscare/vendor/laravel/framework/src/Illuminate/Foundation/Http/Middleware/InvokeDeferredCallbacks.php(22): Illuminate/Pipeline/Pipeline->{closure:{closure:Illuminate/Pipeline/Pipeline::carry():184}:185}()
#61 C:/xampp5/htdocs/Project_SIMRS/mediscare/vendor/laravel/framework/src/Illuminate/Pipeline/Pipeline.php(209): Illuminate/Foundation/Http/Middleware/InvokeDeferredCallbacks->handle()
#62 C:/xampp5/htdocs/Project_SIMRS/mediscare/vendor/laravel/framework/src/Illuminate/Pipeline/Pipeline.php(127): Illuminate/Pipeline/Pipeline->{closure:{closure:Illuminate/Pipeline/Pipeline::carry():184}:185}()
#63 C:/xampp5/htdocs/Project_SIMRS/mediscare/vendor/laravel/framework/src/Illuminate/Foundation/Http/Kernel.php(176): Illuminate/Pipeline/Pipeline->then()
#64 C:/xampp5/htdocs/Project_SIMRS/mediscare/vendor/laravel/framework/src/Illuminate/Foundation/Http/Kernel.php(145): Illuminate/Foundation/Http/Kernel->sendRequestThroughRouter()
#65 C:/xampp5/htdocs/Project_SIMRS/mediscare/vendor/laravel/framework/src/Illuminate/Foundation/Application.php(1220): Illuminate/Foundation/Http/Kernel->handle()
#66 C:/xampp5/htdocs/Project_SIMRS/mediscare/public/index.php(17): Illuminate/Foundation/Application->handleRequest()
#67 C:/xampp5/htdocs/Project_SIMRS/mediscare/vendor/laravel/framework/src/Illuminate/Foundation/resources/server.php(23): require_once('...')
#68 {main}
"} 
[2026-09-11 15:27:15] local.ERROR: Vite manifest not found at: C:\xampp5\htdocs\Project_SIMRS\mediscare\public\build/manifest.json (View: C:\xampp5\htdocs\Project_SIMRS\mediscare\resources\views\components\layouts\guest.blade.php) (View: C:\xampp5\htdocs\Project_SIMRS\mediscare\resources\views\components\layouts\guest.blade.php) {"exception":"[object] (Illuminate\\View\\ViewException(code: 0): Vite manifest not found at: C:\\xampp5\\htdocs\\Project_SIMRS\\mediscare\\public\\build/manifest.json (View: C:\\xampp5\\htdocs\\Project_SIMRS\\mediscare\\resources\\views\\components\\layouts\\guest.blade.php) (View: C:\\xampp5\\htdocs\\Project_SIMRS\\mediscare\\resources\\views\\components\\layouts\\guest.blade.php) at C:/xampp5/htdocs/Project_SIMRS/mediscare/vendor/laravel/framework/src/Illuminate/Foundation/Vite.php:934)
[stacktrace]
#0 C:/xampp5/htdocs/Project_SIMRS/mediscare/vendor/laravel/framework/src/Illuminate/View/Engines/PhpEngine.php(60): Illuminate/View/Engines/CompilerEngine->handleViewException()
#1 C:/xampp5/htdocs/Project_SIMRS/mediscare/vendor/laravel/framework/src/Illuminate/View/Engines/CompilerEngine.php(75): Illuminate/View/Engines/PhpEngine->evaluatePath()
#2 C:/xampp5/htdocs/Project_SIMRS/mediscare/vendor/laravel/framework/src/Illuminate/View/View.php(209): Illuminate/View/Engines/CompilerEngine->get()
#3 C:/xampp5/htdocs/Project_SIMRS/mediscare/vendor/laravel/framework/src/Illuminate/View/View.php(192): Illuminate/View/View->getContents()
#4 C:/xampp5/htdocs/Project_SIMRS/mediscare/vendor/laravel/framework/src/Illuminate/View/View.php(161): Illuminate/View/View->renderContents()
#5 C:/xampp5/htdocs/Project_SIMRS/mediscare/vendor/laravel/framework/src/Illuminate/Http/Response.php(79): Illuminate/View/View->render()
#6 C:/xampp5/htdocs/Project_SIMRS/mediscare/vendor/laravel/framework/src/Illuminate/Http/Response.php(35): Illuminate/Http/Response->setContent()
#7 C:/xampp5/htdocs/Project_SIMRS/mediscare/vendor/laravel/framework/src/Illuminate/Routing/Router.php(920): Illuminate/Http/Response->__construct()
#8 C:/xampp5/htdocs/Project_SIMRS/mediscare/vendor/laravel/framework/src/Illuminate/Routing/Router.php(887): Illuminate/Routing/Router::toResponse()
#9 C:/xampp5/htdocs/Project_SIMRS/mediscare/vendor/laravel/framework/src/Illuminate/Routing/Router.php(807): Illuminate/Routing/Router->prepareResponse()
#10 C:/xampp5/htdocs/Project_SIMRS/mediscare/vendor/laravel/framework/src/Illuminate/Pipeline/Pipeline.php(170): Illuminate/Routing/Router->{closure:Illuminate/Routing/Router::runRouteWithinStack():807}()
#11 C:/xampp5/htdocs/Project_SIMRS/mediscare/vendor/laravel/framework/src/Illuminate/Auth/Middleware/RedirectIfAuthenticated.php(35): Illuminate/Pipeline/Pipeline->{closure:Illuminate/Pipeline/Pipeline::prepareDestination():168}()
#12 C:/xampp5/htdocs/Project_SIMRS/mediscare/vendor/laravel/framework/src/Illuminate/Pipeline/Pipeline.php(209): Illuminate/Auth/Middleware/RedirectIfAuthenticated->handle()
#13 C:/xampp5/htdocs/Project_SIMRS/mediscare/vendor/laravel/framework/src/Illuminate/Routing/Middleware/SubstituteBindings.php(51): Illuminate/Pipeline/Pipeline->{closure:{closure:Illuminate/Pipeline/Pipeline::carry():184}:185}()
#14 C:/xampp5/htdocs/Project_SIMRS/mediscare/vendor/laravel/framework/src/Illuminate/Pipeline/Pipeline.php(209): Illuminate/Routing/Middleware/SubstituteBindings->handle()
#15 C:/xampp5/htdocs/Project_SIMRS/mediscare/vendor/laravel/framework/src/Illuminate/Foundation/Http/Middleware/VerifyCsrfToken.php(88): Illuminate/Pipeline/Pipeline->{closure:{closure:Illuminate/Pipeline/Pipeline::carry():184}:185}()
#16 C:/xampp5/htdocs/Project_SIMRS/mediscare/vendor/laravel/framework/src/Illuminate/Pipeline/Pipeline.php(209): Illuminate/Foundation/Http/Middleware/VerifyCsrfToken->handle()
#17 C:/xampp5/htdocs/Project_SIMRS/mediscare/vendor/laravel/framework/src/Illuminate/View/Middleware/ShareErrorsFromSession.php(49): Illuminate/Pipeline/Pipeline->{closure:{closure:Illuminate/Pipeline/Pipeline::carry():184}:185}()
#18 C:/xampp5/htdocs/Project_SIMRS/mediscare/vendor/laravel/framework/src/Illuminate/Pipeline/Pipeline.php(209): Illuminate/View/Middleware/ShareErrorsFromSession->handle()
#19 C:/xampp5/htdocs/Project_SIMRS/mediscare/vendor/laravel/framework/src/Illuminate/Session/Middleware/StartSession.php(121): Illuminate/Pipeline/Pipeline->{closure:{closure:Illuminate/Pipeline/Pipeline::carry():184}:185}()
#20 C:/xampp5/htdocs/Project_SIMRS/mediscare/vendor/laravel/framework/src/Illuminate/Session/Middleware/StartSession.php(64): Illuminate/Session/Middleware/StartSession->handleStatefulRequest()
#21 C:/xampp5/htdocs/Project_SIMRS/mediscare/vendor/laravel/framework/src/Illuminate/Pipeline/Pipeline.php(209): Illuminate/Session/Middleware/StartSession->handle()
#22 C:/xampp5/htdocs/Project_SIMRS/mediscare/vendor/laravel/framework/src/Illuminate/Cookie/Middleware/AddQueuedCookiesToResponse.php(37): Illuminate/Pipeline/Pipeline->{closure:{closure:Illuminate/Pipeline/Pipeline::carry():184}:185}()
#23 C:/xampp5/htdocs/Project_SIMRS/mediscare/vendor/laravel/framework/src/Illuminate/Pipeline/Pipeline.php(209): Illuminate/Cookie/Middleware/AddQueuedCookiesToResponse->handle()
#24 C:/xampp5/htdocs/Project_SIMRS/mediscare/vendor/laravel/framework/src/Illuminate/Cookie/Middleware/EncryptCookies.php(75): Illuminate/Pipeline/Pipeline->{closure:{closure:Illuminate/Pipeline/Pipeline::carry():184}:185}()
#25 C:/xampp5/htdocs/Project_SIMRS/mediscare/vendor/laravel/framework/src/Illuminate/Pipeline/Pipeline.php(209): Illuminate/Cookie/Middleware/EncryptCookies->handle()
#26 C:/xampp5/htdocs/Project_SIMRS/mediscare/vendor/laravel/framework/src/Illuminate/Pipeline/Pipeline.php(127): Illuminate/Pipeline/Pipeline->{closure:{closure:Illuminate/Pipeline/Pipeline::carry():184}:185}()
#27 C:/xampp5/htdocs/Project_SIMRS/mediscare/vendor/laravel/framework/src/Illuminate/Routing/Router.php(807): Illuminate/Pipeline/Pipeline->then()
#28 C:/xampp5/htdocs/Project_SIMRS/mediscare/vendor/laravel/framework/src/Illuminate/Routing/Router.php(786): Illuminate/Routing/Router->runRouteWithinStack()
#29 C:/xampp5/htdocs/Project_SIMRS/mediscare/vendor/laravel/framework/src/Illuminate/Routing/Router.php(750): Illuminate/Routing/Router->runRoute()
#30 C:/xampp5/htdocs/Project_SIMRS/mediscare/vendor/laravel/framework/src/Illuminate/Routing/Router.php(739): Illuminate/Routing/Router->dispatchToRoute()
#31 C:/xampp5/htdocs/Project_SIMRS/mediscare/vendor/laravel/framework/src/Illuminate/Foundation/Http/Kernel.php(201): Illuminate/Routing/Router->dispatch()
#32 C:/xampp5/htdocs/Project_SIMRS/mediscare/vendor/laravel/framework/src/Illuminate/Pipeline/Pipeline.php(170): Illuminate/Foundation/Http/Kernel->{closure:Illuminate/Foundation/Http/Kernel::dispatchToRouter():198}()
#33 C:/xampp5/htdocs/Project_SIMRS/mediscare/vendor/laravel/framework/src/Illuminate/Foundation/Http/Middleware/TransformsRequest.php(21): Illuminate/Pipeline/Pipeline->{closure:Illuminate/Pipeline/Pipeline::prepareDestination():168}()
#34 C:/xampp5/htdocs/Project_SIMRS/mediscare/vendor/laravel/framework/src/Illuminate/Foundation/Http/Middleware/ConvertEmptyStringsToNull.php(31): Illuminate/Foundation/Http/Middleware/TransformsRequest->handle()
#35 C:/xampp5/htdocs/Project_SIMRS/mediscare/vendor/laravel/framework/src/Illuminate/Pipeline/Pipeline.php(209): Illuminate/Foundation/Http/Middleware/ConvertEmptyStringsToNull->handle()
#36 C:/xampp5/htdocs/Project_SIMRS/mediscare/vendor/laravel/framework/src/Illuminate/Foundation/Http/Middleware/TransformsRequest.php(21): Illuminate/Pipeline/Pipeline->{closure:{closure:Illuminate/Pipeline/Pipeline::carry():184}:185}()
#37 C:/xampp5/htdocs/Project_SIMRS/mediscare/vendor/laravel/framework/src/Illuminate/Foundation/Http/Middleware/TrimStrings.php(51): Illuminate/Foundation/Http/Middleware/TransformsRequest->handle()
#38 C:/xampp5/htdocs/Project_SIMRS/mediscare/vendor/laravel/framework/src/Illuminate/Pipeline/Pipeline.php(209): Illuminate/Foundation/Http/Middleware/TrimStrings->handle()
#39 C:/xampp5/htdocs/Project_SIMRS/mediscare/vendor/laravel/framework/src/Illuminate/Http/Middleware/ValidatePostSize.php(27): Illuminate/Pipeline/Pipeline->{closure:{closure:Illuminate/Pipeline/Pipeline::carry():184}:185}()
#40 C:/xampp5/htdocs/Project_SIMRS/mediscare/vendor/laravel/framework/src/Illuminate/Pipeline/Pipeline.php(209): Illuminate/Http/Middleware/ValidatePostSize->handle()
#41 C:/xampp5/htdocs/Project_SIMRS/mediscare/vendor/laravel/framework/src/Illuminate/Foundation/Http/Middleware/PreventRequestsDuringMaintenance.php(110): Illuminate/Pipeline/Pipeline->{closure:{closure:Illuminate/Pipeline/Pipeline::carry():184}:185}()
#42 C:/xampp5/htdocs/Project_SIMRS/mediscare/vendor/laravel/framework/src/Illuminate/Pipeline/Pipeline.php(209): Illuminate/Foundation/Http/Middleware/PreventRequestsDuringMaintenance->handle()
#43 C:/xampp5/htdocs/Project_SIMRS/mediscare/vendor/laravel/framework/src/Illuminate/Http/Middleware/HandleCors.php(49): Illuminate/Pipeline/Pipeline->{closure:{closure:Illuminate/Pipeline/Pipeline::carry():184}:185}()
#44 C:/xampp5/htdocs/Project_SIMRS/mediscare/vendor/laravel/framework/src/Illuminate/Pipeline/Pipeline.php(209): Illuminate/Http/Middleware/HandleCors->handle()
#45 C:/xampp5/htdocs/Project_SIMRS/mediscare/vendor/laravel/framework/src/Illuminate/Http/Middleware/TrustProxies.php(58): Illuminate/Pipeline/Pipeline->{closure:{closure:Illuminate/Pipeline/Pipeline::carry():184}:185}()
#46 C:/xampp5/htdocs/Project_SIMRS/mediscare/vendor/laravel/framework/src/Illuminate/Pipeline/Pipeline.php(209): Illuminate/Http/Middleware/TrustProxies->handle()
#47 C:/xampp5/htdocs/Project_SIMRS/mediscare/vendor/laravel/framework/src/Illuminate/Foundation/Http/Middleware/InvokeDeferredCallbacks.php(22): Illuminate/Pipeline/Pipeline->{closure:{closure:Illuminate/Pipeline/Pipeline::carry():184}:185}()
#48 C:/xampp5/htdocs/Project_SIMRS/mediscare/vendor/laravel/framework/src/Illuminate/Pipeline/Pipeline.php(209): Illuminate/Foundation/Http/Middleware/InvokeDeferredCallbacks->handle()
#49 C:/xampp5/htdocs/Project_SIMRS/mediscare/vendor/laravel/framework/src/Illuminate/Pipeline/Pipeline.php(127): Illuminate/Pipeline/Pipeline->{closure:{closure:Illuminate/Pipeline/Pipeline::carry():184}:185}()
#50 C:/xampp5/htdocs/Project_SIMRS/mediscare/vendor/laravel/framework/src/Illuminate/Foundation/Http/Kernel.php(176): Illuminate/Pipeline/Pipeline->then()
#51 C:/xampp5/htdocs/Project_SIMRS/mediscare/vendor/laravel/framework/src/Illuminate/Foundation/Http/Kernel.php(145): Illuminate/Foundation/Http/Kernel->sendRequestThroughRouter()
#52 C:/xampp5/htdocs/Project_SIMRS/mediscare/vendor/laravel/framework/src/Illuminate/Foundation/Application.php(1220): Illuminate/Foundation/Http/Kernel->handle()
#53 C:/xampp5/htdocs/Project_SIMRS/mediscare/public/index.php(17): Illuminate/Foundation/Application->handleRequest()
#54 C:/xampp5/htdocs/Project_SIMRS/mediscare/vendor/laravel/framework/src/Illuminate/Foundation/resources/server.php(23): require_once('...')
#55 {main}

[previous exception] [object] (Illuminate\\View\\ViewException(code: 0): Vite manifest not found at: C:\\xampp5\\htdocs\\Project_SIMRS\\mediscare\\public\\build/manifest.json (View: C:\\xampp5\\htdocs\\Project_SIMRS\\mediscare\\resources\\views\\components\\layouts\\guest.blade.php) at C:/xampp5/htdocs/Project_SIMRS/mediscare/vendor/laravel/framework/src/Illuminate/Foundation/Vite.php:934)
[stacktrace]
#0 C:/xampp5/htdocs/Project_SIMRS/mediscare/vendor/laravel/framework/src/Illuminate/View/Engines/PhpEngine.php(60): Illuminate/View/Engines/CompilerEngine->handleViewException()
#1 C:/xampp5/htdocs/Project_SIMRS/mediscare/vendor/laravel/framework/src/Illuminate/View/Engines/CompilerEngine.php(75): Illuminate/View/Engines/PhpEngine->evaluatePath()
#2 C:/xampp5/htdocs/Project_SIMRS/mediscare/vendor/laravel/framework/src/Illuminate/View/View.php(209): Illuminate/View/Engines/CompilerEngine->get()
#3 C:/xampp5/htdocs/Project_SIMRS/mediscare/vendor/laravel/framework/src/Illuminate/View/View.php(192): Illuminate/View/View->getContents()
#4 C:/xampp5/htdocs/Project_SIMRS/mediscare/vendor/laravel/framework/src/Illuminate/View/View.php(161): Illuminate/View/View->renderContents()
#5 C:/xampp5/htdocs/Project_SIMRS/mediscare/vendor/laravel/framework/src/Illuminate/View/Concerns/ManagesComponents.php(103): Illuminate/View/View->render()
#6 C:/xampp5/htdocs/Project_SIMRS/mediscare/storage/framework/views/7323ee8176da48975ef9291a412cb58d.php(48): Illuminate/View/Factory->renderComponent()
#7 C:/xampp5/htdocs/Project_SIMRS/mediscare/vendor/laravel/framework/src/Illuminate/Filesystem/Filesystem.php(123): require('...')
#8 C:/xampp5/htdocs/Project_SIMRS/mediscare/vendor/laravel/framework/src/Illuminate/Filesystem/Filesystem.php(124): Illuminate/Filesystem/Filesystem::{closure:Illuminate/Filesystem/Filesystem::getRequire():120}()
#9 C:/xampp5/htdocs/Project_SIMRS/mediscare/vendor/laravel/framework/src/Illuminate/View/Engines/PhpEngine.php(58): Illuminate/Filesystem/Filesystem->getRequire()
#10 C:/xampp5/htdocs/Project_SIMRS/mediscare/vendor/laravel/framework/src/Illuminate/View/Engines/CompilerEngine.php(75): Illuminate/View/Engines/PhpEngine->evaluatePath()
#11 C:/xampp5/htdocs/Project_SIMRS/mediscare/vendor/laravel/framework/src/Illuminate/View/View.php(209): Illuminate/View/Engines/CompilerEngine->get()
#12 C:/xampp5/htdocs/Project_SIMRS/mediscare/vendor/laravel/framework/src/Illuminate/View/View.php(192): Illuminate/View/View->getContents()
#13 C:/xampp5/htdocs/Project_SIMRS/mediscare/vendor/laravel/framework/src/Illuminate/View/View.php(161): Illuminate/View/View->renderContents()
#14 C:/xampp5/htdocs/Project_SIMRS/mediscare/vendor/laravel/framework/src/Illuminate/Http/Response.php(79): Illuminate/View/View->render()
#15 C:/xampp5/htdocs/Project_SIMRS/mediscare/vendor/laravel/framework/src/Illuminate/Http/Response.php(35): Illuminate/Http/Response->setContent()
#16 C:/xampp5/htdocs/Project_SIMRS/mediscare/vendor/laravel/framework/src/Illuminate/Routing/Router.php(920): Illuminate/Http/Response->__construct()
#17 C:/xampp5/htdocs/Project_SIMRS/mediscare/vendor/laravel/framework/src/Illuminate/Routing/Router.php(887): Illuminate/Routing/Router::toResponse()
#18 C:/xampp5/htdocs/Project_SIMRS/mediscare/vendor/laravel/framework/src/Illuminate/Routing/Router.php(807): Illuminate/Routing/Router->prepareResponse()
#19 C:/xampp5/htdocs/Project_SIMRS/mediscare/vendor/laravel/framework/src/Illuminate/Pipeline/Pipeline.php(170): Illuminate/Routing/Router->{closure:Illuminate/Routing/Router::runRouteWithinStack():807}()
#20 C:/xampp5/htdocs/Project_SIMRS/mediscare/vendor/laravel/framework/src/Illuminate/Auth/Middleware/RedirectIfAuthenticated.php(35): Illuminate/Pipeline/Pipeline->{closure:Illuminate/Pipeline/Pipeline::prepareDestination():168}()
#21 C:/xampp5/htdocs/Project_SIMRS/mediscare/vendor/laravel/framework/src/Illuminate/Pipeline/Pipeline.php(209): Illuminate/Auth/Middleware/RedirectIfAuthenticated->handle()
#22 C:/xampp5/htdocs/Project_SIMRS/mediscare/vendor/laravel/framework/src/Illuminate/Routing/Middleware/SubstituteBindings.php(51): Illuminate/Pipeline/Pipeline->{closure:{closure:Illuminate/Pipeline/Pipeline::carry():184}:185}()
#23 C:/xampp5/htdocs/Project_SIMRS/mediscare/vendor/laravel/framework/src/Illuminate/Pipeline/Pipeline.php(209): Illuminate/Routing/Middleware/SubstituteBindings->handle()
#24 C:/xampp5/htdocs/Project_SIMRS/mediscare/vendor/laravel/framework/src/Illuminate/Foundation/Http/Middleware/VerifyCsrfToken.php(88): Illuminate/Pipeline/Pipeline->{closure:{closure:Illuminate/Pipeline/Pipeline::carry():184}:185}()
#25 C:/xampp5/htdocs/Project_SIMRS/mediscare/vendor/laravel/framework/src/Illuminate/Pipeline/Pipeline.php(209): Illuminate/Foundation/Http/Middleware/VerifyCsrfToken->handle()
#26 C:/xampp5/htdocs/Project_SIMRS/mediscare/vendor/laravel/framework/src/Illuminate/View/Middleware/ShareErrorsFromSession.php(49): Illuminate/Pipeline/Pipeline->{closure:{closure:Illuminate/Pipeline/Pipeline::carry():184}:185}()
#27 C:/xampp5/htdocs/Project_SIMRS/mediscare/vendor/laravel/framework/src/Illuminate/Pipeline/Pipeline.php(209): Illuminate/View/Middleware/ShareErrorsFromSession->handle()
#28 C:/xampp5/htdocs/Project_SIMRS/mediscare/vendor/laravel/framework/src/Illuminate/Session/Middleware/StartSession.php(121): Illuminate/Pipeline/Pipeline->{closure:{closure:Illuminate/Pipeline/Pipeline::carry():184}:185}()
#29 C:/xampp5/htdocs/Project_SIMRS/mediscare/vendor/laravel/framework/src/Illuminate/Session/Middleware/StartSession.php(64): Illuminate/Session/Middleware/StartSession->handleStatefulRequest()
#30 C:/xampp5/htdocs/Project_SIMRS/mediscare/vendor/laravel/framework/src/Illuminate/Pipeline/Pipeline.php(209): Illuminate/Session/Middleware/StartSession->handle()
#31 C:/xampp5/htdocs/Project_SIMRS/mediscare/vendor/laravel/framework/src/Illuminate/Cookie/Middleware/AddQueuedCookiesToResponse.php(37): Illuminate/Pipeline/Pipeline->{closure:{closure:Illuminate/Pipeline/Pipeline::carry():184}:185}()
#32 C:/xampp5/htdocs/Project_SIMRS/mediscare/vendor/laravel/framework/src/Illuminate/Pipeline/Pipeline.php(209): Illuminate/Cookie/Middleware/AddQueuedCookiesToResponse->handle()
#33 C:/xampp5/htdocs/Project_SIMRS/mediscare/vendor/laravel/framework/src/Illuminate/Cookie/Middleware/EncryptCookies.php(75): Illuminate/Pipeline/Pipeline->{closure:{closure:Illuminate/Pipeline/Pipeline::carry():184}:185}()
#34 C:/xampp5/htdocs/Project_SIMRS/mediscare/vendor/laravel/framework/src/Illuminate/Pipeline/Pipeline.php(209): Illuminate/Cookie/Middleware/EncryptCookies->handle()
#35 C:/xampp5/htdocs/Project_SIMRS/mediscare/vendor/laravel/framework/src/Illuminate/Pipeline/Pipeline.php(127): Illuminate/Pipeline/Pipeline->{closure:{closure:Illuminate/Pipeline/Pipeline::carry():184}:185}()
#36 C:/xampp5/htdocs/Project_SIMRS/mediscare/vendor/laravel/framework/src/Illuminate/Routing/Router.php(807): Illuminate/Pipeline/Pipeline->then()
#37 C:/xampp5/htdocs/Project_SIMRS/mediscare/vendor/laravel/framework/src/Illuminate/Routing/Router.php(786): Illuminate/Routing/Router->runRouteWithinStack()
#38 C:/xampp5/htdocs/Project_SIMRS/mediscare/vendor/laravel/framework/src/Illuminate/Routing/Router.php(750): Illuminate/Routing/Router->runRoute()
#39 C:/xampp5/htdocs/Project_SIMRS/mediscare/vendor/laravel/framework/src/Illuminate/Routing/Router.php(739): Illuminate/Routing/Router->dispatchToRoute()
#40 C:/xampp5/htdocs/Project_SIMRS/mediscare/vendor/laravel/framework/src/Illuminate/Foundation/Http/Kernel.php(201): Illuminate/Routing/Router->dispatch()
#41 C:/xampp5/htdocs/Project_SIMRS/mediscare/vendor/laravel/framework/src/Illuminate/Pipeline/Pipeline.php(170): Illuminate/Foundation/Http/Kernel->{closure:Illuminate/Foundation/Http/Kernel::dispatchToRouter():198}()
#42 C:/xampp5/htdocs/Project_SIMRS/mediscare/vendor/laravel/framework/src/Illuminate/Foundation/Http/Middleware/TransformsRequest.php(21): Illuminate/Pipeline/Pipeline->{closure:Illuminate/Pipeline/Pipeline::prepareDestination():168}()
#43 C:/xampp5/htdocs/Project_SIMRS/mediscare/vendor/laravel/framework/src/Illuminate/Foundation/Http/Middleware/ConvertEmptyStringsToNull.php(31): Illuminate/Foundation/Http/Middleware/TransformsRequest->handle()
#44 C:/xampp5/htdocs/Project_SIMRS/mediscare/vendor/laravel/framework/src/Illuminate/Pipeline/Pipeline.php(209): Illuminate/Foundation/Http/Middleware/ConvertEmptyStringsToNull->handle()
#45 C:/xampp5/htdocs/Project_SIMRS/mediscare/vendor/laravel/framework/src/Illuminate/Foundation/Http/Middleware/TransformsRequest.php(21): Illuminate/Pipeline/Pipeline->{closure:{closure:Illuminate/Pipeline/Pipeline::carry():184}:185}()
#46 C:/xampp5/htdocs/Project_SIMRS/mediscare/vendor/laravel/framework/src/Illuminate/Foundation/Http/Middleware/TrimStrings.php(51): Illuminate/Foundation/Http/Middleware/TransformsRequest->handle()
#47 C:/xampp5/htdocs/Project_SIMRS/mediscare/vendor/laravel/framework/src/Illuminate/Pipeline/Pipeline.php(209): Illuminate/Foundation/Http/Middleware/TrimStrings->handle()
#48 C:/xampp5/htdocs/Project_SIMRS/mediscare/vendor/laravel/framework/src/Illuminate/Http/Middleware/ValidatePostSize.php(27): Illuminate/Pipeline/Pipeline->{closure:{closure:Illuminate/Pipeline/Pipeline::carry():184}:185}()
#49 C:/xampp5/htdocs/Project_SIMRS/mediscare/vendor/laravel/framework/src/Illuminate/Pipeline/Pipeline.php(209): Illuminate/Http/Middleware/ValidatePostSize->handle()
#50 C:/xampp5/htdocs/Project_SIMRS/mediscare/vendor/laravel/framework/src/Illuminate/Foundation/Http/Middleware/PreventRequestsDuringMaintenance.php(110): Illuminate/Pipeline/Pipeline->{closure:{closure:Illuminate/Pipeline/Pipeline::carry():184}:185}()
#51 C:/xampp5/htdocs/Project_SIMRS/mediscare/vendor/laravel/framework/src/Illuminate/Pipeline/Pipeline.php(209): Illuminate/Foundation/Http/Middleware/PreventRequestsDuringMaintenance->handle()
#52 C:/xampp5/htdocs/Project_SIMRS/mediscare/vendor/laravel/framework/src/Illuminate/Http/Middleware/HandleCors.php(49): Illuminate/Pipeline/Pipeline->{closure:{closure:Illuminate/Pipeline/Pipeline::carry():184}:185}()
#53 C:/xampp5/htdocs/Project_SIMRS/mediscare/vendor/laravel/framework/src/Illuminate/Pipeline/Pipeline.php(209): Illuminate/Http/Middleware/HandleCors->handle()
#54 C:/xampp5/htdocs/Project_SIMRS/mediscare/vendor/laravel/framework/src/Illuminate/Http/Middleware/TrustProxies.php(58): Illuminate/Pipeline/Pipeline->{closure:{closure:Illuminate/Pipeline/Pipeline::carry():184}:185}()
#55 C:/xampp5/htdocs/Project_SIMRS/mediscare/vendor/laravel/framework/src/Illuminate/Pipeline/Pipeline.php(209): Illuminate/Http/Middleware/TrustProxies->handle()
#56 C:/xampp5/htdocs/Project_SIMRS/mediscare/vendor/laravel/framework/src/Illuminate/Foundation/Http/Middleware/InvokeDeferredCallbacks.php(22): Illuminate/Pipeline/Pipeline->{closure:{closure:Illuminate/Pipeline/Pipeline::carry():184}:185}()
#57 C:/xampp5/htdocs/Project_SIMRS/mediscare/vendor/laravel/framework/src/Illuminate/Pipeline/Pipeline.php(209): Illuminate/Foundation/Http/Middleware/InvokeDeferredCallbacks->handle()
#58 C:/xampp5/htdocs/Project_SIMRS/mediscare/vendor/laravel/framework/src/Illuminate/Pipeline/Pipeline.php(127): Illuminate/Pipeline/Pipeline->{closure:{closure:Illuminate/Pipeline/Pipeline::carry():184}:185}()
#59 C:/xampp5/htdocs/Project_SIMRS/mediscare/vendor/laravel/framework/src/Illuminate/Foundation/Http/Kernel.php(176): Illuminate/Pipeline/Pipeline->then()
#60 C:/xampp5/htdocs/Project_SIMRS/mediscare/vendor/laravel/framework/src/Illuminate/Foundation/Http/Kernel.php(145): Illuminate/Foundation/Http/Kernel->sendRequestThroughRouter()
#61 C:/xampp5/htdocs/Project_SIMRS/mediscare/vendor/laravel/framework/src/Illuminate/Foundation/Application.php(1220): Illuminate/Foundation/Http/Kernel->handle()
#62 C:/xampp5/htdocs/Project_SIMRS/mediscare/public/index.php(17): Illuminate/Foundation/Application->handleRequest()
#63 C:/xampp5/htdocs/Project_SIMRS/mediscare/vendor/laravel/framework/src/Illuminate/Foundation/resources/server.php(23): require_once('...')
#64 {main}

[previous exception] [object] (Illuminate\\Foundation\\ViteManifestNotFoundException(code: 0): Vite manifest not found at: C:\\xampp5\\htdocs\\Project_SIMRS\\mediscare\\public\\build/manifest.json at C:/xampp5/htdocs/Project_SIMRS/mediscare/vendor/laravel/framework/src/Illuminate/Foundation/Vite.php:934)
[stacktrace]
#0 C:/xampp5/htdocs/Project_SIMRS/mediscare/vendor/laravel/framework/src/Illuminate/Foundation/Vite.php(384): Illuminate/Foundation/Vite->manifest()
#1 C:/xampp5/htdocs/Project_SIMRS/mediscare/storage/framework/views/7358c2c26c99da99ae31173bb12e9b73.php(12): Illuminate/Foundation/Vite->__invoke()
#2 C:/xampp5/htdocs/Project_SIMRS/mediscare/vendor/laravel/framework/src/Illuminate/Filesystem/Filesystem.php(123): require('...')
#3 C:/xampp5/htdocs/Project_SIMRS/mediscare/vendor/laravel/framework/src/Illuminate/Filesystem/Filesystem.php(124): Illuminate/Filesystem/Filesystem::{closure:Illuminate/Filesystem/Filesystem::getRequire():120}()
#4 C:/xampp5/htdocs/Project_SIMRS/mediscare/vendor/laravel/framework/src/Illuminate/View/Engines/PhpEngine.php(58): Illuminate/Filesystem/Filesystem->getRequire()
#5 C:/xampp5/htdocs/Project_SIMRS/mediscare/vendor/laravel/framework/src/Illuminate/View/Engines/CompilerEngine.php(75): Illuminate/View/Engines/PhpEngine->evaluatePath()
#6 C:/xampp5/htdocs/Project_SIMRS/mediscare/vendor/laravel/framework/src/Illuminate/View/View.php(209): Illuminate/View/Engines/CompilerEngine->get()
#7 C:/xampp5/htdocs/Project_SIMRS/mediscare/vendor/laravel/framework/src/Illuminate/View/View.php(192): Illuminate/View/View->getContents()
#8 C:/xampp5/htdocs/Project_SIMRS/mediscare/vendor/laravel/framework/src/Illuminate/View/View.php(161): Illuminate/View/View->renderContents()
#9 C:/xampp5/htdocs/Project_SIMRS/mediscare/vendor/laravel/framework/src/Illuminate/View/Concerns/ManagesComponents.php(103): Illuminate/View/View->render()
#10 C:/xampp5/htdocs/Project_SIMRS/mediscare/storage/framework/views/7323ee8176da48975ef9291a412cb58d.php(48): Illuminate/View/Factory->renderComponent()
#11 C:/xampp5/htdocs/Project_SIMRS/mediscare/vendor/laravel/framework/src/Illuminate/Filesystem/Filesystem.php(123): require('...')
#12 C:/xampp5/htdocs/Project_SIMRS/mediscare/vendor/laravel/framework/src/Illuminate/Filesystem/Filesystem.php(124): Illuminate/Filesystem/Filesystem::{closure:Illuminate/Filesystem/Filesystem::getRequire():120}()
#13 C:/xampp5/htdocs/Project_SIMRS/mediscare/vendor/laravel/framework/src/Illuminate/View/Engines/PhpEngine.php(58): Illuminate/Filesystem/Filesystem->getRequire()
#14 C:/xampp5/htdocs/Project_SIMRS/mediscare/vendor/laravel/framework/src/Illuminate/View/Engines/CompilerEngine.php(75): Illuminate/View/Engines/PhpEngine->evaluatePath()
#15 C:/xampp5/htdocs/Project_SIMRS/mediscare/vendor/laravel/framework/src/Illuminate/View/View.php(209): Illuminate/View/Engines/CompilerEngine->get()
#16 C:/xampp5/htdocs/Project_SIMRS/mediscare/vendor/laravel/framework/src/Illuminate/View/View.php(192): Illuminate/View/View->getContents()
#17 C:/xampp5/htdocs/Project_SIMRS/mediscare/vendor/laravel/framework/src/Illuminate/View/View.php(161): Illuminate/View/View->renderContents()
#18 C:/xampp5/htdocs/Project_SIMRS/mediscare/vendor/laravel/framework/src/Illuminate/Http/Response.php(79): Illuminate/View/View->render()
#19 C:/xampp5/htdocs/Project_SIMRS/mediscare/vendor/laravel/framework/src/Illuminate/Http/Response.php(35): Illuminate/Http/Response->setContent()
#20 C:/xampp5/htdocs/Project_SIMRS/mediscare/vendor/laravel/framework/src/Illuminate/Routing/Router.php(920): Illuminate/Http/Response->__construct()
#21 C:/xampp5/htdocs/Project_SIMRS/mediscare/vendor/laravel/framework/src/Illuminate/Routing/Router.php(887): Illuminate/Routing/Router::toResponse()
#22 C:/xampp5/htdocs/Project_SIMRS/mediscare/vendor/laravel/framework/src/Illuminate/Routing/Router.php(807): Illuminate/Routing/Router->prepareResponse()
#23 C:/xampp5/htdocs/Project_SIMRS/mediscare/vendor/laravel/framework/src/Illuminate/Pipeline/Pipeline.php(170): Illuminate/Routing/Router->{closure:Illuminate/Routing/Router::runRouteWithinStack():807}()
#24 C:/xampp5/htdocs/Project_SIMRS/mediscare/vendor/laravel/framework/src/Illuminate/Auth/Middleware/RedirectIfAuthenticated.php(35): Illuminate/Pipeline/Pipeline->{closure:Illuminate/Pipeline/Pipeline::prepareDestination():168}()
#25 C:/xampp5/htdocs/Project_SIMRS/mediscare/vendor/laravel/framework/src/Illuminate/Pipeline/Pipeline.php(209): Illuminate/Auth/Middleware/RedirectIfAuthenticated->handle()
#26 C:/xampp5/htdocs/Project_SIMRS/mediscare/vendor/laravel/framework/src/Illuminate/Routing/Middleware/SubstituteBindings.php(51): Illuminate/Pipeline/Pipeline->{closure:{closure:Illuminate/Pipeline/Pipeline::carry():184}:185}()
#27 C:/xampp5/htdocs/Project_SIMRS/mediscare/vendor/laravel/framework/src/Illuminate/Pipeline/Pipeline.php(209): Illuminate/Routing/Middleware/SubstituteBindings->handle()
#28 C:/xampp5/htdocs/Project_SIMRS/mediscare/vendor/laravel/framework/src/Illuminate/Foundation/Http/Middleware/VerifyCsrfToken.php(88): Illuminate/Pipeline/Pipeline->{closure:{closure:Illuminate/Pipeline/Pipeline::carry():184}:185}()
#29 C:/xampp5/htdocs/Project_SIMRS/mediscare/vendor/laravel/framework/src/Illuminate/Pipeline/Pipeline.php(209): Illuminate/Foundation/Http/Middleware/VerifyCsrfToken->handle()
#30 C:/xampp5/htdocs/Project_SIMRS/mediscare/vendor/laravel/framework/src/Illuminate/View/Middleware/ShareErrorsFromSession.php(49): Illuminate/Pipeline/Pipeline->{closure:{closure:Illuminate/Pipeline/Pipeline::carry():184}:185}()
#31 C:/xampp5/htdocs/Project_SIMRS/mediscare/vendor/laravel/framework/src/Illuminate/Pipeline/Pipeline.php(209): Illuminate/View/Middleware/ShareErrorsFromSession->handle()
#32 C:/xampp5/htdocs/Project_SIMRS/mediscare/vendor/laravel/framework/src/Illuminate/Session/Middleware/StartSession.php(121): Illuminate/Pipeline/Pipeline->{closure:{closure:Illuminate/Pipeline/Pipeline::carry():184}:185}()
#33 C:/xampp5/htdocs/Project_SIMRS/mediscare/vendor/laravel/framework/src/Illuminate/Session/Middleware/StartSession.php(64): Illuminate/Session/Middleware/StartSession->handleStatefulRequest()
#34 C:/xampp5/htdocs/Project_SIMRS/mediscare/vendor/laravel/framework/src/Illuminate/Pipeline/Pipeline.php(209): Illuminate/Session/Middleware/StartSession->handle()
#35 C:/xampp5/htdocs/Project_SIMRS/mediscare/vendor/laravel/framework/src/Illuminate/Cookie/Middleware/AddQueuedCookiesToResponse.php(37): Illuminate/Pipeline/Pipeline->{closure:{closure:Illuminate/Pipeline/Pipeline::carry():184}:185}()
#36 C:/xampp5/htdocs/Project_SIMRS/mediscare/vendor/laravel/framework/src/Illuminate/Pipeline/Pipeline.php(209): Illuminate/Cookie/Middleware/AddQueuedCookiesToResponse->handle()
#37 C:/xampp5/htdocs/Project_SIMRS/mediscare/vendor/laravel/framework/src/Illuminate/Cookie/Middleware/EncryptCookies.php(75): Illuminate/Pipeline/Pipeline->{closure:{closure:Illuminate/Pipeline/Pipeline::carry():184}:185}()
#38 C:/xampp5/htdocs/Project_SIMRS/mediscare/vendor/laravel/framework/src/Illuminate/Pipeline/Pipeline.php(209): Illuminate/Cookie/Middleware/EncryptCookies->handle()
#39 C:/xampp5/htdocs/Project_SIMRS/mediscare/vendor/laravel/framework/src/Illuminate/Pipeline/Pipeline.php(127): Illuminate/Pipeline/Pipeline->{closure:{closure:Illuminate/Pipeline/Pipeline::carry():184}:185}()
#40 C:/xampp5/htdocs/Project_SIMRS/mediscare/vendor/laravel/framework/src/Illuminate/Routing/Router.php(807): Illuminate/Pipeline/Pipeline->then()
#41 C:/xampp5/htdocs/Project_SIMRS/mediscare/vendor/laravel/framework/src/Illuminate/Routing/Router.php(786): Illuminate/Routing/Router->runRouteWithinStack()
#42 C:/xampp5/htdocs/Project_SIMRS/mediscare/vendor/laravel/framework/src/Illuminate/Routing/Router.php(750): Illuminate/Routing/Router->runRoute()
#43 C:/xampp5/htdocs/Project_SIMRS/mediscare/vendor/laravel/framework/src/Illuminate/Routing/Router.php(739): Illuminate/Routing/Router->dispatchToRoute()
#44 C:/xampp5/htdocs/Project_SIMRS/mediscare/vendor/laravel/framework/src/Illuminate/Foundation/Http/Kernel.php(201): Illuminate/Routing/Router->dispatch()
#45 C:/xampp5/htdocs/Project_SIMRS/mediscare/vendor/laravel/framework/src/Illuminate/Pipeline/Pipeline.php(170): Illuminate/Foundation/Http/Kernel->{closure:Illuminate/Foundation/Http/Kernel::dispatchToRouter():198}()
#46 C:/xampp5/htdocs/Project_SIMRS/mediscare/vendor/laravel/framework/src/Illuminate/Foundation/Http/Middleware/TransformsRequest.php(21): Illuminate/Pipeline/Pipeline->{closure:Illuminate/Pipeline/Pipeline::prepareDestination():168}()
#47 C:/xampp5/htdocs/Project_SIMRS/mediscare/vendor/laravel/framework/src/Illuminate/Foundation/Http/Middleware/ConvertEmptyStringsToNull.php(31): Illuminate/Foundation/Http/Middleware/TransformsRequest->handle()
#48 C:/xampp5/htdocs/Project_SIMRS/mediscare/vendor/laravel/framework/src/Illuminate/Pipeline/Pipeline.php(209): Illuminate/Foundation/Http/Middleware/ConvertEmptyStringsToNull->handle()
#49 C:/xampp5/htdocs/Project_SIMRS/mediscare/vendor/laravel/framework/src/Illuminate/Foundation/Http/Middleware/TransformsRequest.php(21): Illuminate/Pipeline/Pipeline->{closure:{closure:Illuminate/Pipeline/Pipeline::carry():184}:185}()
#50 C:/xampp5/htdocs/Project_SIMRS/mediscare/vendor/laravel/framework/src/Illuminate/Foundation/Http/Middleware/TrimStrings.php(51): Illuminate/Foundation/Http/Middleware/TransformsRequest->handle()
#51 C:/xampp5/htdocs/Project_SIMRS/mediscare/vendor/laravel/framework/src/Illuminate/Pipeline/Pipeline.php(209): Illuminate/Foundation/Http/Middleware/TrimStrings->handle()
#52 C:/xampp5/htdocs/Project_SIMRS/mediscare/vendor/laravel/framework/src/Illuminate/Http/Middleware/ValidatePostSize.php(27): Illuminate/Pipeline/Pipeline->{closure:{closure:Illuminate/Pipeline/Pipeline::carry():184}:185}()
#53 C:/xampp5/htdocs/Project_SIMRS/mediscare/vendor/laravel/framework/src/Illuminate/Pipeline/Pipeline.php(209): Illuminate/Http/Middleware/ValidatePostSize->handle()
#54 C:/xampp5/htdocs/Project_SIMRS/mediscare/vendor/laravel/framework/src/Illuminate/Foundation/Http/Middleware/PreventRequestsDuringMaintenance.php(110): Illuminate/Pipeline/Pipeline->{closure:{closure:Illuminate/Pipeline/Pipeline::carry():184}:185}()
#55 C:/xampp5/htdocs/Project_SIMRS/mediscare/vendor/laravel/framework/src/Illuminate/Pipeline/Pipeline.php(209): Illuminate/Foundation/Http/Middleware/PreventRequestsDuringMaintenance->handle()
#56 C:/xampp5/htdocs/Project_SIMRS/mediscare/vendor/laravel/framework/src/Illuminate/Http/Middleware/HandleCors.php(49): Illuminate/Pipeline/Pipeline->{closure:{closure:Illuminate/Pipeline/Pipeline::carry():184}:185}()
#57 C:/xampp5/htdocs/Project_SIMRS/mediscare/vendor/laravel/framework/src/Illuminate/Pipeline/Pipeline.php(209): Illuminate/Http/Middleware/HandleCors->handle()
#58 C:/xampp5/htdocs/Project_SIMRS/mediscare/vendor/laravel/framework/src/Illuminate/Http/Middleware/TrustProxies.php(58): Illuminate/Pipeline/Pipeline->{closure:{closure:Illuminate/Pipeline/Pipeline::carry():184}:185}()
#59 C:/xampp5/htdocs/Project_SIMRS/mediscare/vendor/laravel/framework/src/Illuminate/Pipeline/Pipeline.php(209): Illuminate/Http/Middleware/TrustProxies->handle()
#60 C:/xampp5/htdocs/Project_SIMRS/mediscare/vendor/laravel/framework/src/Illuminate/Foundation/Http/Middleware/InvokeDeferredCallbacks.php(22): Illuminate/Pipeline/Pipeline->{closure:{closure:Illuminate/Pipeline/Pipeline::carry():184}:185}()
#61 C:/xampp5/htdocs/Project_SIMRS/mediscare/vendor/laravel/framework/src/Illuminate/Pipeline/Pipeline.php(209): Illuminate/Foundation/Http/Middleware/InvokeDeferredCallbacks->handle()
#62 C:/xampp5/htdocs/Project_SIMRS/mediscare/vendor/laravel/framework/src/Illuminate/Pipeline/Pipeline.php(127): Illuminate/Pipeline/Pipeline->{closure:{closure:Illuminate/Pipeline/Pipeline::carry():184}:185}()
#63 C:/xampp5/htdocs/Project_SIMRS/mediscare/vendor/laravel/framework/src/Illuminate/Foundation/Http/Kernel.php(176): Illuminate/Pipeline/Pipeline->then()
#64 C:/xampp5/htdocs/Project_SIMRS/mediscare/vendor/laravel/framework/src/Illuminate/Foundation/Http/Kernel.php(145): Illuminate/Foundation/Http/Kernel->sendRequestThroughRouter()
#65 C:/xampp5/htdocs/Project_SIMRS/mediscare/vendor/laravel/framework/src/Illuminate/Foundation/Application.php(1220): Illuminate/Foundation/Http/Kernel->handle()
#66 C:/xampp5/htdocs/Project_SIMRS/mediscare/public/index.php(17): Illuminate/Foundation/Application->handleRequest()
#67 C:/xampp5/htdocs/Project_SIMRS/mediscare/vendor/laravel/framework/src/Illuminate/Foundation/resources/server.php(23): require_once('...')
#68 {main}
"} 
[2026-09-11 15:41:45] local.ERROR: Method Illuminate\Database\Eloquent\Collection::getQuery does not exist. {"userId":1,"exception":"[object] (BadMethodCallException(code: 0): Method Illuminate\\Database\\Eloquent\\Collection::getQuery does not exist. at C:/xampp5/htdocs/Project_SIMRS/mediscare/vendor/laravel/framework/src/Illuminate/Macroable/Traits/Macroable.php:115)
[stacktrace]
#0 C:/xampp5/htdocs/Project_SIMRS/mediscare/vendor/laravel/framework/src/Illuminate/Support/Traits/ForwardsCalls.php(23): Illuminate/Support/Collection->__call()
#1 C:/xampp5/htdocs/Project_SIMRS/mediscare/vendor/laravel/framework/src/Illuminate/Pagination/AbstractPaginator.php(790): Illuminate/Pagination/AbstractPaginator->forwardCallTo()
#2 C:/xampp5/htdocs/Project_SIMRS/mediscare/app/Http/Controllers/Web/ReportController.php(80): Illuminate/Pagination/AbstractPaginator->__call()
#3 C:/xampp5/htdocs/Project_SIMRS/mediscare/vendor/laravel/framework/src/Illuminate/Routing/ControllerDispatcher.php(47): App/Http/Controllers/Web/ReportController->revenue()
#4 C:/xampp5/htdocs/Project_SIMRS/mediscare/vendor/laravel/framework/src/Illuminate/Routing/Route.php(266): Illuminate/Routing/ControllerDispatcher->dispatch()
#5 C:/xampp5/htdocs/Project_SIMRS/mediscare/vendor/laravel/framework/src/Illuminate/Routing/Route.php(212): Illuminate/Routing/Route->runController()
#6 C:/xampp5/htdocs/Project_SIMRS/mediscare/vendor/laravel/framework/src/Illuminate/Routing/Router.php(808): Illuminate/Routing/Route->run()
#7 C:/xampp5/htdocs/Project_SIMRS/mediscare/vendor/laravel/framework/src/Illuminate/Pipeline/Pipeline.php(170): Illuminate/Routing/Router->{closure:Illuminate/Routing/Router::runRouteWithinStack():807}()
#8 C:/xampp5/htdocs/Project_SIMRS/mediscare/app/Http/Middleware/EnsureSessionIsFresh.php(31): Illuminate/Pipeline/Pipeline->{closure:Illuminate/Pipeline/Pipeline::prepareDestination():168}()
#9 C:/xampp5/htdocs/Project_SIMRS/mediscare/vendor/laravel/framework/src/Illuminate/Pipeline/Pipeline.php(209): App/Http/Middleware/EnsureSessionIsFresh->handle()
#10 C:/xampp5/htdocs/Project_SIMRS/mediscare/vendor/laravel/framework/src/Illuminate/Routing/Middleware/SubstituteBindings.php(51): Illuminate/Pipeline/Pipeline->{closure:{closure:Illuminate/Pipeline/Pipeline::carry():184}:185}()
#11 C:/xampp5/htdocs/Project_SIMRS/mediscare/vendor/laravel/framework/src/Illuminate/Pipeline/Pipeline.php(209): Illuminate/Routing/Middleware/SubstituteBindings->handle()
#12 C:/xampp5/htdocs/Project_SIMRS/mediscare/vendor/laravel/framework/src/Illuminate/Auth/Middleware/Authenticate.php(64): Illuminate/Pipeline/Pipeline->{closure:{closure:Illuminate/Pipeline/Pipeline::carry():184}:185}()
#13 C:/xampp5/htdocs/Project_SIMRS/mediscare/vendor/laravel/framework/src/Illuminate/Pipeline/Pipeline.php(209): Illuminate/Auth/Middleware/Authenticate->handle()
#14 C:/xampp5/htdocs/Project_SIMRS/mediscare/vendor/laravel/framework/src/Illuminate/Foundation/Http/Middleware/VerifyCsrfToken.php(88): Illuminate/Pipeline/Pipeline->{closure:{closure:Illuminate/Pipeline/Pipeline::carry():184}:185}()
#15 C:/xampp5/htdocs/Project_SIMRS/mediscare/vendor/laravel/framework/src/Illuminate/Pipeline/Pipeline.php(209): Illuminate/Foundation/Http/Middleware/VerifyCsrfToken->handle()
#16 C:/xampp5/htdocs/Project_SIMRS/mediscare/vendor/laravel/framework/src/Illuminate/View/Middleware/ShareErrorsFromSession.php(49): Illuminate/Pipeline/Pipeline->{closure:{closure:Illuminate/Pipeline/Pipeline::carry():184}:185}()
#17 C:/xampp5/htdocs/Project_SIMRS/mediscare/vendor/laravel/framework/src/Illuminate/Pipeline/Pipeline.php(209): Illuminate/View/Middleware/ShareErrorsFromSession->handle()
#18 C:/xampp5/htdocs/Project_SIMRS/mediscare/vendor/laravel/framework/src/Illuminate/Session/Middleware/StartSession.php(121): Illuminate/Pipeline/Pipeline->{closure:{closure:Illuminate/Pipeline/Pipeline::carry():184}:185}()
#19 C:/xampp5/htdocs/Project_SIMRS/mediscare/vendor/laravel/framework/src/Illuminate/Session/Middleware/StartSession.php(64): Illuminate/Session/Middleware/StartSession->handleStatefulRequest()
#20 C:/xampp5/htdocs/Project_SIMRS/mediscare/vendor/laravel/framework/src/Illuminate/Pipeline/Pipeline.php(209): Illuminate/Session/Middleware/StartSession->handle()
#21 C:/xampp5/htdocs/Project_SIMRS/mediscare/vendor/laravel/framework/src/Illuminate/Cookie/Middleware/AddQueuedCookiesToResponse.php(37): Illuminate/Pipeline/Pipeline->{closure:{closure:Illuminate/Pipeline/Pipeline::carry():184}:185}()
#22 C:/xampp5/htdocs/Project_SIMRS/mediscare/vendor/laravel/framework/src/Illuminate/Pipeline/Pipeline.php(209): Illuminate/Cookie/Middleware/AddQueuedCookiesToResponse->handle()
#23 C:/xampp5/htdocs/Project_SIMRS/mediscare/vendor/laravel/framework/src/Illuminate/Cookie/Middleware/EncryptCookies.php(75): Illuminate/Pipeline/Pipeline->{closure:{closure:Illuminate/Pipeline/Pipeline::carry():184}:185}()
#24 C:/xampp5/htdocs/Project_SIMRS/mediscare/vendor/laravel/framework/src/Illuminate/Pipeline/Pipeline.php(209): Illuminate/Cookie/Middleware/EncryptCookies->handle()
#25 C:/xampp5/htdocs/Project_SIMRS/mediscare/vendor/laravel/framework/src/Illuminate/Pipeline/Pipeline.php(127): Illuminate/Pipeline/Pipeline->{closure:{closure:Illuminate/Pipeline/Pipeline::carry():184}:185}()
#26 C:/xampp5/htdocs/Project_SIMRS/mediscare/vendor/laravel/framework/src/Illuminate/Routing/Router.php(807): Illuminate/Pipeline/Pipeline->then()
#27 C:/xampp5/htdocs/Project_SIMRS/mediscare/vendor/laravel/framework/src/Illuminate/Routing/Router.php(786): Illuminate/Routing/Router->runRouteWithinStack()
#28 C:/xampp5/htdocs/Project_SIMRS/mediscare/vendor/laravel/framework/src/Illuminate/Routing/Router.php(750): Illuminate/Routing/Router->runRoute()
#29 C:/xampp5/htdocs/Project_SIMRS/mediscare/vendor/laravel/framework/src/Illuminate/Routing/Router.php(739): Illuminate/Routing/Router->dispatchToRoute()
#30 C:/xampp5/htdocs/Project_SIMRS/mediscare/vendor/laravel/framework/src/Illuminate/Foundation/Http/Kernel.php(201): Illuminate/Routing/Router->dispatch()
#31 C:/xampp5/htdocs/Project_SIMRS/mediscare/vendor/laravel/framework/src/Illuminate/Pipeline/Pipeline.php(170): Illuminate/Foundation/Http/Kernel->{closure:Illuminate/Foundation/Http/Kernel::dispatchToRouter():198}()
#32 C:/xampp5/htdocs/Project_SIMRS/mediscare/vendor/laravel/framework/src/Illuminate/Foundation/Http/Middleware/TransformsRequest.php(21): Illuminate/Pipeline/Pipeline->{closure:Illuminate/Pipeline/Pipeline::prepareDestination():168}()
#33 C:/xampp5/htdocs/Project_SIMRS/mediscare/vendor/laravel/framework/src/Illuminate/Foundation/Http/Middleware/ConvertEmptyStringsToNull.php(31): Illuminate/Foundation/Http/Middleware/TransformsRequest->handle()
#34 C:/xampp5/htdocs/Project_SIMRS/mediscare/vendor/laravel/framework/src/Illuminate/Pipeline/Pipeline.php(209): Illuminate/Foundation/Http/Middleware/ConvertEmptyStringsToNull->handle()
#35 C:/xampp5/htdocs/Project_SIMRS/mediscare/vendor/laravel/framework/src/Illuminate/Foundation/Http/Middleware/TransformsRequest.php(21): Illuminate/Pipeline/Pipeline->{closure:{closure:Illuminate/Pipeline/Pipeline::carry():184}:185}()
#36 C:/xampp5/htdocs/Project_SIMRS/mediscare/vendor/laravel/framework/src/Illuminate/Foundation/Http/Middleware/TrimStrings.php(51): Illuminate/Foundation/Http/Middleware/TransformsRequest->handle()
#37 C:/xampp5/htdocs/Project_SIMRS/mediscare/vendor/laravel/framework/src/Illuminate/Pipeline/Pipeline.php(209): Illuminate/Foundation/Http/Middleware/TrimStrings->handle()
#38 C:/xampp5/htdocs/Project_SIMRS/mediscare/vendor/laravel/framework/src/Illuminate/Http/Middleware/ValidatePostSize.php(27): Illuminate/Pipeline/Pipeline->{closure:{closure:Illuminate/Pipeline/Pipeline::carry():184}:185}()
#39 C:/xampp5/htdocs/Project_SIMRS/mediscare/vendor/laravel/framework/src/Illuminate/Pipeline/Pipeline.php(209): Illuminate/Http/Middleware/ValidatePostSize->handle()
#40 C:/xampp5/htdocs/Project_SIMRS/mediscare/vendor/laravel/framework/src/Illuminate/Foundation/Http/Middleware/PreventRequestsDuringMaintenance.php(110): Illuminate/Pipeline/Pipeline->{closure:{closure:Illuminate/Pipeline/Pipeline::carry():184}:185}()
#41 C:/xampp5/htdocs/Project_SIMRS/mediscare/vendor/laravel/framework/src/Illuminate/Pipeline/Pipeline.php(209): Illuminate/Foundation/Http/Middleware/PreventRequestsDuringMaintenance->handle()
#42 C:/xampp5/htdocs/Project_SIMRS/mediscare/vendor/laravel/framework/src/Illuminate/Http/Middleware/HandleCors.php(49): Illuminate/Pipeline/Pipeline->{closure:{closure:Illuminate/Pipeline/Pipeline::carry():184}:185}()
#43 C:/xampp5/htdocs/Project_SIMRS/mediscare/vendor/laravel/framework/src/Illuminate/Pipeline/Pipeline.php(209): Illuminate/Http/Middleware/HandleCors->handle()
#44 C:/xampp5/htdocs/Project_SIMRS/mediscare/vendor/laravel/framework/src/Illuminate/Http/Middleware/TrustProxies.php(58): Illuminate/Pipeline/Pipeline->{closure:{closure:Illuminate/Pipeline/Pipeline::carry():184}:185}()
#45 C:/xampp5/htdocs/Project_SIMRS/mediscare/vendor/laravel/framework/src/Illuminate/Pipeline/Pipeline.php(209): Illuminate/Http/Middleware/TrustProxies->handle()
#46 C:/xampp5/htdocs/Project_SIMRS/mediscare/vendor/laravel/framework/src/Illuminate/Foundation/Http/Middleware/InvokeDeferredCallbacks.php(22): Illuminate/Pipeline/Pipeline->{closure:{closure:Illuminate/Pipeline/Pipeline::carry():184}:185}()
#47 C:/xampp5/htdocs/Project_SIMRS/mediscare/vendor/laravel/framework/src/Illuminate/Pipeline/Pipeline.php(209): Illuminate/Foundation/Http/Middleware/InvokeDeferredCallbacks->handle()
#48 C:/xampp5/htdocs/Project_SIMRS/mediscare/vendor/laravel/framework/src/Illuminate/Pipeline/Pipeline.php(127): Illuminate/Pipeline/Pipeline->{closure:{closure:Illuminate/Pipeline/Pipeline::carry():184}:185}()
#49 C:/xampp5/htdocs/Project_SIMRS/mediscare/vendor/laravel/framework/src/Illuminate/Foundation/Http/Kernel.php(176): Illuminate/Pipeline/Pipeline->then()
#50 C:/xampp5/htdocs/Project_SIMRS/mediscare/vendor/laravel/framework/src/Illuminate/Foundation/Http/Kernel.php(145): Illuminate/Foundation/Http/Kernel->sendRequestThroughRouter()
#51 C:/xampp5/htdocs/Project_SIMRS/mediscare/vendor/laravel/framework/src/Illuminate/Foundation/Application.php(1220): Illuminate/Foundation/Http/Kernel->handle()
#52 C:/xampp5/htdocs/Project_SIMRS/mediscare/public/index.php(17): Illuminate/Foundation/Application->handleRequest()
#53 C:/xampp5/htdocs/Project_SIMRS/mediscare/vendor/laravel/framework/src/Illuminate/Foundation/resources/server.php(23): require_once('...')
#54 {main}
"} 
[2026-09-11 15:50:18] local.ERROR: Method Illuminate\Database\Eloquent\Collection::getQuery does not exist. {"userId":1,"exception":"[object] (BadMethodCallException(code: 0): Method Illuminate\\Database\\Eloquent\\Collection::getQuery does not exist. at C:/xampp5/htdocs/Project_SIMRS/mediscare/vendor/laravel/framework/src/Illuminate/Macroable/Traits/Macroable.php:115)
[stacktrace]
#0 C:/xampp5/htdocs/Project_SIMRS/mediscare/vendor/laravel/framework/src/Illuminate/Support/Traits/ForwardsCalls.php(23): Illuminate/Support/Collection->__call()
#1 C:/xampp5/htdocs/Project_SIMRS/mediscare/vendor/laravel/framework/src/Illuminate/Pagination/AbstractPaginator.php(790): Illuminate/Pagination/AbstractPaginator->forwardCallTo()
#2 C:/xampp5/htdocs/Project_SIMRS/mediscare/app/Http/Controllers/Web/ReportController.php(80): Illuminate/Pagination/AbstractPaginator->__call()
#3 C:/xampp5/htdocs/Project_SIMRS/mediscare/vendor/laravel/framework/src/Illuminate/Routing/ControllerDispatcher.php(47): App/Http/Controllers/Web/ReportController->revenue()
#4 C:/xampp5/htdocs/Project_SIMRS/mediscare/vendor/laravel/framework/src/Illuminate/Routing/Route.php(266): Illuminate/Routing/ControllerDispatcher->dispatch()
#5 C:/xampp5/htdocs/Project_SIMRS/mediscare/vendor/laravel/framework/src/Illuminate/Routing/Route.php(212): Illuminate/Routing/Route->runController()
#6 C:/xampp5/htdocs/Project_SIMRS/mediscare/vendor/laravel/framework/src/Illuminate/Routing/Router.php(808): Illuminate/Routing/Route->run()
#7 C:/xampp5/htdocs/Project_SIMRS/mediscare/vendor/laravel/framework/src/Illuminate/Pipeline/Pipeline.php(170): Illuminate/Routing/Router->{closure:Illuminate/Routing/Router::runRouteWithinStack():807}()
#8 C:/xampp5/htdocs/Project_SIMRS/mediscare/app/Http/Middleware/EnsureSessionIsFresh.php(31): Illuminate/Pipeline/Pipeline->{closure:Illuminate/Pipeline/Pipeline::prepareDestination():168}()
#9 C:/xampp5/htdocs/Project_SIMRS/mediscare/vendor/laravel/framework/src/Illuminate/Pipeline/Pipeline.php(209): App/Http/Middleware/EnsureSessionIsFresh->handle()
#10 C:/xampp5/htdocs/Project_SIMRS/mediscare/vendor/laravel/framework/src/Illuminate/Routing/Middleware/SubstituteBindings.php(51): Illuminate/Pipeline/Pipeline->{closure:{closure:Illuminate/Pipeline/Pipeline::carry():184}:185}()
#11 C:/xampp5/htdocs/Project_SIMRS/mediscare/vendor/laravel/framework/src/Illuminate/Pipeline/Pipeline.php(209): Illuminate/Routing/Middleware/SubstituteBindings->handle()
#12 C:/xampp5/htdocs/Project_SIMRS/mediscare/vendor/laravel/framework/src/Illuminate/Auth/Middleware/Authenticate.php(64): Illuminate/Pipeline/Pipeline->{closure:{closure:Illuminate/Pipeline/Pipeline::carry():184}:185}()
#13 C:/xampp5/htdocs/Project_SIMRS/mediscare/vendor/laravel/framework/src/Illuminate/Pipeline/Pipeline.php(209): Illuminate/Auth/Middleware/Authenticate->handle()
#14 C:/xampp5/htdocs/Project_SIMRS/mediscare/vendor/laravel/framework/src/Illuminate/Foundation/Http/Middleware/VerifyCsrfToken.php(88): Illuminate/Pipeline/Pipeline->{closure:{closure:Illuminate/Pipeline/Pipeline::carry():184}:185}()
#15 C:/xampp5/htdocs/Project_SIMRS/mediscare/vendor/laravel/framework/src/Illuminate/Pipeline/Pipeline.php(209): Illuminate/Foundation/Http/Middleware/VerifyCsrfToken->handle()
#16 C:/xampp5/htdocs/Project_SIMRS/mediscare/vendor/laravel/framework/src/Illuminate/View/Middleware/ShareErrorsFromSession.php(49): Illuminate/Pipeline/Pipeline->{closure:{closure:Illuminate/Pipeline/Pipeline::carry():184}:185}()
#17 C:/xampp5/htdocs/Project_SIMRS/mediscare/vendor/laravel/framework/src/Illuminate/Pipeline/Pipeline.php(209): Illuminate/View/Middleware/ShareErrorsFromSession->handle()
#18 C:/xampp5/htdocs/Project_SIMRS/mediscare/vendor/laravel/framework/src/Illuminate/Session/Middleware/StartSession.php(121): Illuminate/Pipeline/Pipeline->{closure:{closure:Illuminate/Pipeline/Pipeline::carry():184}:185}()
#19 C:/xampp5/htdocs/Project_SIMRS/mediscare/vendor/laravel/framework/src/Illuminate/Session/Middleware/StartSession.php(64): Illuminate/Session/Middleware/StartSession->handleStatefulRequest()
#20 C:/xampp5/htdocs/Project_SIMRS/mediscare/vendor/laravel/framework/src/Illuminate/Pipeline/Pipeline.php(209): Illuminate/Session/Middleware/StartSession->handle()
#21 C:/xampp5/htdocs/Project_SIMRS/mediscare/vendor/laravel/framework/src/Illuminate/Cookie/Middleware/AddQueuedCookiesToResponse.php(37): Illuminate/Pipeline/Pipeline->{closure:{closure:Illuminate/Pipeline/Pipeline::carry():184}:185}()
#22 C:/xampp5/htdocs/Project_SIMRS/mediscare/vendor/laravel/framework/src/Illuminate/Pipeline/Pipeline.php(209): Illuminate/Cookie/Middleware/AddQueuedCookiesToResponse->handle()
#23 C:/xampp5/htdocs/Project_SIMRS/mediscare/vendor/laravel/framework/src/Illuminate/Cookie/Middleware/EncryptCookies.php(75): Illuminate/Pipeline/Pipeline->{closure:{closure:Illuminate/Pipeline/Pipeline::carry():184}:185}()
#24 C:/xampp5/htdocs/Project_SIMRS/mediscare/vendor/laravel/framework/src/Illuminate/Pipeline/Pipeline.php(209): Illuminate/Cookie/Middleware/EncryptCookies->handle()
#25 C:/xampp5/htdocs/Project_SIMRS/mediscare/vendor/laravel/framework/src/Illuminate/Pipeline/Pipeline.php(127): Illuminate/Pipeline/Pipeline->{closure:{closure:Illuminate/Pipeline/Pipeline::carry():184}:185}()
#26 C:/xampp5/htdocs/Project_SIMRS/mediscare/vendor/laravel/framework/src/Illuminate/Routing/Router.php(807): Illuminate/Pipeline/Pipeline->then()
#27 C:/xampp5/htdocs/Project_SIMRS/mediscare/vendor/laravel/framework/src/Illuminate/Routing/Router.php(786): Illuminate/Routing/Router->runRouteWithinStack()
#28 C:/xampp5/htdocs/Project_SIMRS/mediscare/vendor/laravel/framework/src/Illuminate/Routing/Router.php(750): Illuminate/Routing/Router->runRoute()
#29 C:/xampp5/htdocs/Project_SIMRS/mediscare/vendor/laravel/framework/src/Illuminate/Routing/Router.php(739): Illuminate/Routing/Router->dispatchToRoute()
#30 C:/xampp5/htdocs/Project_SIMRS/mediscare/vendor/laravel/framework/src/Illuminate/Foundation/Http/Kernel.php(201): Illuminate/Routing/Router->dispatch()
#31 C:/xampp5/htdocs/Project_SIMRS/mediscare/vendor/laravel/framework/src/Illuminate/Pipeline/Pipeline.php(170): Illuminate/Foundation/Http/Kernel->{closure:Illuminate/Foundation/Http/Kernel::dispatchToRouter():198}()
#32 C:/xampp5/htdocs/Project_SIMRS/mediscare/vendor/laravel/framework/src/Illuminate/Foundation/Http/Middleware/TransformsRequest.php(21): Illuminate/Pipeline/Pipeline->{closure:Illuminate/Pipeline/Pipeline::prepareDestination():168}()
#33 C:/xampp5/htdocs/Project_SIMRS/mediscare/vendor/laravel/framework/src/Illuminate/Foundation/Http/Middleware/ConvertEmptyStringsToNull.php(31): Illuminate/Foundation/Http/Middleware/TransformsRequest->handle()
#34 C:/xampp5/htdocs/Project_SIMRS/mediscare/vendor/laravel/framework/src/Illuminate/Pipeline/Pipeline.php(209): Illuminate/Foundation/Http/Middleware/ConvertEmptyStringsToNull->handle()
#35 C:/xampp5/htdocs/Project_SIMRS/mediscare/vendor/laravel/framework/src/Illuminate/Foundation/Http/Middleware/TransformsRequest.php(21): Illuminate/Pipeline/Pipeline->{closure:{closure:Illuminate/Pipeline/Pipeline::carry():184}:185}()
#36 C:/xampp5/htdocs/Project_SIMRS/mediscare/vendor/laravel/framework/src/Illuminate/Foundation/Http/Middleware/TrimStrings.php(51): Illuminate/Foundation/Http/Middleware/TransformsRequest->handle()
#37 C:/xampp5/htdocs/Project_SIMRS/mediscare/vendor/laravel/framework/src/Illuminate/Pipeline/Pipeline.php(209): Illuminate/Foundation/Http/Middleware/TrimStrings->handle()
#38 C:/xampp5/htdocs/Project_SIMRS/mediscare/vendor/laravel/framework/src/Illuminate/Http/Middleware/ValidatePostSize.php(27): Illuminate/Pipeline/Pipeline->{closure:{closure:Illuminate/Pipeline/Pipeline::carry():184}:185}()
#39 C:/xampp5/htdocs/Project_SIMRS/mediscare/vendor/laravel/framework/src/Illuminate/Pipeline/Pipeline.php(209): Illuminate/Http/Middleware/ValidatePostSize->handle()
#40 C:/xampp5/htdocs/Project_SIMRS/mediscare/vendor/laravel/framework/src/Illuminate/Foundation/Http/Middleware/PreventRequestsDuringMaintenance.php(110): Illuminate/Pipeline/Pipeline->{closure:{closure:Illuminate/Pipeline/Pipeline::carry():184}:185}()
#41 C:/xampp5/htdocs/Project_SIMRS/mediscare/vendor/laravel/framework/src/Illuminate/Pipeline/Pipeline.php(209): Illuminate/Foundation/Http/Middleware/PreventRequestsDuringMaintenance->handle()
#42 C:/xampp5/htdocs/Project_SIMRS/mediscare/vendor/laravel/framework/src/Illuminate/Http/Middleware/HandleCors.php(49): Illuminate/Pipeline/Pipeline->{closure:{closure:Illuminate/Pipeline/Pipeline::carry():184}:185}()
#43 C:/xampp5/htdocs/Project_SIMRS/mediscare/vendor/laravel/framework/src/Illuminate/Pipeline/Pipeline.php(209): Illuminate/Http/Middleware/HandleCors->handle()
#44 C:/xampp5/htdocs/Project_SIMRS/mediscare/vendor/laravel/framework/src/Illuminate/Http/Middleware/TrustProxies.php(58): Illuminate/Pipeline/Pipeline->{closure:{closure:Illuminate/Pipeline/Pipeline::carry():184}:185}()
#45 C:/xampp5/htdocs/Project_SIMRS/mediscare/vendor/laravel/framework/src/Illuminate/Pipeline/Pipeline.php(209): Illuminate/Http/Middleware/TrustProxies->handle()
#46 C:/xampp5/htdocs/Project_SIMRS/mediscare/vendor/laravel/framework/src/Illuminate/Foundation/Http/Middleware/InvokeDeferredCallbacks.php(22): Illuminate/Pipeline/Pipeline->{closure:{closure:Illuminate/Pipeline/Pipeline::carry():184}:185}()
#47 C:/xampp5/htdocs/Project_SIMRS/mediscare/vendor/laravel/framework/src/Illuminate/Pipeline/Pipeline.php(209): Illuminate/Foundation/Http/Middleware/InvokeDeferredCallbacks->handle()
#48 C:/xampp5/htdocs/Project_SIMRS/mediscare/vendor/laravel/framework/src/Illuminate/Pipeline/Pipeline.php(127): Illuminate/Pipeline/Pipeline->{closure:{closure:Illuminate/Pipeline/Pipeline::carry():184}:185}()
#49 C:/xampp5/htdocs/Project_SIMRS/mediscare/vendor/laravel/framework/src/Illuminate/Foundation/Http/Kernel.php(176): Illuminate/Pipeline/Pipeline->then()
#50 C:/xampp5/htdocs/Project_SIMRS/mediscare/vendor/laravel/framework/src/Illuminate/Foundation/Http/Kernel.php(145): Illuminate/Foundation/Http/Kernel->sendRequestThroughRouter()
#51 C:/xampp5/htdocs/Project_SIMRS/mediscare/vendor/laravel/framework/src/Illuminate/Foundation/Application.php(1220): Illuminate/Foundation/Http/Kernel->handle()
#52 C:/xampp5/htdocs/Project_SIMRS/mediscare/public/index.php(17): Illuminate/Foundation/Application->handleRequest()
#53 C:/xampp5/htdocs/Project_SIMRS/mediscare/vendor/laravel/framework/src/Illuminate/Foundation/resources/server.php(23): require_once('...')
#54 {main}
"} 
